{"type":"FeatureCollection","name":"madrid_barrios_131","features":[{"type":"Feature","properties":{"CODDIS":"1","NOMDIS":"Centro","COD_BAR":"011","NOMBRE":"Palacio","COD_DIS_TX":"01","BARRIO_MAY":"PALACIO","COD_DISBAR":"11","NUM_BAR":"1","BARRIO_MT":"PALACIO","COD_DISB":"1-1","AREA":1469905.93262},"geometry":{"type":"Polygon","coordinates":[[[-3.70592848,40.42028803],[-3.70633849,40.42017802],[-3.70811854,40.42023802],[-3.70791853,40.41986801],[-3.70800854,40.41962801],[-3.70814854,40.41916799],[-3.70819854,40.41888798],[-3.70845855,40.41839797],[-3.70847855,40.41835797],[-3.70852855,40.41826796],[-3.70878856,40.41781795],[-3.70858855,40.41778795],[-3.70867855,40.41720793],[-3.70870856,40.41710793],[-3.70872856,40.41701793],[-3.70868855,40.41677792],[-3.70868855,40.41675792],[-3.70863855,40.41636791],[-3.70875856,40.41632791],[-3.70868855,40.4159679],[-3.70881856,40.41557788],[-3.70861855,40.41532788],[-3.70855855,40.41531788],[-3.70848855,40.41531788],[-3.70843855,40.41528787],[-3.70819854,40.41474786],[-3.70803854,40.41452785],[-3.70811854,40.41411784],[-3.70825854,40.41372783],[-3.70772853,40.41358782],[-3.70747852,40.41352782],[-3.70742852,40.41333782],[-3.70753852,40.4127878],[-3.70822854,40.41143776],[-3.70842855,40.41125775],[-3.70847855,40.41116775],[-3.70914857,40.41037773],[-3.71009859,40.40916769],[-3.7102286,40.40901769],[-3.71104862,40.40799765],[-3.71167864,40.40665761],[-3.71204865,40.40674762],[-3.71368869,40.40744764],[-3.71522873,40.40808766],[-3.71676877,40.40870768],[-3.71833881,40.41111775],[-3.7178488,40.41207778],[-3.71693878,40.41391783],[-3.71942884,40.41393783],[-3.71963885,40.41393783],[-3.72049887,40.41394783],[-3.72295894,40.41398784],[-3.72284894,40.41532788],[-3.72237892,40.41716793],[-3.72215892,40.41803796],[-3.72204891,40.41845797],[-3.72183891,40.41857797],[-3.7215089,40.41876798],[-3.72106889,40.41911799],[-3.72069888,40.419468],[-3.72039887,40.41989801],[-3.72029887,40.42006802],[-3.72019886,40.42024802],[-3.72018886,40.42025803],[-3.71805881,40.42028803],[-3.71679877,40.42034803],[-3.71597875,40.42035803],[-3.71550874,40.42040803],[-3.71550874,40.42040803],[-3.7138987,40.42147806],[-3.71338868,40.42181807],[-3.71333868,40.42189807],[-3.71317868,40.42204808],[-3.71304867,40.42217808],[-3.71172864,40.42295811],[-3.71116862,40.42328812],[-3.71091861,40.42341812],[-3.71089861,40.42342812],[-3.71017859,40.42295811],[-3.70793853,40.42154806],[-3.70593848,40.42028803],[-3.70592848,40.42028803]]]}},{"type":"Feature","properties":{"CODDIS":"1","NOMDIS":"Centro","COD_BAR":"012","NOMBRE":"Embajadores","COD_DIS_TX":"01","BARRIO_MAY":"EMBAJADORES","COD_DISBAR":"12","NUM_BAR":"2","BARRIO_MT":"EMBAJADORES","COD_DISB":"1-2","AREA":1033724.48992},"geometry":{"type":"Polygon","coordinates":[[[-3.70392843,40.41430785],[-3.7028584,40.41392783],[-3.70152836,40.41345782],[-3.70001832,40.4128378],[-3.69902829,40.41232779],[-3.69862828,40.41213778],[-3.69680823,40.41119775],[-3.69575821,40.41067774],[-3.69406816,40.40994771],[-3.6919481,40.40908769],[-3.69202811,40.40868768],[-3.6918581,40.40842767],[-3.69256812,40.40800766],[-3.69283813,40.40777765],[-3.69296813,40.40761764],[-3.69296813,40.40761764],[-3.69300813,40.40756764],[-3.69315814,40.40734764],[-3.69319814,40.40719763],[-3.69322814,40.40698762],[-3.69367815,40.40712763],[-3.69384815,40.40725763],[-3.69389816,40.40728763],[-3.69395816,40.40729763],[-3.69409816,40.40727763],[-3.69527819,40.40695762],[-3.6953982,40.40699762],[-3.69785826,40.40634761],[-3.69792826,40.4063276],[-3.6993583,40.40592759],[-3.70005832,40.40573759],[-3.70095835,40.40550758],[-3.70097835,40.40550758],[-3.70252839,40.40507757],[-3.7029684,40.40505757],[-3.70387842,40.40518757],[-3.7064985,40.40566758],[-3.70708851,40.40578759],[-3.70839855,40.4060576],[-3.70952858,40.4062676],[-3.70990859,40.4063176],[-3.71127862,40.40654761],[-3.71166863,40.40664761],[-3.71104862,40.40799765],[-3.7102286,40.40901769],[-3.71009859,40.40916769],[-3.70914857,40.41037773],[-3.70847855,40.41116775],[-3.70842855,40.41125775],[-3.70822854,40.41143776],[-3.70753852,40.4127878],[-3.70742852,40.41333782],[-3.70747852,40.41351782],[-3.70738852,40.41362782],[-3.70633849,40.41395783],[-3.70607848,40.41398784],[-3.70555847,40.41396784],[-3.70492845,40.41392783],[-3.70481845,40.41392783],[-3.70472845,40.41393783],[-3.70461844,40.41397784],[-3.70392843,40.41429785],[-3.70392843,40.41430785]]]}},{"type":"Feature","properties":{"CODDIS":"1","NOMDIS":"Centro","COD_BAR":"013","NOMBRE":"Cortes","COD_DIS_TX":"01","BARRIO_MAY":"CORTES","COD_DISBAR":"13","NUM_BAR":"3","BARRIO_MT":"CORTES","COD_DISB":"1-3","AREA":591874.24433},"geometry":{"type":"Polygon","coordinates":[[[-3.69966831,40.41975801],[-3.69804827,40.419278],[-3.69653823,40.41873798],[-3.6955482,40.41896799],[-3.69429817,40.41919799],[-3.69308813,40.419338],[-3.69296813,40.41888798],[-3.69315814,40.41848797],[-3.69346814,40.41694793],[-3.69358815,40.41634791],[-3.69362815,40.41588789],[-3.69342814,40.41513787],[-3.69318814,40.41403784],[-3.69288813,40.41263779],[-3.69263812,40.41146776],[-3.69235811,40.41019772],[-3.69220811,40.40970771],[-3.6919281,40.40907769],[-3.69406816,40.40994771],[-3.69575821,40.41067774],[-3.69680823,40.41119775],[-3.69862828,40.41213778],[-3.69902829,40.41232779],[-3.70001832,40.4128378],[-3.70152836,40.41345782],[-3.7028584,40.41392783],[-3.70392843,40.41430785],[-3.70343841,40.41470786],[-3.70336841,40.41460785],[-3.70327841,40.41455785],[-3.7031284,40.41452785],[-3.70255839,40.41497787],[-3.70202838,40.41538788],[-3.70136836,40.41585789],[-3.70121835,40.4159579],[-3.70096835,40.4161279],[-3.70076834,40.4162779],[-3.70056834,40.41644791],[-3.70042833,40.41661792],[-3.69988832,40.41742794],[-3.69955831,40.41781795],[-3.6993083,40.41791795],[-3.69957831,40.41854797],[-3.69973831,40.419308],[-3.69967831,40.41977801],[-3.69966831,40.41975801]]]}},{"type":"Feature","properties":{"CODDIS":"1","NOMDIS":"Centro","COD_BAR":"014","NOMBRE":"Justicia","COD_DIS_TX":"01","BARRIO_MAY":"JUSTICIA","COD_DISBAR":"14","NUM_BAR":"4","BARRIO_MT":"JUSTICIA","COD_DISB":"1-4","AREA":739413.492111},"geometry":{"type":"Polygon","coordinates":[[[-3.69308813,40.419338],[-3.69429817,40.41919799],[-3.6955482,40.41896799],[-3.69653823,40.41873798],[-3.69804827,40.419278],[-3.69966831,40.41975801],[-3.69966831,40.41975801],[-3.70034833,40.41991801],[-3.70078834,40.41998802],[-3.70122835,40.42000802],[-3.70157836,40.42001802],[-3.70163836,40.42010802],[-3.70116835,40.42133806],[-3.70096835,40.42189807],[-3.70091835,40.42205808],[-3.70079834,40.42256809],[-3.70068834,40.42305811],[-3.70067834,40.42313811],[-3.70063834,40.42361813],[-3.70064834,40.42380813],[-3.70064834,40.42393814],[-3.70065834,40.42418814],[-3.70073834,40.42490817],[-3.70073834,40.42491817],[-3.70088834,40.42537818],[-3.70115835,40.4260582],[-3.70165837,40.42725824],[-3.70239838,40.42906829],[-3.70194837,40.42897829],[-3.6994083,40.42842827],[-3.69712824,40.42794826],[-3.69575821,40.42764825],[-3.69511819,40.42733824],[-3.69384815,40.42669822],[-3.69138809,40.42547818],[-3.69044806,40.42525818],[-3.69072807,40.42445815],[-3.69131809,40.42313811],[-3.69309813,40.419328],[-3.69308813,40.419338]]]}},{"type":"Feature","properties":{"CODDIS":"1","NOMDIS":"Centro","COD_BAR":"015","NOMBRE":"Universidad","COD_DIS_TX":"01","BARRIO_MAY":"UNIVERSIDAD","COD_DISBAR":"15","NUM_BAR":"5","BARRIO_MT":"UNIVERSIDAD","COD_DISB":"1-5","AREA":948026.383466},"geometry":{"type":"Polygon","coordinates":[[[-3.70239838,40.42906829],[-3.70165837,40.42725824],[-3.70115835,40.4260582],[-3.70088834,40.42537818],[-3.70073834,40.42491817],[-3.70073834,40.42490817],[-3.70065834,40.42418814],[-3.70064834,40.42393814],[-3.70064834,40.42380813],[-3.70063834,40.42361813],[-3.70067834,40.42313811],[-3.70068834,40.42305811],[-3.70079834,40.42256809],[-3.70091835,40.42205808],[-3.70096835,40.42189807],[-3.70116835,40.42133806],[-3.70163836,40.42010802],[-3.70158836,40.42001802],[-3.70483845,40.42026803],[-3.70525846,40.42029803],[-3.70556847,40.42029803],[-3.70592848,40.42028803],[-3.70793853,40.42154806],[-3.71017859,40.42295811],[-3.71089861,40.42343812],[-3.71170864,40.42430815],[-3.71245866,40.42536818],[-3.71317868,40.42641821],[-3.7138987,40.42747824],[-3.7141387,40.42779825],[-3.71453871,40.42833827],[-3.71560874,40.42978831],[-3.71620876,40.43061834],[-3.71623876,40.43066834],[-3.71462871,40.43047833],[-3.71351868,40.43035833],[-3.71185864,40.43018832],[-3.7104986,40.43005832],[-3.70881856,40.42988832],[-3.70770853,40.42978831],[-3.70740852,40.42975831],[-3.70579848,40.42960831],[-3.70364842,40.4292483],[-3.70240839,40.42906829],[-3.70239838,40.42906829]]]}},{"type":"Feature","properties":{"CODDIS":"1","NOMDIS":"Centro","COD_BAR":"016","NOMBRE":"Sol","COD_DIS_TX":"01","BARRIO_MAY":"SOL","COD_DISBAR":"16","NUM_BAR":"8","BARRIO_MT":"SOL","COD_DISB":"1-6","AREA":445300.966286},"geometry":{"type":"Polygon","coordinates":[[[-3.70592848,40.42028803],[-3.70556847,40.42029803],[-3.70525846,40.42029803],[-3.70483845,40.42026803],[-3.70158836,40.42001802],[-3.70122835,40.42000802],[-3.70078834,40.41998802],[-3.70034833,40.41991801],[-3.69966831,40.41975801],[-3.69966831,40.41975801],[-3.69973831,40.419308],[-3.69957831,40.41854797],[-3.6993083,40.41791795],[-3.69955831,40.41781795],[-3.69988832,40.41742794],[-3.70042833,40.41661792],[-3.70056834,40.41644791],[-3.70076834,40.4162779],[-3.70096835,40.4161279],[-3.70121835,40.4159579],[-3.70136836,40.41585789],[-3.70202838,40.41538788],[-3.70255839,40.41497787],[-3.7031284,40.41452785],[-3.70327841,40.41455785],[-3.70336841,40.41460785],[-3.70343841,40.41470786],[-3.70392843,40.41430785],[-3.70461844,40.41397784],[-3.70472845,40.41393783],[-3.70481845,40.41392783],[-3.70492845,40.41392783],[-3.70555847,40.41396784],[-3.70607848,40.41398784],[-3.70633849,40.41395783],[-3.70738852,40.41362782],[-3.70747852,40.41351782],[-3.70772853,40.41358782],[-3.70825854,40.41372783],[-3.70811854,40.41411784],[-3.70803854,40.41452785],[-3.70819854,40.41474786],[-3.70843855,40.41528787],[-3.70848855,40.41531788],[-3.70855855,40.41531788],[-3.70861855,40.41532788],[-3.70881856,40.41557788],[-3.70868855,40.4159679],[-3.70875856,40.41632791],[-3.70863855,40.41636791],[-3.70868855,40.41675792],[-3.70868855,40.41677792],[-3.70872856,40.41701793],[-3.70870856,40.41710793],[-3.70867855,40.41720793],[-3.70858855,40.41778795],[-3.70878856,40.41781795],[-3.70852855,40.41826796],[-3.70847855,40.41835797],[-3.70845855,40.41839797],[-3.70819854,40.41888798],[-3.70814854,40.41916799],[-3.70800854,40.41962801],[-3.70791853,40.41986801],[-3.70811854,40.42023802],[-3.70633849,40.42017802],[-3.70592848,40.42028803]]]}},{"type":"Feature","properties":{"CODDIS":"2","NOMDIS":"Arganzuela","COD_BAR":"021","NOMBRE":"Imperial","COD_DIS_TX":"02","BARRIO_MAY":"IMPERIAL","COD_DISBAR":"21","NUM_BAR":"1","BARRIO_MT":"IMPERIAL","COD_DISB":"2-1","AREA":967679.315212},"geometry":{"type":"Polygon","coordinates":[[[-3.71167864,40.40666761],[-3.71254866,40.40474756],[-3.71321868,40.40331751],[-3.71436871,40.40088744],[-3.71489872,40.3996674],[-3.71589875,40.39991741],[-3.71641876,40.39998741],[-3.71676877,40.39999741],[-3.71706878,40.39997741],[-3.71730879,40.39995741],[-3.71895883,40.39982741],[-3.71899883,40.39982741],[-3.71930884,40.39983741],[-3.71972885,40.39989741],[-3.71997886,40.39994741],[-3.72033887,40.40008742],[-3.72111889,40.40051743],[-3.72169891,40.40094744],[-3.72182891,40.40114745],[-3.72193891,40.40132745],[-3.72220892,40.40195747],[-3.72223892,40.40206748],[-3.72238892,40.40255749],[-3.72256893,40.40377753],[-3.72264893,40.40417754],[-3.72270893,40.40453755],[-3.72273893,40.40521757],[-3.72264893,40.40582759],[-3.72236892,40.40674762],[-3.72225892,40.40705763],[-3.72221892,40.40717763],[-3.72181891,40.40850767],[-3.72260893,40.41137776],[-3.72275893,40.41170777],[-3.72286894,40.41189777],[-3.72289894,40.41196777],[-3.72291894,40.41200778],[-3.72292894,40.41235779],[-3.72292894,40.41236779],[-3.72295894,40.41397784],[-3.72049887,40.41394783],[-3.71963885,40.41393783],[-3.71942884,40.41393783],[-3.71693878,40.41391783],[-3.7178488,40.41207778],[-3.71833881,40.41111775],[-3.71676877,40.40870768],[-3.71522873,40.40808766],[-3.71368869,40.40744764],[-3.71204865,40.40674762],[-3.71167864,40.40666761]]]}},{"type":"Feature","properties":{"CODDIS":"2","NOMDIS":"Arganzuela","COD_BAR":"022","NOMBRE":"Acacias","COD_DIS_TX":"02","BARRIO_MAY":"ACACIAS","COD_DISBAR":"22","NUM_BAR":"2","BARRIO_MT":"ACACIAS","COD_DISB":"2-2","AREA":1073436.82935},"geometry":{"type":"Polygon","coordinates":[[[-3.71166863,40.40664761],[-3.71127862,40.40654761],[-3.70990859,40.4063176],[-3.70952858,40.4062676],[-3.70839855,40.4060576],[-3.70708851,40.40578759],[-3.7064985,40.40566758],[-3.70387842,40.40518757],[-3.7029684,40.40505757],[-3.70254839,40.40506757],[-3.70169837,40.40394753],[-3.70060834,40.40257749],[-3.69960831,40.40129745],[-3.6993283,40.40103744],[-3.69969831,40.40054743],[-3.70043833,40.39973741],[-3.70104835,40.39906739],[-3.70158836,40.39847737],[-3.70208838,40.39794735],[-3.70218838,40.39786735],[-3.70228838,40.39778735],[-3.70324841,40.39679732],[-3.70463845,40.39524727],[-3.70733852,40.39589729],[-3.70821854,40.3961073],[-3.70877856,40.3962773],[-3.70968858,40.39654731],[-3.7102886,40.39679732],[-3.71079861,40.39700732],[-3.71137863,40.39732733],[-3.71215865,40.39788735],[-3.71272866,40.39835736],[-3.71317868,40.39874738],[-3.71343868,40.39896738],[-3.7140487,40.39935739],[-3.71489872,40.3996774],[-3.71436871,40.40088744],[-3.71321868,40.40331751],[-3.71254866,40.40474756],[-3.71167864,40.40666761],[-3.71166863,40.40664761]]]}},{"type":"Feature","properties":{"CODDIS":"2","NOMDIS":"Arganzuela","COD_BAR":"023","NOMBRE":"Chopera","COD_DIS_TX":"02","BARRIO_MAY":"CHOPERA","COD_DISBAR":"23","NUM_BAR":"3","BARRIO_MT":"CHOPERA","COD_DISB":"2-3","AREA":567786.977239},"geometry":{"type":"Polygon","coordinates":[[[-3.69510819,40.39114715],[-3.69808827,40.38909708],[-3.69955831,40.39064713],[-3.70239838,40.39364722],[-3.70337841,40.39445725],[-3.70439844,40.39508727],[-3.70463845,40.39523727],[-3.70324841,40.39679732],[-3.70228838,40.39778735],[-3.70218838,40.39786735],[-3.70208838,40.39794735],[-3.70158836,40.39847737],[-3.70104835,40.39906739],[-3.70043833,40.39973741],[-3.69969831,40.40054743],[-3.6993383,40.40103744],[-3.69900829,40.40041743],[-3.69834828,40.3994674],[-3.69789826,40.39877738],[-3.69668823,40.39702732],[-3.69619822,40.3963473],[-3.69588821,40.39586729],[-3.69474818,40.39421724],[-3.69483818,40.39310721],[-3.69510819,40.39114715]]]}},{"type":"Feature","properties":{"CODDIS":"2","NOMDIS":"Arganzuela","COD_BAR":"024","NOMBRE":"Legazpi","COD_DIS_TX":"02","BARRIO_MAY":"LEGAZPI","COD_DISBAR":"24","NUM_BAR":"4","BARRIO_MT":"LEGAZPI","COD_DISB":"2-4","AREA":1414470.93856},"geometry":{"type":"Polygon","coordinates":[[[-3.67965777,40.39514727],[-3.67644769,40.39233718],[-3.67756772,40.39147716],[-3.67828773,40.39090714],[-3.67871775,40.39049713],[-3.67914776,40.38998711],[-3.68234784,40.38511696],[-3.68272785,40.38464695],[-3.68294786,40.38443694],[-3.68315787,40.38427694],[-3.68335787,40.38413693],[-3.68360788,40.38399693],[-3.68397789,40.38387693],[-3.6843179,40.38378692],[-3.68486791,40.38367692],[-3.68697797,40.38327691],[-3.68745798,40.38316691],[-3.688228,40.3829769],[-3.68875802,40.38279689],[-3.68911803,40.38265689],[-3.68948804,40.38248688],[-3.68975804,40.38232688],[-3.69215811,40.38409693],[-3.69463818,40.386167],[-3.6956182,40.38697702],[-3.69808827,40.38908708],[-3.69510819,40.39114715],[-3.69478818,40.39123715],[-3.69322814,40.39174716],[-3.69304813,40.39180717],[-3.69080807,40.39254719],[-3.69079807,40.39254719],[-3.68887802,40.39318721],[-3.68895802,40.39334721],[-3.688058,40.39365722],[-3.687958,40.39370722],[-3.68785799,40.39377723],[-3.68776799,40.39386723],[-3.68712797,40.3927672],[-3.68634795,40.39319721],[-3.68602794,40.39336721],[-3.68467791,40.39414724],[-3.68467791,40.39414724],[-3.6844779,40.39383723],[-3.68394789,40.3930272],[-3.68349788,40.39327721],[-3.68238785,40.39389723],[-3.68182783,40.39419724],[-3.68126782,40.39449725],[-3.68119781,40.39453725],[-3.68113781,40.39456725],[-3.6806278,40.39477726],[-3.68013778,40.39495726],[-3.67995778,40.39502726],[-3.67990778,40.39504726],[-3.67963777,40.39514727],[-3.67965777,40.39514727]]]}},{"type":"Feature","properties":{"CODDIS":"2","NOMDIS":"Arganzuela","COD_BAR":"025","NOMBRE":"Delicias","COD_DIS_TX":"02","BARRIO_MAY":"DELICIAS","COD_DISBAR":"25","NUM_BAR":"5","BARRIO_MT":"DELICIAS","COD_DISB":"2-5","AREA":1054679.05408},"geometry":{"type":"Polygon","coordinates":[[[-3.6993383,40.40103744],[-3.69616822,40.40092744],[-3.69397816,40.40077744],[-3.69382815,40.40085744],[-3.69267812,40.40080744],[-3.69244812,40.40079744],[-3.69233811,40.40078744],[-3.69096808,40.40070743],[-3.68547793,40.40040743],[-3.68250785,40.39772734],[-3.67978778,40.39526727],[-3.67966777,40.39514727],[-3.67990778,40.39504726],[-3.67995778,40.39502726],[-3.68013778,40.39495726],[-3.6806278,40.39477726],[-3.68113781,40.39456725],[-3.68119781,40.39453725],[-3.68126782,40.39449725],[-3.68182783,40.39419724],[-3.68238785,40.39389723],[-3.68349788,40.39327721],[-3.68394789,40.3930272],[-3.6844779,40.39383723],[-3.68467791,40.39414724],[-3.68467791,40.39414724],[-3.68602794,40.39336721],[-3.68634795,40.39319721],[-3.68712797,40.3927672],[-3.68776799,40.39386723],[-3.68785799,40.39377723],[-3.687958,40.39370722],[-3.688058,40.39365722],[-3.68895802,40.39334721],[-3.68887802,40.39318721],[-3.69079807,40.39254719],[-3.69080807,40.39254719],[-3.69304813,40.39180717],[-3.69322814,40.39174716],[-3.69478818,40.39123715],[-3.69510819,40.39114715],[-3.69483818,40.39310721],[-3.69474818,40.39421724],[-3.69588821,40.39586729],[-3.69619822,40.3963473],[-3.69668823,40.39702732],[-3.69789826,40.39877738],[-3.69834828,40.3994674],[-3.69900829,40.40041743],[-3.6993383,40.40103744]]]}},{"type":"Feature","properties":{"CODDIS":"2","NOMDIS":"Arganzuela","COD_BAR":"026","NOMBRE":"Palos de la Frontera","COD_DIS_TX":"02","BARRIO_MAY":"PALOS DE LA FRONTERA","COD_DISBAR":"26","NUM_BAR":"6","BARRIO_MT":"PALOS DE LA FRONTERA","COD_DISB":"2-6","AREA":648441.64349},"geometry":{"type":"Polygon","coordinates":[[[-3.69300813,40.40756764],[-3.69300813,40.40753764],[-3.69300813,40.40743764],[-3.69299813,40.40726763],[-3.69297813,40.40722763],[-3.69296813,40.40720763],[-3.69295813,40.40718763],[-3.69124808,40.40558758],[-3.69069807,40.40506757],[-3.69058807,40.40496756],[-3.68671796,40.40149746],[-3.68548793,40.40038743],[-3.69096808,40.40070743],[-3.69233811,40.40078744],[-3.69244812,40.40079744],[-3.69267812,40.40080744],[-3.69382815,40.40085744],[-3.69397816,40.40077744],[-3.69616822,40.40092744],[-3.6993383,40.40103744],[-3.69960831,40.40129745],[-3.70060834,40.40257749],[-3.70169837,40.40394753],[-3.70254839,40.40506757],[-3.70097835,40.40550758],[-3.70095835,40.40550758],[-3.70005832,40.40573759],[-3.6993583,40.40592759],[-3.69792826,40.4063276],[-3.69785826,40.40634761],[-3.6953982,40.40699762],[-3.69527819,40.40695762],[-3.69409816,40.40727763],[-3.69395816,40.40729763],[-3.69389816,40.40728763],[-3.69384815,40.40725763],[-3.69367815,40.40712763],[-3.69322814,40.40698762],[-3.69319814,40.40719763],[-3.69315814,40.40734764],[-3.69300813,40.40756764]]]}},{"type":"Feature","properties":{"CODDIS":"2","NOMDIS":"Arganzuela","COD_BAR":"027","NOMBRE":"Atocha","COD_DIS_TX":"02","BARRIO_MAY":"ATOCHA","COD_DISBAR":"27","NUM_BAR":"7","BARRIO_MT":"ATOCHA","COD_DISB":"2-7","AREA":735681.156115},"geometry":{"type":"Polygon","coordinates":[[[-3.6918581,40.40843767],[-3.69150809,40.40814766],[-3.69139809,40.40810766],[-3.69117808,40.40798765],[-3.69082807,40.40775765],[-3.69025806,40.40732763],[-3.69021806,40.40735764],[-3.68988805,40.40711763],[-3.68916803,40.40671762],[-3.68887802,40.40653761],[-3.68861801,40.40637761],[-3.68778799,40.40561758],[-3.68669796,40.40462755],[-3.68466791,40.40321751],[-3.68463791,40.40320751],[-3.68259785,40.40237749],[-3.68251785,40.40234748],[-3.68250785,40.40234748],[-3.68245785,40.40233748],[-3.68236784,40.40233748],[-3.68228784,40.40235748],[-3.68206784,40.40225748],[-3.68120781,40.40185747],[-3.6806078,40.40157746],[-3.68007778,40.40132745],[-3.67963777,40.40104745],[-3.67960777,40.40102744],[-3.67904776,40.40078744],[-3.67679769,40.39894738],[-3.67629768,40.39866737],[-3.67595767,40.39840737],[-3.67570767,40.39821736],[-3.67505765,40.39753734],[-3.67495765,40.39738733],[-3.67443763,40.39657731],[-3.67352761,40.39431724],[-3.67352761,40.39431724],[-3.67453763,40.39375722],[-3.67525765,40.39326721],[-3.67644769,40.39233718],[-3.67965777,40.39514727],[-3.67978778,40.39526727],[-3.68250785,40.39772734],[-3.68548793,40.40039743],[-3.68671796,40.40149746],[-3.69058807,40.40496756],[-3.69069807,40.40506757],[-3.69124808,40.40558758],[-3.69295813,40.40718763],[-3.69296813,40.40720763],[-3.69297813,40.40722763],[-3.69299813,40.40726763],[-3.69300813,40.40743764],[-3.69300813,40.40753764],[-3.69300813,40.40756764],[-3.69296813,40.40761764],[-3.69296813,40.40761764],[-3.69283813,40.40777765],[-3.69256812,40.40800766],[-3.6918581,40.40843767]]]}},{"type":"Feature","properties":{"CODDIS":"3","NOMDIS":"Retiro","COD_BAR":"031","NOMBRE":"Pacífico","COD_DIS_TX":"03","BARRIO_MAY":"PACIFICO","COD_DISBAR":"31","NUM_BAR":"1","BARRIO_MT":"PACÍFICO","COD_DISB":"3-1","AREA":758250.266061},"geometry":{"type":"Polygon","coordinates":[[[-3.67021752,40.40665761],[-3.67023752,40.40652761],[-3.67026752,40.40638761],[-3.67033752,40.4062676],[-3.67043752,40.4061176],[-3.67054753,40.40598759],[-3.67069753,40.40581759],[-3.67079753,40.40571759],[-3.67089754,40.40560758],[-3.67100754,40.40547758],[-3.67216757,40.40419754],[-3.67244758,40.40388753],[-3.67304759,40.40320751],[-3.67391762,40.40227748],[-3.67483764,40.40129745],[-3.67592767,40.39999741],[-3.67679769,40.39894738],[-3.67904776,40.40078744],[-3.67960777,40.40102744],[-3.67963777,40.40104745],[-3.68007778,40.40132745],[-3.6806078,40.40157746],[-3.68120781,40.40185747],[-3.68206784,40.40225748],[-3.68228784,40.40235748],[-3.68236784,40.40233748],[-3.68245785,40.40233748],[-3.68250785,40.40234748],[-3.68251785,40.40234748],[-3.68259785,40.40237749],[-3.68463791,40.40320751],[-3.68466791,40.40321751],[-3.68669796,40.40462755],[-3.68778799,40.40561758],[-3.68861801,40.40637761],[-3.68886802,40.40653761],[-3.68878802,40.40666761],[-3.68861801,40.40698762],[-3.68726798,40.40657761],[-3.68650796,40.40642761],[-3.68622795,40.40638761],[-3.68594794,40.40637761],[-3.68560793,40.40639761],[-3.68531792,40.40643761],[-3.68342787,40.40673762],[-3.68201784,40.40695762],[-3.68002778,40.40730763],[-3.67883775,40.40749764],[-3.67755772,40.40741764],[-3.67528765,40.40720763],[-3.67508765,40.40718763],[-3.67382761,40.40706763],[-3.67227757,40.40690762],[-3.67022752,40.40665761],[-3.67021752,40.40665761]]]}},{"type":"Feature","properties":{"CODDIS":"3","NOMDIS":"Retiro","COD_BAR":"032","NOMBRE":"Adelfas","COD_DIS_TX":"03","BARRIO_MAY":"ADELFAS","COD_DISBAR":"32","NUM_BAR":"2","BARRIO_MT":"ADELFAS","COD_DISB":"3-2","AREA":640789.191482},"geometry":{"type":"Polygon","coordinates":[[[-3.66925749,40.39832736],[-3.6696275,40.39783735],[-3.67005751,40.39739733],[-3.67039752,40.39707733],[-3.67096754,40.39657731],[-3.67108754,40.39643731],[-3.67204757,40.39530727],[-3.67292759,40.39466725],[-3.67352761,40.39430724],[-3.67352761,40.39431724],[-3.67443763,40.39657731],[-3.67495765,40.39738733],[-3.67505765,40.39753734],[-3.67570767,40.39821736],[-3.67595767,40.39840737],[-3.67629768,40.39866737],[-3.67679769,40.39895738],[-3.67592767,40.39999741],[-3.67483764,40.40129745],[-3.67391762,40.40227748],[-3.67304759,40.40320751],[-3.67244758,40.40388753],[-3.67216757,40.40419754],[-3.67100754,40.40547758],[-3.67089754,40.40560758],[-3.67079753,40.40571759],[-3.67069753,40.40581759],[-3.67054753,40.40598759],[-3.67043752,40.4061176],[-3.67033752,40.4062676],[-3.67026752,40.40638761],[-3.67023752,40.40652761],[-3.67021752,40.40665761],[-3.66897748,40.40661761],[-3.66520738,40.4063376],[-3.66555739,40.40555758],[-3.66632741,40.40386753],[-3.66668742,40.4028975],[-3.66677742,40.40262749],[-3.66826746,40.3996374],[-3.66924749,40.39832736],[-3.66925749,40.39832736]]]}},{"type":"Feature","properties":{"CODDIS":"3","NOMDIS":"Retiro","COD_BAR":"033","NOMBRE":"Estrella","COD_DIS_TX":"03","BARRIO_MAY":"ESTRELLA","COD_DISBAR":"33","NUM_BAR":"3","BARRIO_MT":"ESTRELLA","COD_DISB":"3-3","AREA":1025524.26383},"geometry":{"type":"Polygon","coordinates":[[[-3.66409735,40.40852767],[-3.66515738,40.40645761],[-3.66521738,40.4063376],[-3.66897748,40.40661761],[-3.67021752,40.40665761],[-3.67003751,40.40848767],[-3.66993751,40.40981771],[-3.66981751,40.41138776],[-3.6697375,40.41242779],[-3.6696975,40.4129178],[-3.6695475,40.41451785],[-3.66938749,40.41629791],[-3.66937749,40.41636791],[-3.66935749,40.41656791],[-3.66924749,40.41794796],[-3.66903749,40.42073804],[-3.66899748,40.42118805],[-3.66502738,40.42020802],[-3.66291732,40.41965801],[-3.65869721,40.41866798],[-3.65897721,40.41744794],[-3.65944723,40.41654791],[-3.66058726,40.41469786],[-3.66105727,40.41393783],[-3.66116727,40.41376783],[-3.66148728,40.41324781],[-3.66249731,40.41164777],[-3.66254731,40.41157776],[-3.66292732,40.41096774],[-3.66292732,40.41096774],[-3.66339733,40.40990771],[-3.66376734,40.40917769],[-3.66409735,40.40852767]]]}},{"type":"Feature","properties":{"CODDIS":"3","NOMDIS":"Retiro","COD_BAR":"034","NOMBRE":"Ibiza","COD_DIS_TX":"03","BARRIO_MAY":"IBIZA","COD_DISBAR":"34","NUM_BAR":"4","BARRIO_MT":"IBIZA","COD_DISB":"3-4","AREA":491968.676507},"geometry":{"type":"Polygon","coordinates":[[[-3.66899748,40.42118805],[-3.66903749,40.42073804],[-3.66924749,40.41794796],[-3.66936749,40.41656791],[-3.67156755,40.41667792],[-3.67159755,40.41637791],[-3.67479764,40.41593789],[-3.67496765,40.41591789],[-3.67498765,40.41591789],[-3.67642768,40.41570789],[-3.67777772,40.41545788],[-3.67834774,40.41706793],[-3.67843774,40.41733794],[-3.67924776,40.419578],[-3.67958777,40.42053803],[-3.67975777,40.42105805],[-3.67995778,40.42166807],[-3.67942777,40.42167807],[-3.67896775,40.42166807],[-3.67892775,40.42166807],[-3.67751771,40.42160807],[-3.67599767,40.42153806],[-3.67438763,40.42145806],[-3.67283759,40.42138806],[-3.66899748,40.42118805]]]}},{"type":"Feature","properties":{"CODDIS":"3","NOMDIS":"Retiro","COD_BAR":"035","NOMBRE":"Los Jerónimos","COD_DIS_TX":"03","BARRIO_MAY":"LOS JERONIMOS","COD_DISBAR":"35","NUM_BAR":"5","BARRIO_MT":"LOS JERÓNIMOS","COD_DISB":"3-5","AREA":1906398.25737},"geometry":{"type":"Polygon","coordinates":[[[-3.67883775,40.40749764],[-3.68002778,40.40730763],[-3.68201784,40.40695762],[-3.68342787,40.40673762],[-3.68531792,40.40643761],[-3.68560793,40.40639761],[-3.68594794,40.40637761],[-3.68622795,40.40638761],[-3.68650796,40.40642761],[-3.68726798,40.40657761],[-3.68861801,40.40698762],[-3.68878802,40.40666761],[-3.68886802,40.40653761],[-3.68916803,40.40671762],[-3.68988805,40.40711763],[-3.69021806,40.40735764],[-3.69025806,40.40732763],[-3.69082807,40.40775765],[-3.69117808,40.40798765],[-3.69139809,40.40810766],[-3.69150809,40.40814766],[-3.6918581,40.40843767],[-3.69202811,40.40868768],[-3.6919381,40.40907769],[-3.69220811,40.40970771],[-3.69235811,40.41019772],[-3.69263812,40.41146776],[-3.69288813,40.41263779],[-3.69318814,40.41403784],[-3.69342814,40.41513787],[-3.69362815,40.41588789],[-3.69358815,40.41634791],[-3.69346814,40.41694793],[-3.69315814,40.41848797],[-3.69296813,40.41888798],[-3.69308813,40.419338],[-3.69218811,40.419518],[-3.68870802,40.41999802],[-3.68591794,40.42057803],[-3.68586794,40.42058803],[-3.68518792,40.42070804],[-3.68474791,40.42078804],[-3.6845779,40.42081804],[-3.6844579,40.42083804],[-3.68309786,40.42105805],[-3.68244785,40.42116805],[-3.68121781,40.42142806],[-3.67996778,40.42166807],[-3.67975777,40.42105805],[-3.67958777,40.42053803],[-3.67924776,40.419578],[-3.67843774,40.41733794],[-3.67834774,40.41706793],[-3.67776772,40.41546788],[-3.6768577,40.4129278],[-3.67628768,40.41139776],[-3.67632768,40.41132776],[-3.6768977,40.41028772],[-3.67840774,40.40819766],[-3.67882775,40.40749764],[-3.67883775,40.40749764]]]}},{"type":"Feature","properties":{"CODDIS":"3","NOMDIS":"Retiro","COD_BAR":"036","NOMBRE":"Niño Jesús","COD_DIS_TX":"03","BARRIO_MAY":"NIÑO JESUS","COD_DISBAR":"36","NUM_BAR":"6","BARRIO_MT":"NIÑO JESÚS","COD_DISB":"3-6","AREA":643280.535693},"geometry":{"type":"Polygon","coordinates":[[[-3.66935749,40.41656791],[-3.66937749,40.41636791],[-3.66938749,40.41629791],[-3.6695475,40.41451785],[-3.6696975,40.4129178],[-3.6697375,40.41242779],[-3.66981751,40.41138776],[-3.66993751,40.40981771],[-3.67003751,40.40848767],[-3.67021752,40.40665761],[-3.67227757,40.40690762],[-3.67382761,40.40706763],[-3.67508765,40.40718763],[-3.67528765,40.40720763],[-3.67755772,40.40741764],[-3.67882775,40.40749764],[-3.67840774,40.40819766],[-3.6768977,40.41028772],[-3.67632768,40.41132776],[-3.67628768,40.41139776],[-3.6768577,40.4129278],[-3.67776772,40.41546788],[-3.67642768,40.41570789],[-3.67498765,40.41591789],[-3.67496765,40.41591789],[-3.67479764,40.41593789],[-3.67159755,40.41637791],[-3.67156755,40.41667792],[-3.66936749,40.41656791],[-3.66935749,40.41656791]]]}},{"type":"Feature","properties":{"CODDIS":"4","NOMDIS":"Salamanca","COD_BAR":"041","NOMBRE":"Recoletos","COD_DIS_TX":"04","BARRIO_MAY":"RECOLETOS","COD_DISBAR":"41","NUM_BAR":"1","BARRIO_MT":"RECOLETOS","COD_DISB":"4-1","AREA":873144.938998},"geometry":{"type":"Polygon","coordinates":[[[-3.67996778,40.42166807],[-3.68121781,40.42142806],[-3.68244785,40.42116805],[-3.68309786,40.42105805],[-3.6844579,40.42083804],[-3.6845779,40.42081804],[-3.68474791,40.42078804],[-3.68518792,40.42070804],[-3.68586794,40.42058803],[-3.68591794,40.42057803],[-3.68870802,40.41999802],[-3.69218811,40.419518],[-3.69308813,40.419338],[-3.69131809,40.42313811],[-3.69072807,40.42445815],[-3.69045806,40.42525818],[-3.69006805,40.42661822],[-3.68970804,40.42798826],[-3.68934803,40.4293783],[-3.68598794,40.4292383],[-3.68492791,40.42917829],[-3.68381788,40.42911829],[-3.67982778,40.42892829],[-3.67993778,40.42752824],[-3.68006778,40.4261382],[-3.68016779,40.42500817],[-3.68018779,40.42470816],[-3.68033779,40.4227381],[-3.67994778,40.42166807],[-3.67996778,40.42166807]]]}},{"type":"Feature","properties":{"CODDIS":"4","NOMDIS":"Salamanca","COD_BAR":"042","NOMBRE":"Goya","COD_DIS_TX":"04","BARRIO_MAY":"GOYA","COD_DISBAR":"42","NUM_BAR":"2","BARRIO_MT":"GOYA","COD_DISB":"4-2","AREA":770293.505902},"geometry":{"type":"Polygon","coordinates":[[[-3.66868748,40.42811826],[-3.66848747,40.42696823],[-3.66861747,40.42557819],[-3.66868748,40.42467816],[-3.66870748,40.42445815],[-3.66877748,40.42381813],[-3.66878748,40.42370813],[-3.66882748,40.42304811],[-3.66883748,40.42293811],[-3.66899748,40.42117805],[-3.67283759,40.42138806],[-3.67438763,40.42145806],[-3.67599767,40.42153806],[-3.67751771,40.42160807],[-3.67892775,40.42166807],[-3.67896775,40.42166807],[-3.67942777,40.42167807],[-3.67995778,40.42165807],[-3.68033779,40.4227381],[-3.68018779,40.42470816],[-3.68016779,40.42500817],[-3.68006778,40.4261382],[-3.67993778,40.42752824],[-3.67983778,40.42892829],[-3.67833774,40.42883828],[-3.6769177,40.42877828],[-3.67539766,40.42870828],[-3.67379761,40.42863828],[-3.67228757,40.42854828],[-3.67169756,40.42851827],[-3.66910749,40.42837827],[-3.66868748,40.42812826],[-3.66868748,40.42811826]]]}},{"type":"Feature","properties":{"CODDIS":"4","NOMDIS":"Salamanca","COD_BAR":"043","NOMBRE":"Fuente del Berro","COD_DIS_TX":"04","BARRIO_MAY":"FUENTE DEL BERRO","COD_DISBAR":"43","NUM_BAR":"3","BARRIO_MT":"FUENTE DEL BERRO","COD_DISB":"4-3","AREA":852575.775906},"geometry":{"type":"Polygon","coordinates":[[[-3.66080726,40.43141836],[-3.66058726,40.4294583],[-3.66010724,40.42693823],[-3.65964723,40.42450815],[-3.65953723,40.42382813],[-3.65914722,40.42145806],[-3.65868721,40.41866798],[-3.66291732,40.41965801],[-3.66502738,40.42020802],[-3.66899748,40.42118805],[-3.66883748,40.42293811],[-3.66882748,40.42304811],[-3.66878748,40.42370813],[-3.66877748,40.42381813],[-3.66870748,40.42445815],[-3.66868748,40.42467816],[-3.66861747,40.42557819],[-3.66848747,40.42696823],[-3.66868748,40.42811826],[-3.66725744,40.42880828],[-3.66513738,40.42983831],[-3.66500738,40.42989832],[-3.66390735,40.43045833],[-3.66245731,40.43115835],[-3.6622373,40.43120836],[-3.6621573,40.43122836],[-3.6620473,40.43124836],[-3.66183729,40.43128836],[-3.66079726,40.43140836],[-3.66080726,40.43141836]]]}},{"type":"Feature","properties":{"CODDIS":"4","NOMDIS":"Salamanca","COD_BAR":"044","NOMBRE":"Guindalera","COD_DIS_TX":"04","BARRIO_MAY":"GUINDALERA","COD_DISBAR":"44","NUM_BAR":"4","BARRIO_MT":"GUINDALERA","COD_DISB":"4-4","AREA":1602790.05492},"geometry":{"type":"Polygon","coordinates":[[[-3.66079726,40.43140836],[-3.66183729,40.43128836],[-3.6620473,40.43124836],[-3.6621573,40.43122836],[-3.6622373,40.43120836],[-3.66245731,40.43115835],[-3.66390735,40.43045833],[-3.66500738,40.42989832],[-3.66513738,40.42983831],[-3.66725744,40.42880828],[-3.66868748,40.42811826],[-3.66910749,40.42836827],[-3.67016752,40.42966831],[-3.67084753,40.43044833],[-3.67198756,40.43175837],[-3.6731376,40.43314841],[-3.6733776,40.43343842],[-3.67481764,40.43485847],[-3.67575767,40.43578849],[-3.67665769,40.43666852],[-3.67741771,40.43740854],[-3.6770377,40.43756855],[-3.67593767,40.43824857],[-3.67530765,40.43862858],[-3.67513765,40.43869858],[-3.67491764,40.43877858],[-3.67473764,40.43882859],[-3.67446763,40.43888859],[-3.6733476,40.43908859],[-3.67235757,40.4392686],[-3.67183756,40.4393986],[-3.67132755,40.43954861],[-3.67093754,40.43968861],[-3.67049752,40.43986862],[-3.67011751,40.44005862],[-3.66979751,40.44022863],[-3.66845747,40.44100865],[-3.66682743,40.44195868],[-3.66612741,40.44237869],[-3.66528738,40.44284871],[-3.66431736,40.44330872],[-3.66428736,40.44331872],[-3.66268731,40.44389874],[-3.66062726,40.44460876],[-3.66011724,40.44394874],[-3.65974723,40.44328872],[-3.65947723,40.4426287],[-3.65934722,40.44213869],[-3.65930722,40.44173867],[-3.65923722,40.44082865],[-3.65922722,40.44067864],[-3.65921722,40.44049864],[-3.65927722,40.4392386],[-3.65928722,40.43892859],[-3.65938723,40.43826857],[-3.65957723,40.43697853],[-3.65958723,40.43691853],[-3.65967723,40.43638851],[-3.65970723,40.43623851],[-3.65981724,40.43557849],[-3.65989724,40.43510847],[-3.66000724,40.43464846],[-3.66017725,40.43392844],[-3.66079726,40.43140836]]]}},{"type":"Feature","properties":{"CODDIS":"4","NOMDIS":"Salamanca","COD_BAR":"045","NOMBRE":"Lista","COD_DIS_TX":"04","BARRIO_MAY":"LISTA","COD_DISBAR":"45","NUM_BAR":"5","BARRIO_MT":"LISTA","COD_DISB":"4-5","AREA":520214.511002},"geometry":{"type":"Polygon","coordinates":[[[-3.67912776,40.43744854],[-3.67800773,40.43739854],[-3.67761772,40.43740854],[-3.67760772,40.43740854],[-3.67742771,40.43741854],[-3.67665769,40.43666852],[-3.67575767,40.43578849],[-3.67481764,40.43485847],[-3.6733776,40.43343842],[-3.6731376,40.43314841],[-3.67198756,40.43175837],[-3.67084753,40.43044833],[-3.67016752,40.42966831],[-3.66910749,40.42836827],[-3.67169756,40.42851827],[-3.67228757,40.42854828],[-3.67379761,40.42863828],[-3.67539766,40.42870828],[-3.6769177,40.42877828],[-3.67833774,40.42883828],[-3.67983778,40.42892829],[-3.67962777,40.43137836],[-3.67951777,40.4326484],[-3.67943777,40.43370843],[-3.67935776,40.43477846],[-3.67925776,40.4359485],[-3.67912776,40.43744854]]]}},{"type":"Feature","properties":{"CODDIS":"4","NOMDIS":"Salamanca","COD_BAR":"046","NOMBRE":"Castellana","COD_DIS_TX":"04","BARRIO_MAY":"CASTELLANA","COD_DISBAR":"46","NUM_BAR":"6","BARRIO_MT":"CASTELLANA","COD_DISB":"4-6","AREA":773385.311497},"geometry":{"type":"Polygon","coordinates":[[[-3.67912776,40.43744854],[-3.67925776,40.4359485],[-3.67935776,40.43477846],[-3.67943777,40.43370843],[-3.67951777,40.4326484],[-3.67962777,40.43137836],[-3.67983778,40.42892829],[-3.68381788,40.42911829],[-3.68492791,40.42917829],[-3.68598794,40.4292383],[-3.68934803,40.4293883],[-3.68903802,40.43061834],[-3.68845801,40.43289841],[-3.68841801,40.43304841],[-3.68875802,40.43516848],[-3.68877802,40.43519848],[-3.68938803,40.4360985],[-3.69071807,40.43797856],[-3.68625795,40.43780855],[-3.68519792,40.43775855],[-3.68419789,40.43770855],[-3.68311787,40.43765855],[-3.68176783,40.43759855],[-3.68049779,40.43752855],[-3.67912776,40.43745854],[-3.67912776,40.43744854]]]}},{"type":"Feature","properties":{"CODDIS":"5","NOMDIS":"Chamartín","COD_BAR":"051","NOMBRE":"El Viso","COD_DIS_TX":"05","BARRIO_MAY":"EL VISO","COD_DISBAR":"51","NUM_BAR":"1","BARRIO_MT":"EL VISO","COD_DISB":"5-1","AREA":1709233.2586},"geometry":{"type":"Polygon","coordinates":[[[-3.67869775,40.44170867],[-3.67880775,40.44072864],[-3.67900775,40.43892859],[-3.67912776,40.43743854],[-3.68049779,40.43752855],[-3.68176783,40.43759855],[-3.68311787,40.43765855],[-3.68419789,40.43770855],[-3.68519792,40.43775855],[-3.68625795,40.43780855],[-3.69071807,40.43798856],[-3.69111808,40.4392186],[-3.6917881,40.44126866],[-3.69125808,40.44622881],[-3.69113808,40.44747885],[-3.69068807,40.45213899],[-3.68924803,40.45203898],[-3.68590794,40.45183898],[-3.68140782,40.45167897],[-3.67876775,40.45167897],[-3.67756772,40.45167897],[-3.67790772,40.44871888],[-3.67813773,40.44665882],[-3.67840774,40.44423875],[-3.67868775,40.44170867],[-3.67869775,40.44170867]]]}},{"type":"Feature","properties":{"CODDIS":"5","NOMDIS":"Chamartín","COD_BAR":"052","NOMBRE":"Prosperidad","COD_DIS_TX":"05","BARRIO_MAY":"PROSPERIDAD","COD_DISBAR":"52","NUM_BAR":"2","BARRIO_MT":"PROSPERIDAD","COD_DISB":"5-2","AREA":1040057.88992},"geometry":{"type":"Polygon","coordinates":[[[-3.66062726,40.44460876],[-3.66268731,40.44389874],[-3.66428736,40.44331872],[-3.66431736,40.44330872],[-3.66528738,40.44284871],[-3.66612741,40.44237869],[-3.66682743,40.44195868],[-3.66845747,40.44100865],[-3.66979751,40.44022863],[-3.67011751,40.44005862],[-3.67049752,40.43986862],[-3.67093754,40.43968861],[-3.67132755,40.43954861],[-3.67183756,40.4393986],[-3.67235757,40.4392686],[-3.6733476,40.43908859],[-3.67446763,40.43888859],[-3.67473764,40.43882859],[-3.67491764,40.43877858],[-3.67513765,40.43869858],[-3.67530765,40.43862858],[-3.67593767,40.43824857],[-3.6770377,40.43756855],[-3.67742771,40.43740854],[-3.67760772,40.43740854],[-3.67761772,40.43740854],[-3.67800773,40.43739854],[-3.67912776,40.43744854],[-3.67900775,40.43892859],[-3.67880775,40.44072864],[-3.67869775,40.44170867],[-3.67804773,40.44167867],[-3.6771177,40.44208868],[-3.6770777,40.44211869],[-3.67600767,40.4427487],[-3.67590767,40.44283871],[-3.67446763,40.44394874],[-3.67393762,40.44435875],[-3.67386762,40.44439875],[-3.67258758,40.44518878],[-3.67148755,40.4458788],[-3.67069753,40.44637881],[-3.67056753,40.44646882],[-3.6696675,40.44710884],[-3.66854747,40.44797886],[-3.66822746,40.44817887],[-3.66788745,40.44834887],[-3.66644742,40.4491289],[-3.66631741,40.4492389],[-3.66494738,40.45040894],[-3.66507738,40.45056894],[-3.66539739,40.45131896],[-3.66556739,40.45169897],[-3.66565739,40.45207899],[-3.66567739,40.452459],[-3.66312733,40.45316902],[-3.66289732,40.45171897],[-3.66283732,40.45135896],[-3.66257731,40.45012893],[-3.6623373,40.4490889],[-3.6622973,40.44893889],[-3.6621573,40.44845888],[-3.66188729,40.44766885],[-3.66168729,40.44697883],[-3.66147728,40.44637881],[-3.66119727,40.44566879],[-3.66060726,40.44460876],[-3.66062726,40.44460876]]]}},{"type":"Feature","properties":{"CODDIS":"5","NOMDIS":"Chamartín","COD_BAR":"053","NOMBRE":"Ciudad Jardín","COD_DIS_TX":"05","BARRIO_MAY":"CIUDAD JARDIN","COD_DISBAR":"53","NUM_BAR":"3","BARRIO_MT":"CIUDAD JARDÍN","COD_DISB":"5-3","AREA":762309.360764},"geometry":{"type":"Polygon","coordinates":[[[-3.67756772,40.45167897],[-3.67462764,40.45164897],[-3.67385762,40.45162897],[-3.67111754,40.45223899],[-3.67072753,40.45232899],[-3.67024752,40.452429],[-3.66998751,40.452459],[-3.6694875,40.452469],[-3.66895748,40.452459],[-3.66849747,40.452419],[-3.66807746,40.45237899],[-3.66745744,40.45233899],[-3.66733744,40.45228899],[-3.66654742,40.45231899],[-3.66633741,40.45234899],[-3.66607741,40.452389],[-3.66564739,40.452479],[-3.66565739,40.45207899],[-3.66556739,40.45169897],[-3.66539739,40.45131896],[-3.66507738,40.45056894],[-3.66494738,40.45040894],[-3.66631741,40.4492389],[-3.66644742,40.4491289],[-3.66788745,40.44834887],[-3.66822746,40.44817887],[-3.66854747,40.44797886],[-3.6696675,40.44710884],[-3.67056753,40.44646882],[-3.67069753,40.44637881],[-3.67148755,40.4458788],[-3.67258758,40.44518878],[-3.67386762,40.44439875],[-3.67393762,40.44435875],[-3.67446763,40.44394874],[-3.67590767,40.44283871],[-3.67600767,40.4427487],[-3.6770777,40.44211869],[-3.6771177,40.44208868],[-3.67804773,40.44167867],[-3.67869775,40.44170867],[-3.67840774,40.44423875],[-3.67813773,40.44665882],[-3.67790772,40.44871888],[-3.67756772,40.45167897]]]}},{"type":"Feature","properties":{"CODDIS":"5","NOMDIS":"Chamartín","COD_BAR":"054","NOMBRE":"Hispanoamérica","COD_DIS_TX":"05","BARRIO_MAY":"HISPANOAMERICA","COD_DISBAR":"54","NUM_BAR":"4","BARRIO_MT":"HISPANOAMÉRICA","COD_DISB":"5-4","AREA":1712522.67619},"geometry":{"type":"Polygon","coordinates":[[[-3.66493737,40.46002923],[-3.66484737,40.45981922],[-3.66434736,40.45852918],[-3.66379734,40.45680913],[-3.66340733,40.45507908],[-3.66328733,40.45429905],[-3.66311733,40.45315902],[-3.66564739,40.452479],[-3.66607741,40.452389],[-3.66633741,40.45234899],[-3.66654742,40.45231899],[-3.66733744,40.45228899],[-3.66745744,40.45233899],[-3.66807746,40.45237899],[-3.66849747,40.452419],[-3.66895748,40.452459],[-3.6694875,40.452469],[-3.66998751,40.452459],[-3.67024752,40.452429],[-3.67072753,40.45232899],[-3.67111754,40.45223899],[-3.67385762,40.45162897],[-3.67462764,40.45164897],[-3.67756772,40.45167897],[-3.67876775,40.45167897],[-3.68140782,40.45167897],[-3.68590794,40.45183898],[-3.68924803,40.45203898],[-3.69069807,40.45212899],[-3.69030806,40.45613911],[-3.69002805,40.4590492],[-3.688068,40.45893919],[-3.68676796,40.45886919],[-3.68556793,40.45880919],[-3.68516792,40.45877919],[-3.68294786,40.45863918],[-3.68289786,40.45863918],[-3.68195783,40.45860918],[-3.6805378,40.45864918],[-3.67776772,40.45866918],[-3.67680769,40.45861918],[-3.67570767,40.45856918],[-3.67194756,40.45847918],[-3.67169756,40.45847918],[-3.67119754,40.45846918],[-3.67081753,40.45848918],[-3.67027752,40.45856918],[-3.66982751,40.45867919],[-3.66827746,40.4590992],[-3.66492737,40.46005923],[-3.66493737,40.46002923]]]}},{"type":"Feature","properties":{"CODDIS":"5","NOMDIS":"Chamartín","COD_BAR":"055","NOMBRE":"Nueva España","COD_DIS_TX":"05","BARRIO_MAY":"NUEVA ESPAÑA","COD_DISBAR":"55","NUM_BAR":"5","BARRIO_MT":"NUEVA ESPAÑA","COD_DISB":"5-5","AREA":1790095.09071},"geometry":{"type":"Polygon","coordinates":[[[-3.68934803,40.46603941],[-3.6845079,40.46702944],[-3.68395789,40.46713944],[-3.68357788,40.46721944],[-3.68302786,40.46732945],[-3.67922776,40.46762946],[-3.67906776,40.46762946],[-3.67904776,40.46747945],[-3.67830774,40.46750945],[-3.67728771,40.46773946],[-3.6769677,40.46775946],[-3.67661769,40.46773946],[-3.67647769,40.46772946],[-3.67628768,40.46768946],[-3.67478764,40.46723944],[-3.67419762,40.46713944],[-3.67164756,40.46617941],[-3.66842747,40.46668943],[-3.66822746,40.46635942],[-3.66771745,40.46537939],[-3.66493737,40.46002923],[-3.66827746,40.4590992],[-3.66982751,40.45867919],[-3.67027752,40.45856918],[-3.67081753,40.45848918],[-3.67119754,40.45846918],[-3.67169756,40.45847918],[-3.67194756,40.45847918],[-3.67570767,40.45856918],[-3.67680769,40.45861918],[-3.67776772,40.45866918],[-3.6805378,40.45864918],[-3.68195783,40.45860918],[-3.68289786,40.45863918],[-3.68294786,40.45863918],[-3.68516792,40.45877919],[-3.68556793,40.45880919],[-3.68676796,40.45886919],[-3.688068,40.45893919],[-3.69002805,40.4590492],[-3.68988805,40.46057924],[-3.68974804,40.46198928],[-3.68958804,40.46341933],[-3.68934803,40.46603941]]]}},{"type":"Feature","properties":{"CODDIS":"5","NOMDIS":"Chamartín","COD_BAR":"056","NOMBRE":"Castilla","COD_DIS_TX":"05","BARRIO_MAY":"CASTILLA","COD_DISBAR":"56","NUM_BAR":"6","BARRIO_MT":"CASTILLA","COD_DISB":"5-6","AREA":2161263.84854},"geometry":{"type":"Polygon","coordinates":[[[-3.6734576,40.48405995],[-3.67351761,40.48341993],[-3.67360761,40.48270991],[-3.67363761,40.4824599],[-3.67366761,40.4821999],[-3.67369761,40.48205989],[-3.67386762,40.48120987],[-3.67402762,40.48043984],[-3.67406762,40.48024984],[-3.67415762,40.47976982],[-3.67418762,40.47957982],[-3.67421763,40.47938981],[-3.67434763,40.47874979],[-3.67437763,40.47836978],[-3.67438763,40.47819977],[-3.67441763,40.47779976],[-3.67440763,40.47721974],[-3.67436763,40.47661973],[-3.67434763,40.47642972],[-3.67434763,40.47642972],[-3.67431763,40.47612971],[-3.67420762,40.4755997],[-3.67416762,40.47546969],[-3.67406762,40.47516968],[-3.67372761,40.47415965],[-3.67354761,40.47376964],[-3.6732276,40.47308962],[-3.67197756,40.47144957],[-3.67108754,40.47027954],[-3.66838747,40.46673943],[-3.67164756,40.46617941],[-3.67419762,40.46713944],[-3.67478764,40.46723944],[-3.67628768,40.46768946],[-3.67647769,40.46772946],[-3.67661769,40.46773946],[-3.6769677,40.46775946],[-3.67728771,40.46773946],[-3.67830774,40.46750945],[-3.67904776,40.46747945],[-3.67906776,40.46762946],[-3.67922776,40.46762946],[-3.68302786,40.46732945],[-3.68357788,40.46721944],[-3.68395789,40.46713944],[-3.6845079,40.46702944],[-3.68934803,40.46603941],[-3.68906803,40.46713944],[-3.68854801,40.4690295],[-3.68830801,40.46990952],[-3.687948,40.47123956],[-3.68754798,40.47265961],[-3.68712797,40.47414965],[-3.68708797,40.47424966],[-3.68638795,40.47668973],[-3.68560793,40.47958982],[-3.68530792,40.48051984],[-3.68524792,40.48075985],[-3.68512792,40.48123987],[-3.68509792,40.48142987],[-3.68506792,40.48169988],[-3.68508792,40.48194989],[-3.68509792,40.48198989],[-3.68513792,40.48214989],[-3.68521792,40.4822899],[-3.68509792,40.4822799],[-3.68486791,40.4822699],[-3.68482791,40.4822699],[-3.68471791,40.4822799],[-3.6845279,40.4822899],[-3.6842579,40.4823299],[-3.68394789,40.4823999],[-3.68362788,40.4824899],[-3.68333787,40.48257991],[-3.68216784,40.48297992],[-3.68191783,40.48304992],[-3.68143782,40.48318993],[-3.68116781,40.48326993],[-3.68095781,40.48332993],[-3.6808178,40.48336993],[-3.68049779,40.48345993],[-3.68024779,40.48351994],[-3.68008778,40.48355994],[-3.67937776,40.48371994],[-3.67901775,40.48378994],[-3.67870775,40.48383994],[-3.67854774,40.48385995],[-3.67837774,40.48387995],[-3.67831774,40.48388995],[-3.67819773,40.48389995],[-3.67804773,40.48390995],[-3.67801773,40.48390995],[-3.67779772,40.48392995],[-3.67741771,40.48394995],[-3.67736771,40.48394995],[-3.67730771,40.48394995],[-3.67665769,40.48397995],[-3.67637768,40.48398995],[-3.67592767,40.48400995],[-3.67495765,40.48402995],[-3.67447763,40.48403995],[-3.6734676,40.48406995],[-3.6734576,40.48405995]]]}},{"type":"Feature","properties":{"CODDIS":"6","NOMDIS":"Tetuán","COD_BAR":"061","NOMBRE":"Bellas Vistas","COD_DIS_TX":"06","BARRIO_MAY":"BELLAS VISTAS","COD_DISBAR":"61","NUM_BAR":"1","BARRIO_MT":"BELLAS VISTAS","COD_DISB":"6-1","AREA":715170.087522},"geometry":{"type":"Polygon","coordinates":[[[-3.7029084,40.45401904],[-3.7029884,40.45349903],[-3.70315841,40.45237899],[-3.70324841,40.45180898],[-3.70335841,40.45103895],[-3.70343841,40.45047894],[-3.70351842,40.44996892],[-3.70359842,40.44941891],[-3.70371842,40.44863888],[-3.70384842,40.44767885],[-3.70390843,40.44715884],[-3.70393843,40.44685883],[-3.70607848,40.44697883],[-3.7067785,40.44701883],[-3.70830854,40.44709884],[-3.70888856,40.44795886],[-3.70896856,40.44808887],[-3.70986859,40.44951891],[-3.7101886,40.45001892],[-3.7102886,40.45006893],[-3.7103386,40.45008893],[-3.71098862,40.45111896],[-3.71172864,40.45228899],[-3.71193864,40.452399],[-3.71326868,40.45303901],[-3.71267866,40.45391904],[-3.71278867,40.45417905],[-3.71289867,40.45438906],[-3.71301867,40.45461906],[-3.71311867,40.45489907],[-3.71285867,40.45546909],[-3.71218865,40.45646912],[-3.71149863,40.45749915],[-3.71104862,40.45751915],[-3.71093862,40.45756915],[-3.71083861,40.45760915],[-3.71070861,40.45763915],[-3.71061861,40.45763915],[-3.71058861,40.45762915],[-3.70983859,40.45717914],[-3.70873856,40.45682913],[-3.70816854,40.45669913],[-3.70758852,40.45666912],[-3.70499846,40.45653912],[-3.70491845,40.45641912],[-3.70380842,40.45506908],[-3.7029284,40.45399904],[-3.7029084,40.45401904]]]}},{"type":"Feature","properties":{"CODDIS":"6","NOMDIS":"Tetuán","COD_BAR":"062","NOMBRE":"Cuatro Caminos","COD_DIS_TX":"06","BARRIO_MAY":"CUATRO CAMINOS","COD_DISBAR":"62","NUM_BAR":"2","BARRIO_MT":"CUATRO CAMINOS","COD_DISB":"6-2","AREA":1185034.68341},"geometry":{"type":"Polygon","coordinates":[[[-3.69068807,40.45213899],[-3.69113808,40.44747885],[-3.69125808,40.44621881],[-3.69500819,40.44641881],[-3.6955682,40.44644882],[-3.69712824,40.44651882],[-3.69865828,40.44659882],[-3.6993283,40.44662882],[-3.70032833,40.44667882],[-3.70092835,40.44670882],[-3.70393843,40.44686883],[-3.70390843,40.44715884],[-3.70384842,40.44767885],[-3.70371842,40.44863888],[-3.70359842,40.44941891],[-3.70351842,40.44996892],[-3.70343841,40.45047894],[-3.70335841,40.45103895],[-3.70324841,40.45180898],[-3.70315841,40.45237899],[-3.7029884,40.45349903],[-3.7029084,40.45401904],[-3.7028284,40.45453906],[-3.70268839,40.45508908],[-3.70228838,40.45609911],[-3.70219838,40.45630911],[-3.70146836,40.45749915],[-3.69888829,40.45690913],[-3.69804827,40.45671913],[-3.69762826,40.45662912],[-3.69717824,40.45652912],[-3.69593821,40.45645912],[-3.69522819,40.45641912],[-3.69464818,40.45638912],[-3.69228811,40.45625911],[-3.69030806,40.45613911],[-3.69069807,40.45212899],[-3.69068807,40.45213899]]]}},{"type":"Feature","properties":{"CODDIS":"6","NOMDIS":"Tetuán","COD_BAR":"063","NOMBRE":"Castillejos","COD_DIS_TX":"06","BARRIO_MAY":"CASTILLEJOS","COD_DISBAR":"63","NUM_BAR":"3","BARRIO_MT":"CASTILLEJOS","COD_DISB":"6-3","AREA":704681.048163},"geometry":{"type":"Polygon","coordinates":[[[-3.69002805,40.4590492],[-3.69030806,40.45613911],[-3.69228811,40.45625911],[-3.69464818,40.45638912],[-3.69522819,40.45641912],[-3.69593821,40.45645912],[-3.69717824,40.45652912],[-3.69762826,40.45662912],[-3.69804827,40.45671913],[-3.69888829,40.45690913],[-3.70147836,40.45749915],[-3.70069834,40.45844918],[-3.70025833,40.45882919],[-3.6992183,40.45973922],[-3.69838828,40.46062924],[-3.69809827,40.46127926],[-3.69780826,40.46190928],[-3.69762826,40.46220929],[-3.69733825,40.4625493],[-3.69706824,40.46284931],[-3.69703824,40.46288931],[-3.69637822,40.46360933],[-3.69602821,40.46398935],[-3.69590821,40.46411935],[-3.69579821,40.46419935],[-3.6956682,40.46427935],[-3.6955182,40.46433936],[-3.6954382,40.46436936],[-3.69443817,40.46471937],[-3.69315814,40.46516938],[-3.69269812,40.46528938],[-3.69163809,40.46544939],[-3.69080807,40.46557939],[-3.69072807,40.46558939],[-3.68934803,40.46603941],[-3.68958804,40.46341933],[-3.68974804,40.46198928],[-3.68988805,40.46057924],[-3.69002805,40.4590492]]]}},{"type":"Feature","properties":{"CODDIS":"6","NOMDIS":"Tetuán","COD_BAR":"064","NOMBRE":"Almenara","COD_DIS_TX":"06","BARRIO_MAY":"ALMENARA","COD_DISBAR":"64","NUM_BAR":"4","BARRIO_MT":"ALMENARA","COD_DISB":"6-4","AREA":999367.31449},"geometry":{"type":"Polygon","coordinates":[[[-3.70208838,40.47376964],[-3.70181837,40.47400965],[-3.70181837,40.47400965],[-3.70162836,40.47417965],[-3.70147836,40.47431966],[-3.70138836,40.47438966],[-3.70133836,40.47443966],[-3.70124835,40.47449966],[-3.70114835,40.47456966],[-3.70105835,40.47462967],[-3.70089834,40.47472967],[-3.70070834,40.47480967],[-3.70065834,40.47482967],[-3.70049833,40.47488967],[-3.70026833,40.47494968],[-3.69997832,40.47497968],[-3.69969831,40.47497968],[-3.69952831,40.47496968],[-3.69952831,40.47496968],[-3.6994283,40.47496968],[-3.6992183,40.47493968],[-3.69902829,40.47490968],[-3.69897829,40.47488967],[-3.69886829,40.47484967],[-3.69870829,40.47477967],[-3.69849828,40.47468967],[-3.69835828,40.47464967],[-3.69815827,40.47458967],[-3.69798827,40.47455966],[-3.69786826,40.47454966],[-3.69780826,40.47453966],[-3.69762826,40.47453966],[-3.69748825,40.47453966],[-3.69724825,40.47454966],[-3.69702824,40.47457967],[-3.69683824,40.47461967],[-3.69668823,40.47465967],[-3.69652823,40.47470967],[-3.69636822,40.47474967],[-3.69618822,40.47477967],[-3.69598821,40.47478967],[-3.6956882,40.47477967],[-3.6953582,40.47471967],[-3.69501819,40.47463967],[-3.69466818,40.47457967],[-3.69433817,40.47455966],[-3.69401816,40.47454966],[-3.69372815,40.47456966],[-3.69345814,40.47460967],[-3.69313814,40.47466967],[-3.69282813,40.47471967],[-3.69257812,40.47472967],[-3.69232811,40.47471967],[-3.69201811,40.47465967],[-3.6917581,40.47458967],[-3.69151809,40.47452966],[-3.69126808,40.47446966],[-3.69098808,40.47443966],[-3.69071807,40.47446966],[-3.69023806,40.47454966],[-3.68979805,40.47462967],[-3.68944804,40.47467967],[-3.68923803,40.47467967],[-3.68908803,40.47459967],[-3.68895802,40.47448966],[-3.68886802,40.47441966],[-3.68712797,40.47413965],[-3.68754798,40.47265961],[-3.687948,40.47123956],[-3.68830801,40.46990952],[-3.68854801,40.4690295],[-3.68906803,40.46713944],[-3.68934803,40.46603941],[-3.69072807,40.46558939],[-3.69080807,40.46557939],[-3.69163809,40.46544939],[-3.69269812,40.46528938],[-3.69315814,40.46516938],[-3.69444817,40.46471937],[-3.6953982,40.46536939],[-3.6955982,40.46549939],[-3.6956582,40.46554939],[-3.6956582,40.46554939],[-3.69596821,40.4659294],[-3.69638822,40.46643942],[-3.69730825,40.46736945],[-3.69769826,40.46776946],[-3.69771826,40.46778946],[-3.69811827,40.46809947],[-3.69819827,40.46815947],[-3.69855828,40.46841948],[-3.6992183,40.4692695],[-3.69956831,40.46971952],[-3.70013832,40.47002953],[-3.70212838,40.47110956],[-3.70207838,40.47375964],[-3.70208838,40.47376964]]]}},{"type":"Feature","properties":{"CODDIS":"6","NOMDIS":"Tetuán","COD_BAR":"065","NOMBRE":"Valdeacederas","COD_DIS_TX":"06","BARRIO_MAY":"VALDEACEDERAS","COD_DISBAR":"65","NUM_BAR":"5","BARRIO_MT":"VALDEACEDERAS","COD_DISB":"6-5","AREA":1163408.75495},"geometry":{"type":"Polygon","coordinates":[[[-3.69443817,40.46471937],[-3.6954382,40.46436936],[-3.6955182,40.46433936],[-3.6956682,40.46427935],[-3.69579821,40.46419935],[-3.69590821,40.46411935],[-3.69602821,40.46398935],[-3.69637822,40.46360933],[-3.69703824,40.46288931],[-3.69706824,40.46284931],[-3.69733825,40.4625493],[-3.69762826,40.46220929],[-3.69780826,40.46190928],[-3.69809827,40.46127926],[-3.69838828,40.46062924],[-3.6991583,40.46095925],[-3.69955831,40.46115926],[-3.69998832,40.46139927],[-3.70061834,40.46174928],[-3.70192837,40.4624793],[-3.70222838,40.4626393],[-3.70251839,40.46279931],[-3.7031084,40.46311932],[-3.70383842,40.46348933],[-3.70414843,40.46363933],[-3.70415843,40.46364934],[-3.70427844,40.46369934],[-3.70449844,40.46377934],[-3.70461844,40.46380934],[-3.70470845,40.46382934],[-3.70535846,40.46402935],[-3.70537847,40.46393934],[-3.70545847,40.46381934],[-3.70551847,40.46374934],[-3.70557847,40.46368934],[-3.70563847,40.46363933],[-3.70571847,40.46361933],[-3.70582848,40.46361933],[-3.70591848,40.46361933],[-3.70602848,40.46362933],[-3.70618849,40.46366934],[-3.70632849,40.46369934],[-3.7065085,40.46370934],[-3.7066685,40.46368934],[-3.7068185,40.46365934],[-3.70695851,40.46360933],[-3.70710851,40.46354933],[-3.70778853,40.46277931],[-3.70842855,40.46205929],[-3.70857855,40.46208929],[-3.70853855,40.46216929],[-3.70851855,40.46221929],[-3.70847855,40.46229929],[-3.70846855,40.4624093],[-3.70848855,40.4625093],[-3.70850855,40.4625593],[-3.70851855,40.4625893],[-3.70909857,40.46347933],[-3.70925857,40.46402935],[-3.70933857,40.46414935],[-3.70941857,40.46426935],[-3.70979858,40.46481937],[-3.71091861,40.46599941],[-3.71100862,40.46605941],[-3.71116862,40.46612941],[-3.71138863,40.46624941],[-3.71276866,40.46799947],[-3.71327868,40.46849948],[-3.71320868,40.46859948],[-3.71316868,40.46865949],[-3.71305867,40.46882949],[-3.71303867,40.46885949],[-3.71295867,40.4689795],[-3.71287867,40.4691595],[-3.71280867,40.46931951],[-3.71278867,40.46935951],[-3.71273866,40.46945951],[-3.71271866,40.46954951],[-3.71271866,40.46954951],[-3.71269866,40.46961952],[-3.71266866,40.46971952],[-3.71262866,40.46986952],[-3.71258866,40.46998953],[-3.71248866,40.47019953],[-3.71239865,40.47032954],[-3.71234865,40.47040954],[-3.71214865,40.47063955],[-3.71206865,40.47070955],[-3.71192864,40.47081955],[-3.71164863,40.47099956],[-3.71160863,40.47101956],[-3.71137863,40.47111956],[-3.71111862,40.47119956],[-3.71069861,40.47128957],[-3.70852855,40.47147957],[-3.70740852,40.47157957],[-3.70730852,40.47158957],[-3.70519846,40.47178958],[-3.70485845,40.47181958],[-3.70463845,40.47184958],[-3.70458844,40.47185958],[-3.70436844,40.47191958],[-3.70397843,40.47207959],[-3.70373842,40.47222959],[-3.70345841,40.4724596],[-3.70342841,40.4724896],[-3.70318841,40.47271961],[-3.70317841,40.47272961],[-3.70208838,40.47374964],[-3.70212838,40.47110956],[-3.70013832,40.47002953],[-3.69956831,40.46971952],[-3.6992183,40.4692695],[-3.69855828,40.46841948],[-3.69819827,40.46815947],[-3.69811827,40.46809947],[-3.69771826,40.46778946],[-3.69769826,40.46776946],[-3.69730825,40.46736945],[-3.69638822,40.46643942],[-3.69596821,40.4659294],[-3.6956582,40.46554939],[-3.6956582,40.46554939],[-3.6955982,40.46549939],[-3.6953982,40.46536939],[-3.69444817,40.46471937],[-3.69443817,40.46471937]]]}},{"type":"Feature","properties":{"CODDIS":"6","NOMDIS":"Tetuán","COD_BAR":"066","NOMBRE":"Berruguete","COD_DIS_TX":"06","BARRIO_MAY":"BERRUGUETE","COD_DISBAR":"66","NUM_BAR":"6","BARRIO_MT":"BERRUGUETE","COD_DISB":"6-6","AREA":607063.361527},"geometry":{"type":"Polygon","coordinates":[[[-3.70857855,40.46208929],[-3.70842855,40.46205929],[-3.70778853,40.46277931],[-3.70710851,40.46354933],[-3.70695851,40.46360933],[-3.7068185,40.46365934],[-3.7066685,40.46368934],[-3.7065085,40.46370934],[-3.70632849,40.46369934],[-3.70618849,40.46366934],[-3.70602848,40.46362933],[-3.70591848,40.46361933],[-3.70582848,40.46361933],[-3.70571847,40.46361933],[-3.70563847,40.46363933],[-3.70557847,40.46368934],[-3.70551847,40.46374934],[-3.70545847,40.46381934],[-3.70537847,40.46393934],[-3.70535846,40.46402935],[-3.70470845,40.46382934],[-3.70461844,40.46380934],[-3.70449844,40.46377934],[-3.70427844,40.46369934],[-3.70415843,40.46364934],[-3.70414843,40.46363933],[-3.70383842,40.46348933],[-3.7031084,40.46311932],[-3.70251839,40.46279931],[-3.70222838,40.4626393],[-3.70192837,40.4624793],[-3.70061834,40.46174928],[-3.69998832,40.46139927],[-3.69955831,40.46115926],[-3.6991583,40.46095925],[-3.69838828,40.46062924],[-3.6992183,40.45973922],[-3.70025833,40.45882919],[-3.70069834,40.45844918],[-3.70147836,40.45749915],[-3.70219838,40.45630911],[-3.70228838,40.45609911],[-3.70268839,40.45508908],[-3.7028284,40.45453906],[-3.7029084,40.45401904],[-3.70380842,40.45506908],[-3.70491845,40.45641912],[-3.70499846,40.45653912],[-3.70758852,40.45666912],[-3.70816854,40.45669913],[-3.70873856,40.45682913],[-3.70983859,40.45717914],[-3.71058861,40.45762915],[-3.71061861,40.45763915],[-3.71070861,40.45763915],[-3.71083861,40.45760915],[-3.71093862,40.45756915],[-3.71104862,40.45751915],[-3.71149863,40.45748915],[-3.7105086,40.4590092],[-3.70980858,40.46007923],[-3.70902856,40.46127926],[-3.70859855,40.46204929],[-3.70857855,40.46208929]]]}},{"type":"Feature","properties":{"CODDIS":"7","NOMDIS":"Chamberí","COD_BAR":"071","NOMBRE":"Gaztambide","COD_DIS_TX":"07","BARRIO_MAY":"GAZTAMBIDE","COD_DISBAR":"71","NUM_BAR":"1","BARRIO_MT":"GAZTAMBIDE","COD_DISB":"7-1","AREA":506478.200045},"geometry":{"type":"Polygon","coordinates":[[[-3.71112862,40.43890859],[-3.71122862,40.43755855],[-3.71133863,40.43631851],[-3.71142863,40.43524848],[-3.71150863,40.43414844],[-3.71161863,40.43295841],[-3.71171864,40.43173837],[-3.71185864,40.43018832],[-3.71351868,40.43035833],[-3.71462871,40.43047833],[-3.71622876,40.43064834],[-3.71698878,40.43167837],[-3.71716878,40.43191838],[-3.71747879,40.43233839],[-3.7176088,40.4325184],[-3.7179588,40.43299841],[-3.7176088,40.43308841],[-3.71726879,40.43309841],[-3.71722878,40.43309841],[-3.71839882,40.43477846],[-3.71825881,40.43553849],[-3.71811881,40.43636851],[-3.71806881,40.43663852],[-3.7176288,40.4392286],[-3.71638876,40.4391686],[-3.71521873,40.43910859],[-3.7141187,40.43905859],[-3.71285867,40.43899859],[-3.71113862,40.43890859],[-3.71112862,40.43890859]]]}},{"type":"Feature","properties":{"CODDIS":"7","NOMDIS":"Chamberí","COD_BAR":"072","NOMBRE":"Arapiles","COD_DIS_TX":"07","BARRIO_MAY":"ARAPILES","COD_DISBAR":"72","NUM_BAR":"2","BARRIO_MT":"ARAPILES","COD_DISB":"7-2","AREA":578229.747611},"geometry":{"type":"Polygon","coordinates":[[[-3.70423843,40.43867858],[-3.70424843,40.43717854],[-3.70425844,40.43675852],[-3.70427844,40.4360385],[-3.70431844,40.43489847],[-3.70437844,40.43356843],[-3.70454844,40.43310841],[-3.70515846,40.43143836],[-3.70555847,40.43031833],[-3.70580848,40.42960831],[-3.70740852,40.42975831],[-3.70770853,40.42978831],[-3.70881856,40.42988832],[-3.7104986,40.43005832],[-3.71185864,40.43019833],[-3.71171864,40.43173837],[-3.71161863,40.43295841],[-3.71150863,40.43414844],[-3.71142863,40.43524848],[-3.71133863,40.43631851],[-3.71122862,40.43755855],[-3.71112862,40.43890859],[-3.70994859,40.43885859],[-3.70828854,40.43879858],[-3.70704851,40.43875858],[-3.7064985,40.43873858],[-3.70423843,40.43866858],[-3.70423843,40.43867858]]]}},{"type":"Feature","properties":{"CODDIS":"7","NOMDIS":"Chamberí","COD_BAR":"073","NOMBRE":"Trafalgar","COD_DIS_TX":"07","BARRIO_MAY":"TRAFALGAR","COD_DISBAR":"73","NUM_BAR":"3","BARRIO_MT":"TRAFALGAR","COD_DISB":"7-3","AREA":611878.579093},"geometry":{"type":"Polygon","coordinates":[[[-3.70026833,40.43848858],[-3.69950831,40.43671852],[-3.6991083,40.43577849],[-3.69874829,40.43493847],[-3.69814827,40.43349842],[-3.69772826,40.43250839],[-3.69762826,40.43228839],[-3.69737825,40.43171837],[-3.69699824,40.43085835],[-3.69650823,40.42970831],[-3.69581821,40.42809826],[-3.69578821,40.42763825],[-3.69712824,40.42794826],[-3.6994083,40.42842827],[-3.70194837,40.42897829],[-3.70240839,40.42905829],[-3.70364842,40.4292483],[-3.70580848,40.42960831],[-3.70555847,40.43031833],[-3.70515846,40.43143836],[-3.70454844,40.43310841],[-3.70437844,40.43356843],[-3.70431844,40.43489847],[-3.70427844,40.4360385],[-3.70425844,40.43675852],[-3.70424843,40.43717854],[-3.70423843,40.43867858],[-3.70107835,40.43853858],[-3.70026833,40.43848858]]]}},{"type":"Feature","properties":{"CODDIS":"7","NOMDIS":"Chamberí","COD_BAR":"074","NOMBRE":"Almagro","COD_DIS_TX":"07","BARRIO_MAY":"ALMAGRO","COD_DISBAR":"74","NUM_BAR":"4","BARRIO_MT":"ALMAGRO","COD_DISB":"7-4","AREA":937940.644902},"geometry":{"type":"Polygon","coordinates":[[[-3.68934803,40.4293783],[-3.68970804,40.42798826],[-3.69006805,40.42661822],[-3.69045806,40.42525818],[-3.69138809,40.42547818],[-3.69384815,40.42669822],[-3.69511819,40.42733824],[-3.69575821,40.42763825],[-3.69581821,40.42809826],[-3.69650823,40.42970831],[-3.69699824,40.43085835],[-3.69737825,40.43171837],[-3.69762826,40.43228839],[-3.69772826,40.43250839],[-3.69814827,40.43349842],[-3.69874829,40.43493847],[-3.6991083,40.43577849],[-3.69950831,40.43671852],[-3.70026833,40.43848858],[-3.6993283,40.43843857],[-3.69853828,40.43839857],[-3.69778826,40.43835857],[-3.69629822,40.43828857],[-3.69290813,40.43812856],[-3.69072807,40.43798856],[-3.68938803,40.4360985],[-3.68877802,40.43519848],[-3.68875802,40.43516848],[-3.68841801,40.43304841],[-3.68845801,40.43289841],[-3.68903802,40.43061834],[-3.68934803,40.4293883],[-3.68934803,40.4293783]]]}},{"type":"Feature","properties":{"CODDIS":"7","NOMDIS":"Chamberí","COD_BAR":"075","NOMBRE":"Ríos Rosas","COD_DIS_TX":"07","BARRIO_MAY":"RIOS ROSAS","COD_DISBAR":"75","NUM_BAR":"5","BARRIO_MT":"RÍOS ROSAS","COD_DISB":"7-5","AREA":975419.55401},"geometry":{"type":"Polygon","coordinates":[[[-3.69125808,40.44622881],[-3.6917881,40.44126866],[-3.69111808,40.4392186],[-3.69071807,40.43798856],[-3.69290813,40.43812856],[-3.69629822,40.43828857],[-3.69778826,40.43835857],[-3.69853828,40.43839857],[-3.6993283,40.43843857],[-3.70026833,40.43848858],[-3.70107835,40.43853858],[-3.70423843,40.43867858],[-3.70409843,40.44212869],[-3.70405843,40.44327872],[-3.70398843,40.44544879],[-3.70394843,40.44686883],[-3.70092835,40.44670882],[-3.70032833,40.44667882],[-3.6993283,40.44662882],[-3.69865828,40.44659882],[-3.69712824,40.44651882],[-3.6955682,40.44644882],[-3.69500819,40.44641881],[-3.69125808,40.44621881],[-3.69125808,40.44622881]]]}},{"type":"Feature","properties":{"CODDIS":"7","NOMDIS":"Chamberí","COD_BAR":"076","NOMBRE":"Vallehermoso","COD_DIS_TX":"07","BARRIO_MAY":"VALLEHERMOSO","COD_DISBAR":"76","NUM_BAR":"6","BARRIO_MT":"VALLEHERMOSO","COD_DISB":"7-6","AREA":1069238.34174},"geometry":{"type":"Polygon","coordinates":[[[-3.70394843,40.44686883],[-3.70398843,40.44544879],[-3.70405843,40.44327872],[-3.70409843,40.44212869],[-3.70423843,40.43867858],[-3.7064985,40.43873858],[-3.70704851,40.43875858],[-3.70828854,40.43879858],[-3.70994859,40.43885859],[-3.71112862,40.43890859],[-3.71285867,40.43899859],[-3.7141187,40.43905859],[-3.71521873,40.43910859],[-3.71638876,40.4391686],[-3.7176388,40.4392286],[-3.7176088,40.4394286],[-3.71759879,40.43949861],[-3.71759879,40.43963861],[-3.7176188,40.43985862],[-3.7176388,40.43993862],[-3.7176488,40.43997862],[-3.7178788,40.44042863],[-3.71815881,40.44096865],[-3.71916884,40.44284871],[-3.71958885,40.44346873],[-3.71978885,40.44375873],[-3.71992886,40.44494877],[-3.71991886,40.44499877],[-3.71991886,40.44503877],[-3.71988886,40.44509878],[-3.71985886,40.44514878],[-3.71978885,40.44521878],[-3.71958885,40.44539878],[-3.71898883,40.4459388],[-3.71818881,40.44666882],[-3.71799881,40.44669882],[-3.7176688,40.44672882],[-3.71743879,40.44671882],[-3.71726879,40.44668882],[-3.71711878,40.44663882],[-3.71570874,40.44609881],[-3.71551874,40.4460188],[-3.71474872,40.4457688],[-3.71228865,40.44638881],[-3.7104486,40.44685883],[-3.70920857,40.44712884],[-3.70830854,40.44708884],[-3.7067785,40.44701883],[-3.70607848,40.44697883],[-3.70394843,40.44685883],[-3.70394843,40.44686883]]]}},{"type":"Feature","properties":{"CODDIS":"8","NOMDIS":"Fuencarral - El Pardo","COD_BAR":"081","NOMBRE":"El Pardo","COD_DIS_TX":"08","BARRIO_MAY":"EL PARDO","COD_DISBAR":"81","NUM_BAR":"1","BARRIO_MT":"EL PARDO","COD_DISB":"8-1","AREA":187583247.981},"geometry":{"type":"Polygon","coordinates":[[[-3.83665201,40.47957982],[-3.83665201,40.47957982],[-3.836562,40.48007983],[-3.836492,40.48053985],[-3.836472,40.48057985],[-3.836492,40.48061985],[-3.836532,40.48065985],[-3.83668201,40.48083985],[-3.83668201,40.48084985],[-3.836552,40.48097986],[-3.836472,40.48105986],[-3.836352,40.48117986],[-3.836342,40.48118986],[-3.836342,40.48126987],[-3.836332,40.48130987],[-3.836322,40.48134987],[-3.83626199,40.48169988],[-3.83620199,40.48177988],[-3.83602199,40.48204989],[-3.83588198,40.48212989],[-3.83566198,40.4822499],[-3.83550197,40.4823399],[-3.83531197,40.4824399],[-3.83511196,40.48254991],[-3.83510196,40.48255991],[-3.83503196,40.48269991],[-3.83479196,40.48312992],[-3.83460195,40.48346993],[-3.83445195,40.48372994],[-3.83443195,40.48375994],[-3.83426194,40.48404995],[-3.83423194,40.48411995],[-3.83403193,40.48462997],[-3.83397193,40.48478997],[-3.83391193,40.48494998],[-3.83386193,40.48506998],[-3.83382193,40.48516998],[-3.83380193,40.48522999],[-3.83364192,40.48549999],[-3.83346192,40.4858],[-3.83334192,40.48599001],[-3.83337192,40.48618002],[-3.83331192,40.48674003],[-3.83327191,40.48714004],[-3.83323191,40.48757006],[-3.83321191,40.48779006],[-3.83321191,40.48785007],[-3.83345192,40.48968012],[-3.83347192,40.48985013],[-3.83355192,40.49009013],[-3.83362192,40.49028014],[-3.83368193,40.49046014],[-3.83377193,40.49073015],[-3.83382193,40.49089016],[-3.83387193,40.49103016],[-3.83394193,40.49121017],[-3.83406194,40.49152018],[-3.83423194,40.49196019],[-3.83424194,40.49201019],[-3.83431194,40.49267021],[-3.83442195,40.49365024],[-3.83447195,40.49408025],[-3.83457195,40.49422026],[-3.83475195,40.49444026],[-3.83500196,40.49466027],[-3.83526197,40.49489028],[-3.83573198,40.49530029],[-3.83598199,40.4956003],[-3.836442,40.49613032],[-3.83690201,40.49666033],[-3.83724202,40.49706034],[-3.83754203,40.49742035],[-3.83775203,40.49767036],[-3.83867206,40.49861039],[-3.83931208,40.49926041],[-3.83946208,40.49941041],[-3.83929208,40.50018044],[-3.83920207,40.50060045],[-3.83870206,40.50285052],[-3.83854206,40.50309053],[-3.83832205,40.50342054],[-3.83804204,40.50383055],[-3.83793204,40.50400055],[-3.83779204,40.50427056],[-3.83770203,40.50446057],[-3.83761203,40.50470057],[-3.83743203,40.50521059],[-3.83717202,40.50592061],[-3.83866206,40.50631062],[-3.83913207,40.50643063],[-3.83925208,40.50646063],[-3.8402921,40.50673064],[-3.84228216,40.50725065],[-3.84516223,40.50799067],[-3.84923234,40.50905071],[-3.84978236,40.5088407],[-3.84980236,40.5088507],[-3.85230243,40.50961072],[-3.85261244,40.50981073],[-3.85265244,40.50996073],[-3.85300245,40.51051075],[-3.85333246,40.51091076],[-3.85358246,40.51122077],[-3.85376247,40.51148078],[-3.85397247,40.51183079],[-3.85409248,40.5120308],[-3.85343246,40.51457087],[-3.85230243,40.5155109],[-3.85195242,40.51677094],[-3.85181241,40.51695094],[-3.85162241,40.51717095],[-3.85161241,40.51720095],[-3.8513624,40.51768097],[-3.85181241,40.51831099],[-3.85340246,40.51955102],[-3.85374247,40.52018104],[-3.85399247,40.52060105],[-3.85429248,40.52110107],[-3.85434248,40.52118107],[-3.85445249,40.52138108],[-3.85446249,40.52139108],[-3.85446249,40.52140108],[-3.85446249,40.52141108],[-3.85445249,40.52160108],[-3.85445249,40.52260111],[-3.85439248,40.52277112],[-3.85429248,40.52305113],[-3.85418248,40.52338114],[-3.85391247,40.52412116],[-3.85387247,40.52418116],[-3.85384247,40.52430117],[-3.85378247,40.52444117],[-3.85454249,40.52523119],[-3.85473249,40.5254212],[-3.8548425,40.5255412],[-3.8551225,40.52565121],[-3.85620253,40.52695125],[-3.85678255,40.52730126],[-3.85703255,40.52745126],[-3.85731256,40.52762127],[-3.85752257,40.52774127],[-3.85779258,40.52790127],[-3.85781258,40.52803128],[-3.85784258,40.52818128],[-3.85788258,40.52834129],[-3.85791258,40.52841129],[-3.85798258,40.52855129],[-3.85806258,40.5287013],[-3.85815259,40.5288713],[-3.85822259,40.52899131],[-3.85831259,40.52917131],[-3.85832259,40.52922131],[-3.85835259,40.52935132],[-3.85838259,40.52952132],[-3.85840259,40.52965133],[-3.85843259,40.52979133],[-3.85826259,40.53003134],[-3.85820259,40.53013134],[-3.85832259,40.53020134],[-3.8585426,40.53033135],[-3.8586626,40.53040135],[-3.8587626,40.53050135],[-3.85894261,40.53067136],[-3.85912261,40.53083136],[-3.85922261,40.53092137],[-3.85929262,40.53098137],[-3.85953262,40.53120137],[-3.85961262,40.53128138],[-3.85968263,40.53140138],[-3.85983263,40.53164139],[-3.86003264,40.5319614],[-3.86048265,40.53262142],[-3.86068265,40.53290143],[-3.86099266,40.53306143],[-3.86116267,40.53315143],[-3.86142267,40.53333144],[-3.86148267,40.53340144],[-3.86168268,40.53359145],[-3.86176268,40.53367145],[-3.86183268,40.53374145],[-3.86201269,40.53392146],[-3.86221269,40.53411146],[-3.8623827,40.53423147],[-3.8625227,40.53432147],[-3.86279271,40.53449147],[-3.86306272,40.53467148],[-3.86307272,40.53472148],[-3.86313272,40.53491149],[-3.86318272,40.53509149],[-3.86337273,40.53571151],[-3.86351273,40.53620153],[-3.86358273,40.53644153],[-3.86370273,40.53685155],[-3.86389274,40.53748156],[-3.86391274,40.53755157],[-3.86392274,40.53764157],[-3.86392274,40.53776157],[-3.86391274,40.53813158],[-3.86389274,40.5387316],[-3.86390274,40.53914161],[-3.86391274,40.53925162],[-3.86402274,40.53936162],[-3.86409275,40.53943162],[-3.86413275,40.53947162],[-3.86420275,40.53953163],[-3.86425275,40.53958163],[-3.86430275,40.53963163],[-3.86434275,40.53974163],[-3.86436275,40.53979163],[-3.86439275,40.53988164],[-3.86442275,40.53998164],[-3.86445275,40.54009164],[-3.86449276,40.54023165],[-3.86454276,40.54037165],[-3.86459276,40.54051166],[-3.86464276,40.54067166],[-3.86468276,40.54077166],[-3.86474276,40.54095167],[-3.86480276,40.54112167],[-3.86487277,40.54133168],[-3.86490277,40.54143168],[-3.86498277,40.54166169],[-3.86504277,40.5418417],[-3.86517277,40.5420117],[-3.86553278,40.54240171],[-3.86557279,40.54268172],[-3.86558279,40.54279172],[-3.86558279,40.54283173],[-3.86561279,40.54298173],[-3.86564279,40.54317174],[-3.86566279,40.54330174],[-3.86569279,40.54342174],[-3.86575279,40.54349175],[-3.86582279,40.54358175],[-3.86593279,40.54372175],[-3.8661428,40.54400176],[-3.8662528,40.54414177],[-3.86639281,40.54432177],[-3.86645281,40.54440177],[-3.86669282,40.54470178],[-3.86681282,40.54486179],[-3.86689282,40.54496179],[-3.86691282,40.54498179],[-3.86700282,40.54509179],[-3.86704282,40.5451318],[-3.86709283,40.5451918],[-3.86725283,40.5453918],[-3.86735283,40.54551181],[-3.86739283,40.54555181],[-3.86753284,40.54568181],[-3.86770284,40.54582182],[-3.86785285,40.54595182],[-3.86797285,40.54605182],[-3.86815285,40.54620183],[-3.86839286,40.54641183],[-3.86860287,40.54659184],[-3.86876287,40.54672184],[-3.86900288,40.54693185],[-3.86920288,40.54713186],[-3.86934289,40.54727186],[-3.86950289,40.54743186],[-3.86940289,40.54764187],[-3.86926288,40.54796188],[-3.86913288,40.54822189],[-3.86921288,40.54836189],[-3.86934289,40.5485919],[-3.86958289,40.54900191],[-3.8698029,40.54941192],[-3.8699829,40.54972193],[-3.87010291,40.54993194],[-3.87022291,40.55015195],[-3.87034291,40.55034195],[-3.87047292,40.55054196],[-3.87053292,40.55064196],[-3.87060292,40.55076197],[-3.87068292,40.55089197],[-3.87074292,40.55099197],[-3.87084293,40.55117198],[-3.87092293,40.55124198],[-3.87108293,40.55137198],[-3.87124294,40.55150199],[-3.87142294,40.55164199],[-3.87168295,40.551852],[-3.87194296,40.552072],[-3.87223296,40.55232201],[-3.87230297,40.55246202],[-3.87248297,40.55278203],[-3.87269298,40.55316204],[-3.87286298,40.55346205],[-3.87291298,40.55370205],[-3.87300299,40.55411207],[-3.87307299,40.55443208],[-3.87313299,40.55474209],[-3.87308299,40.55495209],[-3.87302299,40.5552421],[-3.87302299,40.5552721],[-3.87302299,40.5552821],[-3.87302299,40.5552921],[-3.87306299,40.5553721],[-3.87312299,40.55553211],[-3.87314299,40.55558211],[-3.87318299,40.55567211],[-3.87324299,40.55581212],[-3.87325299,40.55587212],[-3.87326299,40.55590212],[-3.87328299,40.55600212],[-3.87329299,40.55603212],[-3.873373,40.55620213],[-3.873423,40.55631213],[-3.873503,40.55649214],[-3.873553,40.55659214],[-3.873643,40.55678215],[-3.873703,40.55694215],[-3.87375301,40.55708216],[-3.87380301,40.55723216],[-3.87384301,40.55734216],[-3.87391301,40.55755217],[-3.87393301,40.55761217],[-3.87407301,40.55772218],[-3.87410302,40.55777218],[-3.87413302,40.55779218],[-3.87438302,40.55787218],[-3.87453303,40.55792218],[-3.87522305,40.55815219],[-3.87531305,40.55834219],[-3.87541305,40.5585522],[-3.87553305,40.55884221],[-3.87564306,40.55886221],[-3.87627307,40.55899221],[-3.87656308,40.55905222],[-3.87677309,40.55909222],[-3.8772431,40.55920222],[-3.8773931,40.55925222],[-3.87766311,40.55934222],[-3.87789312,40.55942223],[-3.87867314,40.55956223],[-3.87904315,40.55963223],[-3.87947316,40.55963223],[-3.87982317,40.55964223],[-3.88028318,40.55965223],[-3.88069319,40.55966223],[-3.88142321,40.55968223],[-3.88218323,40.55969223],[-3.88234324,40.55976224],[-3.88247324,40.55981224],[-3.88263325,40.55987224],[-3.88278325,40.55993224],[-3.88304326,40.56003225],[-3.88332326,40.56014225],[-3.88367327,40.56027225],[-3.88389328,40.56036226],[-3.88414329,40.56046226],[-3.88430329,40.56052226],[-3.88440329,40.56059226],[-3.8844933,40.56064226],[-3.8846333,40.56073227],[-3.8847333,40.56079227],[-3.88491331,40.56090227],[-3.88508331,40.56109228],[-3.88506331,40.56139229],[-3.88503331,40.5618123],[-3.88498331,40.5618923],[-3.8847933,40.56216231],[-3.8846933,40.56230231],[-3.8845633,40.56248232],[-3.88444329,40.56263232],[-3.88438329,40.56271233],[-3.88428329,40.56285233],[-3.88424329,40.56290233],[-3.88421329,40.56294233],[-3.88411329,40.56307234],[-3.88400328,40.56322234],[-3.88398328,40.56335235],[-3.88396328,40.56355235],[-3.88395328,40.56365235],[-3.88394328,40.56376236],[-3.88392328,40.56391236],[-3.88401328,40.56400236],[-3.88417329,40.56416237],[-3.88429329,40.56427237],[-3.88433329,40.56430237],[-3.88442329,40.56438238],[-3.8845533,40.56448238],[-3.8847733,40.56466238],[-3.88498331,40.56482239],[-3.88517331,40.56497239],[-3.88535332,40.5651124],[-3.88551332,40.5652424],[-3.88583333,40.56549241],[-3.88597334,40.56559241],[-3.88603334,40.56564241],[-3.88609334,40.56568242],[-3.88616334,40.56573242],[-3.88619334,40.56575242],[-3.88624334,40.56578242],[-3.88653335,40.56596242],[-3.88665335,40.56603243],[-3.88683336,40.56614243],[-3.88689336,40.56618243],[-3.88700336,40.56631243],[-3.88717337,40.56652244],[-3.88729337,40.56682245],[-3.88738337,40.56703246],[-3.88746338,40.56721246],[-3.88764338,40.56760247],[-3.88767338,40.56766248],[-3.88778338,40.56791248],[-3.88788339,40.56813249],[-3.88798339,40.5683425],[-3.88800339,40.5685525],[-3.88802339,40.56870251],[-3.88811339,40.56906252],[-3.8881934,40.56918252],[-3.8883234,40.56938253],[-3.8884234,40.56957253],[-3.88856341,40.56986254],[-3.88874341,40.57023255],[-3.88884341,40.57045256],[-3.88893342,40.57066257],[-3.88904342,40.57091257],[-3.88896342,40.57114258],[-3.88873341,40.5717926],[-3.88862341,40.57200261],[-3.8885234,40.57220261],[-3.8884834,40.57228261],[-3.8882934,40.57241262],[-3.88813339,40.57253262],[-3.88794339,40.57266263],[-3.88777338,40.57278263],[-3.88757338,40.57292263],[-3.88730337,40.57311264],[-3.88715337,40.57321264],[-3.88691336,40.57338265],[-3.88671336,40.57352265],[-3.88650335,40.57367266],[-3.88624334,40.57386266],[-3.88610334,40.57396267],[-3.88592333,40.57409267],[-3.88581333,40.57417267],[-3.88575333,40.57429268],[-3.88572333,40.57435268],[-3.88564333,40.57450268],[-3.88556332,40.57466269],[-3.88539332,40.5750027],[-3.88534332,40.5751127],[-3.88526332,40.57532271],[-3.88511331,40.57571272],[-3.88494331,40.57615273],[-3.8848133,40.57650274],[-3.8846933,40.57683275],[-3.8846133,40.57702276],[-3.8845033,40.57732277],[-3.88442329,40.57752277],[-3.88439329,40.57761278],[-3.88433329,40.57778278],[-3.88419329,40.57815279],[-3.88400328,40.57864281],[-3.88391328,40.57889281],[-3.88380328,40.57916282],[-3.88381328,40.57946283],[-3.88381328,40.57959284],[-3.88382328,40.57979284],[-3.88383328,40.58001285],[-3.88384328,40.58017285],[-3.88385328,40.58031286],[-3.88385328,40.58038286],[-3.88404328,40.58065287],[-3.88420329,40.58107288],[-3.88422329,40.58116288],[-3.88423329,40.58125289],[-3.88425329,40.58135289],[-3.88417329,40.58148289],[-3.88415329,40.58151289],[-3.88406328,40.5816629],[-3.88399328,40.5817929],[-3.88390328,40.58195291],[-3.88378328,40.58216291],[-3.88367327,40.58235292],[-3.88356327,40.58253292],[-3.88352327,40.58259293],[-3.88357327,40.58272293],[-3.88362327,40.58284293],[-3.88369327,40.58299294],[-3.88381328,40.58327295],[-3.88389328,40.58344295],[-3.88388328,40.58352295],[-3.88387328,40.58370296],[-3.88385328,40.58397297],[-3.88383328,40.58425298],[-3.88382328,40.58445298],[-3.88381328,40.58467299],[-3.88380328,40.58486299],[-3.88378328,40.585153],[-3.88378328,40.58523301],[-3.88377328,40.58532301],[-3.88357327,40.58531301],[-3.88326326,40.58547301],[-3.88290325,40.58565302],[-3.88254324,40.58583302],[-3.88218323,40.58601303],[-3.88195323,40.58613303],[-3.88169322,40.58626304],[-3.88151321,40.58635304],[-3.88130321,40.58646304],[-3.8810332,40.58659305],[-3.88073319,40.58674305],[-3.88043319,40.58689306],[-3.88017318,40.58704306],[-3.88010318,40.58708306],[-3.87991317,40.58719307],[-3.87978317,40.58726307],[-3.87954316,40.58740307],[-3.87935316,40.58751307],[-3.87927315,40.58755308],[-3.87914315,40.58763308],[-3.87902315,40.58770308],[-3.87870314,40.58789309],[-3.87840313,40.58807309],[-3.87822313,40.58814309],[-3.87800312,40.5882331],[-3.87771311,40.5883431],[-3.8773031,40.5885031],[-3.87693309,40.58864311],[-3.87677309,40.58878311],[-3.87651308,40.58900312],[-3.87619307,40.58928313],[-3.87624307,40.58953314],[-3.87627307,40.58966314],[-3.87626307,40.58983314],[-3.87625307,40.58998315],[-3.87598307,40.59018316],[-3.87578306,40.59027316],[-3.87566306,40.59032316],[-3.87537305,40.59044316],[-3.87508304,40.59055317],[-3.87492304,40.59062317],[-3.87467303,40.59076317],[-3.87451303,40.59086318],[-3.87436302,40.59095318],[-3.87415302,40.59107318],[-3.87398301,40.59116318],[-3.873663,40.59119319],[-3.873403,40.59121319],[-3.87306299,40.59123319],[-3.87292298,40.59125319],[-3.87278298,40.59127319],[-3.87253297,40.59131319],[-3.87192296,40.59139319],[-3.87178295,40.59142319],[-3.87156295,40.59147319],[-3.87127294,40.5915332],[-3.87104293,40.5915832],[-3.87084293,40.5916232],[-3.87014291,40.5917732],[-3.8698129,40.59184321],[-3.86958289,40.59189321],[-3.86930289,40.59195321],[-3.86899288,40.59201321],[-3.86872287,40.59206321],[-3.86843286,40.59208321],[-3.86814285,40.59211321],[-3.86789285,40.59213321],[-3.86767284,40.59215321],[-3.86744284,40.59217322],[-3.86736283,40.59214321],[-3.86695282,40.59197321],[-3.86660281,40.59191321],[-3.86631281,40.59185321],[-3.8660228,40.5917932],[-3.86592279,40.5916832],[-3.86586279,40.5916232],[-3.86573279,40.59149319],[-3.86560279,40.59136319],[-3.86553278,40.59128319],[-3.86544278,40.59114318],[-3.86525278,40.59084318],[-3.86509277,40.59059317],[-3.86497277,40.59041316],[-3.86464276,40.59019316],[-3.86432275,40.58998315],[-3.86400274,40.58977314],[-3.86367273,40.58955314],[-3.86360273,40.58950313],[-3.86325272,40.58941313],[-3.86284271,40.58930313],[-3.8624427,40.58919313],[-3.86198269,40.58906312],[-3.86137267,40.58889312],[-3.86114267,40.58877311],[-3.86085266,40.58862311],[-3.86061265,40.5885031],[-3.86017264,40.5882731],[-3.85999263,40.5881831],[-3.85982263,40.58815309],[-3.85935262,40.58806309],[-3.8588826,40.58797309],[-3.8585626,40.58791309],[-3.85832259,40.58792309],[-3.85809258,40.58793309],[-3.85777257,40.58796309],[-3.85719256,40.58802309],[-3.85625253,40.58812309],[-3.85605253,40.58814309],[-3.85546251,40.5882231],[-3.8550225,40.58800309],[-3.8548925,40.58802309],[-3.8548325,40.58805309],[-3.85460249,40.5882031],[-3.85428248,40.5884331],[-3.85421248,40.5884731],[-3.85412248,40.58854311],[-3.85374247,40.58884311],[-3.85349246,40.58892312],[-3.85300245,40.58908312],[-3.85295244,40.58910312],[-3.85279244,40.58918313],[-3.85263244,40.58926313],[-3.85243243,40.58936313],[-3.85217242,40.58949313],[-3.85170241,40.58973314],[-3.8514324,40.58987315],[-3.8512124,40.58997315],[-3.85098239,40.59009315],[-3.85055238,40.59030316],[-3.85048238,40.59034316],[-3.85026237,40.59045316],[-3.84939235,40.59076317],[-3.84878233,40.59096318],[-3.84827232,40.59096318],[-3.84812231,40.59098318],[-3.8476323,40.59105318],[-3.8474323,40.59108318],[-3.84674228,40.59119319],[-3.84630227,40.59126319],[-3.84567225,40.59136319],[-3.84526224,40.5915932],[-3.84465222,40.59193321],[-3.84428221,40.59206321],[-3.84367219,40.59228322],[-3.84343219,40.59237322],[-3.84310218,40.59243322],[-3.84278217,40.59249323],[-3.84246216,40.59254323],[-3.84171214,40.59267323],[-3.84142213,40.59261323],[-3.84057211,40.59241322],[-3.83973209,40.59210321],[-3.83849205,40.5916432],[-3.83771203,40.59135319],[-3.83682201,40.5915432],[-3.83670201,40.5915732],[-3.83615199,40.5918032],[-3.83581198,40.59194321],[-3.83546197,40.59209321],[-3.83541197,40.59211321],[-3.83475195,40.59256323],[-3.83440194,40.59279323],[-3.83384193,40.59317325],[-3.83340192,40.59347325],[-3.83334192,40.59350326],[-3.83328191,40.59352326],[-3.83324191,40.59353326],[-3.8327519,40.59365326],[-3.83256189,40.59370326],[-3.83226189,40.59377326],[-3.83194188,40.59385327],[-3.83148187,40.59390327],[-3.83091185,40.59396327],[-3.83018183,40.59403327],[-3.83008183,40.59406327],[-3.82957181,40.59419328],[-3.8289718,40.59435328],[-3.82865179,40.59444328],[-3.82808177,40.59459329],[-3.82756176,40.59468329],[-3.82739176,40.59469329],[-3.82715175,40.59470329],[-3.82641173,40.59473329],[-3.82496169,40.59459329],[-3.82401166,40.59450329],[-3.82276163,40.59438328],[-3.82218162,40.59453329],[-3.8216916,40.59465329],[-3.82111159,40.59480329],[-3.82030156,40.5950033],[-3.81890153,40.5950133],[-3.81740149,40.5950133],[-3.81615145,40.5950033],[-3.81445141,40.59541331],[-3.81394139,40.59613334],[-3.81264136,40.59684336],[-3.81254136,40.59690336],[-3.81136132,40.59736337],[-3.80796123,40.59895342],[-3.80715121,40.59933343],[-3.80633119,40.59972344],[-3.80617118,40.59979345],[-3.80603118,40.59986345],[-3.80633119,40.60033346],[-3.8069512,40.60128349],[-3.80773123,40.60250353],[-3.80875125,40.60405357],[-3.80888126,40.60426358],[-3.80914126,40.60463359],[-3.80925127,40.6048036],[-3.80939127,40.6050136],[-3.80942127,40.60510361],[-3.80954127,40.60537361],[-3.80969128,40.60567362],[-3.80969128,40.60568362],[-3.80971128,40.60574363],[-3.80971128,40.60578363],[-3.80971128,40.60580363],[-3.80971128,40.60582363],[-3.80971128,40.60587363],[-3.80976128,40.60584363],[-3.80981128,40.60580363],[-3.80987128,40.60592363],[-3.80978128,40.60601363],[-3.80983128,40.60609364],[-3.81005129,40.60647365],[-3.81007129,40.60650365],[-3.81011129,40.60656365],[-3.81013129,40.60660365],[-3.81015129,40.60663365],[-3.81017129,40.60666365],[-3.81022129,40.60671365],[-3.81024129,40.60674366],[-3.81026129,40.60676366],[-3.81029129,40.60679366],[-3.8103213,40.60681366],[-3.8103413,40.60682366],[-3.8103813,40.60684366],[-3.8104913,40.60690366],[-3.8105413,40.60693366],[-3.8105813,40.60695366],[-3.8106713,40.60700366],[-3.81073131,40.60703366],[-3.81079131,40.60706367],[-3.81085131,40.60708367],[-3.81090131,40.60710367],[-3.81096131,40.60712367],[-3.81106132,40.60715367],[-3.81115132,40.60717367],[-3.81130132,40.60719367],[-3.81137132,40.60721367],[-3.81147133,40.60726367],[-3.81177133,40.60744368],[-3.81231135,40.60776369],[-3.81252135,40.60788369],[-3.81280136,40.6081637],[-3.81283136,40.6082837],[-3.81277136,40.6083137],[-3.81262136,40.6083637],[-3.81247135,40.60843371],[-3.81241135,40.60848371],[-3.81236135,40.60850371],[-3.81230135,40.60852371],[-3.81211134,40.60859371],[-3.81202134,40.60862371],[-3.81196134,40.60864371],[-3.81192134,40.60865371],[-3.81181134,40.60872372],[-3.81165133,40.60870371],[-3.81157133,40.60869371],[-3.81147133,40.60871371],[-3.81139132,40.60881372],[-3.81132132,40.60889372],[-3.81121132,40.60901372],[-3.81108132,40.60916373],[-3.81097131,40.60929373],[-3.81084131,40.60939374],[-3.81082131,40.60939374],[-3.81074131,40.60941374],[-3.8105213,40.60943374],[-3.8103913,40.60944374],[-3.81031129,40.60945374],[-3.81031129,40.60945374],[-3.81027129,40.60947374],[-3.81020129,40.60947374],[-3.81017129,40.60947374],[-3.81011129,40.60946374],[-3.80998129,40.60943374],[-3.80997129,40.60949374],[-3.80996129,40.60951374],[-3.80987128,40.60964374],[-3.80982128,40.60971375],[-3.80976128,40.60980375],[-3.80971128,40.60983375],[-3.80963128,40.60986375],[-3.80944127,40.60986375],[-3.80941127,40.60968374],[-3.80937127,40.60949374],[-3.80929127,40.60939374],[-3.80920127,40.60930373],[-3.80913126,40.60929373],[-3.80904126,40.60928373],[-3.80877125,40.60924373],[-3.80868125,40.60923373],[-3.80844124,40.60919373],[-3.80825124,40.60916373],[-3.80813124,40.60917373],[-3.80801123,40.60918373],[-3.80780123,40.60919373],[-3.80741122,40.60920373],[-3.80729121,40.60924373],[-3.80699121,40.60935373],[-3.8069712,40.60936373],[-3.8067312,40.60942374],[-3.80653119,40.60945374],[-3.80623118,40.60950374],[-3.80622118,40.60950374],[-3.80610118,40.60928373],[-3.80609118,40.60927373],[-3.80609118,40.60926373],[-3.80609118,40.60925373],[-3.80618118,40.60912373],[-3.80621118,40.60908373],[-3.80644119,40.60874372],[-3.80647119,40.60864371],[-3.80629119,40.60839371],[-3.80628119,40.60803369],[-3.80615118,40.60791369],[-3.80596118,40.60784369],[-3.80590118,40.60781369],[-3.80577117,40.60773369],[-3.80561117,40.60763368],[-3.80500115,40.60724367],[-3.80492115,40.60719367],[-3.80488115,40.60718367],[-3.80401113,40.60690366],[-3.80337111,40.60669365],[-3.8030811,40.60659365],[-3.80222108,40.60630364],[-3.80174106,40.60634364],[-3.80057103,40.60589363],[-3.80036103,40.6048336],[-3.80036103,40.6048236],[-3.80067104,40.60429358],[-3.80106105,40.60362356],[-3.80117105,40.60343356],[-3.80148106,40.60288354],[-3.80161106,40.60266353],[-3.80186107,40.60224352],[-3.80213107,40.6017535],[-3.80230108,40.6014635],[-3.80247108,40.60114349],[-3.80259109,40.60091348],[-3.80267109,40.60075347],[-3.8029811,40.60017346],[-3.8030011,40.60012346],[-3.8030511,40.60004345],[-3.8031811,40.59978345],[-3.8032611,40.59963344],[-3.80339111,40.59938343],[-3.80357111,40.59903342],[-3.80360111,40.59896342],[-3.80343111,40.59885342],[-3.8030711,40.59885342],[-3.80267109,40.59886342],[-3.80119105,40.59886342],[-3.80061103,40.59874341],[-3.79999102,40.59859341],[-3.79985101,40.59856341],[-3.799201,40.59846341],[-3.79871098,40.59871341],[-3.79858098,40.59878342],[-3.79795096,40.59922343],[-3.79774096,40.59938343],[-3.79732094,40.59967344],[-3.79682093,40.59985345],[-3.79611091,40.59987345],[-3.7958109,40.59987345],[-3.79539089,40.59988345],[-3.79463087,40.59979345],[-3.79421086,40.59974344],[-3.79300083,40.59943343],[-3.79236081,40.59929343],[-3.7920708,40.59924343],[-3.79124078,40.59912343],[-3.79093077,40.59908342],[-3.79039076,40.59900342],[-3.78999075,40.59895342],[-3.78913072,40.59906342],[-3.7881607,40.59952344],[-3.78732067,40.59991345],[-3.78640065,40.60034346],[-3.78573063,40.60036346],[-3.78510062,40.60044347],[-3.7845406,40.60104348],[-3.78407059,40.60138349],[-3.78356057,40.6017335],[-3.78288056,40.6016835],[-3.78234054,40.6014335],[-3.78171052,40.60078348],[-3.78109051,40.60089348],[-3.78056049,40.60099348],[-3.77986047,40.60114349],[-3.77901045,40.6017235],[-3.77834043,40.6017135],[-3.7772504,40.60133349],[-3.77661039,40.60115349],[-3.77585037,40.60093348],[-3.77551036,40.60084348],[-3.77547036,40.60083348],[-3.77510035,40.60073347],[-3.77479034,40.60064347],[-3.77439033,40.60054347],[-3.77387031,40.60044347],[-3.7733203,40.60033346],[-3.77286029,40.60024346],[-3.77255028,40.60018346],[-3.77198026,40.60011346],[-3.77148025,40.60005345],[-3.77108024,40.60000345],[-3.77068023,40.59995345],[-3.77040022,40.59992345],[-3.77004021,40.59987345],[-3.7695402,40.59981345],[-3.76913018,40.59976344],[-3.76825016,40.59966344],[-3.76771015,40.59945344],[-3.76739014,40.59930343],[-3.76637011,40.59879342],[-3.7660601,40.59864341],[-3.76542008,40.5984334],[-3.76533008,40.5984034],[-3.76430005,40.5983234],[-3.76403005,40.5982534],[-3.76367004,40.5981534],[-3.76321002,40.59802339],[-3.76231,40.59777338],[-3.76226,40.59775338],[-3.76164998,40.59751338],[-3.76097996,40.59725337],[-3.76076996,40.59720337],[-3.76032995,40.59710336],[-3.75994994,40.59701336],[-3.75955993,40.59679335],[-3.75934992,40.59667335],[-3.75914992,40.59653335],[-3.75909991,40.59649335],[-3.75893991,40.59637334],[-3.7585799,40.59610333],[-3.7585699,40.59610333],[-3.7585599,40.59610333],[-3.75794988,40.59606333],[-3.75777988,40.59606333],[-3.75747987,40.59607333],[-3.75720986,40.59597333],[-3.75442979,40.5950033],[-3.75374977,40.59476329],[-3.75305975,40.59477329],[-3.75239973,40.59441328],[-3.75231973,40.59436328],[-3.75229973,40.59434328],[-3.75062969,40.59278323],[-3.75024968,40.59243322],[-3.74935965,40.59270323],[-3.74590956,40.59219322],[-3.74589956,40.59219322],[-3.74548955,40.59188321],[-3.74446952,40.5915732],[-3.7438295,40.59140319],[-3.74235946,40.59102318],[-3.74091942,40.59064317],[-3.73978939,40.58930313],[-3.73926938,40.58806309],[-3.73907937,40.58781308],[-3.73865936,40.58695306],[-3.73826935,40.58648304],[-3.73783934,40.58628304],[-3.73736933,40.58608303],[-3.73665931,40.58591303],[-3.73593929,40.58572302],[-3.73562928,40.58569302],[-3.73542928,40.58567302],[-3.73526927,40.58564302],[-3.73508927,40.58561302],[-3.73466926,40.58553301],[-3.73456925,40.58551301],[-3.73444925,40.58549301],[-3.73435925,40.58547301],[-3.73408924,40.58539301],[-3.73380923,40.58536301],[-3.73366923,40.58534301],[-3.73326922,40.58528301],[-3.73288921,40.58533301],[-3.73240919,40.58540301],[-3.73114916,40.58525301],[-3.73074915,40.58520301],[-3.73056914,40.585183],[-3.73032914,40.585153],[-3.73012913,40.585123],[-3.72991913,40.585103],[-3.72925911,40.584873],[-3.72829908,40.58454299],[-3.72786907,40.58441298],[-3.72739906,40.58427298],[-3.72677904,40.58409297],[-3.72656904,40.58403297],[-3.72611902,40.58390297],[-3.725159,40.58363296],[-3.72480899,40.58353295],[-3.72369896,40.58321294],[-3.72354896,40.58317294],[-3.72209892,40.58276293],[-3.7215389,40.58260293],[-3.72076888,40.58222292],[-3.71952885,40.58213291],[-3.71876883,40.58240292],[-3.71839882,40.58253292],[-3.71735879,40.58290294],[-3.71658877,40.58284293],[-3.71614876,40.58280293],[-3.71464872,40.58266293],[-3.71381869,40.58301294],[-3.71310867,40.58330295],[-3.71175864,40.58308294],[-3.71159863,40.58305294],[-3.71146863,40.58306294],[-3.71131863,40.58308294],[-3.71113862,40.58310294],[-3.71095862,40.58312294],[-3.70870856,40.58352295],[-3.70800854,40.58376296],[-3.70775853,40.58315294],[-3.70598848,40.58301294],[-3.70551847,40.58298294],[-3.70551847,40.58354295],[-3.70551847,40.58379296],[-3.70550847,40.58469299],[-3.70531846,40.58478299],[-3.70513846,40.58485299],[-3.70490845,40.584953],[-3.70482845,40.585013],[-3.70452844,40.58523301],[-3.70429844,40.58539301],[-3.70383842,40.58572302],[-3.70342841,40.58601303],[-3.7030784,40.58627304],[-3.70261839,40.58660305],[-3.70235838,40.58679305],[-3.70216838,40.58691306],[-3.70208838,40.58696306],[-3.70199837,40.58701306],[-3.70190837,40.58706306],[-3.70169837,40.58717306],[-3.70152836,40.58726307],[-3.70124835,40.58740307],[-3.70091835,40.58757308],[-3.70054834,40.58775308],[-3.70047833,40.58780308],[-3.69995832,40.58807309],[-3.69956831,40.5882731],[-3.6991483,40.5884931],[-3.69887829,40.58863311],[-3.69846828,40.58884311],[-3.69802827,40.58906312],[-3.69761826,40.58927313],[-3.69722825,40.58947313],[-3.69702824,40.58958314],[-3.69686824,40.58966314],[-3.69659823,40.58981314],[-3.69645822,40.58990315],[-3.69642822,40.58994315],[-3.69634822,40.59005315],[-3.69621822,40.59026316],[-3.69611822,40.59044316],[-3.69588821,40.59084318],[-3.6957182,40.59114318],[-3.6955382,40.59146319],[-3.6953782,40.5917432],[-3.69520819,40.59203321],[-3.69506819,40.59229322],[-3.69494818,40.59250323],[-3.69481818,40.59273323],[-3.69470818,40.59292324],[-3.69455817,40.59319325],[-3.69442817,40.59342325],[-3.69431817,40.59361326],[-3.69417816,40.59385327],[-3.69302813,40.59586333],[-3.69297813,40.59595333],[-3.69221811,40.59728337],[-3.69214811,40.59740337],[-3.69210811,40.59749338],[-3.69202811,40.59766338],[-3.6919981,40.59773338],[-3.6919181,40.59797339],[-3.6918281,40.5982234],[-3.69093808,40.60084348],[-3.69082807,40.60117349],[-3.69080807,40.60123349],[-3.69077807,40.60130349],[-3.69070807,40.6014535],[-3.69060807,40.6016135],[-3.69050806,40.60178351],[-3.69042806,40.60192351],[-3.68966804,40.60321355],[-3.68940803,40.60365356],[-3.68916803,40.60406357],[-3.68897802,40.60438358],[-3.68854801,40.60510361],[-3.68847801,40.60522361],[-3.68842801,40.60530361],[-3.68831801,40.60548362],[-3.688178,40.60574363],[-3.688018,40.60603363],[-3.68788799,40.60627364],[-3.68771799,40.60658365],[-3.68752798,40.60681366],[-3.68735798,40.60694366],[-3.68715797,40.60710367],[-3.68658796,40.60755368],[-3.68618795,40.60786369],[-3.68568793,40.6082537],[-3.68543793,40.60846371],[-3.68519792,40.60866371],[-3.68488791,40.60882372],[-3.68471791,40.60889372],[-3.68419789,40.60910373],[-3.68382788,40.60924373],[-3.68343787,40.60939374],[-3.68279786,40.60964374],[-3.68254785,40.60974375],[-3.68250785,40.60976375],[-3.68234784,40.60982375],[-3.68200784,40.60996375],[-3.68142782,40.61019376],[-3.68114781,40.61030376],[-3.6807578,40.61046377],[-3.68039779,40.61061377],[-3.68014778,40.61071378],[-3.67991778,40.61080378],[-3.67978778,40.61085378],[-3.67959777,40.61099378],[-3.67944777,40.61109379],[-3.67934776,40.61116379],[-3.67926776,40.61126379],[-3.67910776,40.6114538],[-3.67891775,40.6116738],[-3.67874775,40.61186381],[-3.67851774,40.61213382],[-3.67829774,40.61238383],[-3.67791772,40.61283384],[-3.67743771,40.61338386],[-3.6769677,40.61393387],[-3.6768177,40.61411388],[-3.67663769,40.61433388],[-3.67644769,40.61454389],[-3.67642768,40.61457389],[-3.67640768,40.61464389],[-3.67637768,40.6146839],[-3.67629768,40.6147839],[-3.67605767,40.61505391],[-3.67596767,40.61507391],[-3.67573767,40.61532391],[-3.67547766,40.61560392],[-3.67545766,40.61562392],[-3.67544766,40.61563392],[-3.67543766,40.61564392],[-3.67543766,40.61565392],[-3.67543766,40.61566392],[-3.67544766,40.61569393],[-3.67544766,40.61570393],[-3.67544766,40.61571393],[-3.67544766,40.61571393],[-3.67511765,40.61607394],[-3.67490764,40.61629394],[-3.67478764,40.61638395],[-3.67472764,40.61641395],[-3.67465764,40.61644395],[-3.67448763,40.61651395],[-3.67382761,40.61675396],[-3.67370761,40.61680396],[-3.6732576,40.61692396],[-3.67234757,40.61717397],[-3.67202757,40.61726397],[-3.67171756,40.61734398],[-3.67161755,40.61737398],[-3.67151755,40.61740398],[-3.67139755,40.61743398],[-3.67134755,40.61745398],[-3.67127755,40.61748398],[-3.67106754,40.61758398],[-3.66871748,40.61871402],[-3.66697743,40.61955404],[-3.66697743,40.61955404],[-3.66685743,40.61971405],[-3.66678742,40.61980405],[-3.66669742,40.62003406],[-3.66675742,40.62040407],[-3.66679742,40.62063407],[-3.66690743,40.62123409],[-3.66695743,40.6215341],[-3.66699743,40.62178411],[-3.66701743,40.62189411],[-3.66708743,40.62230413],[-3.66712743,40.62251413],[-3.66719744,40.62273414],[-3.66721744,40.62279414],[-3.66726744,40.62289414],[-3.66751744,40.62342416],[-3.66757745,40.62355416],[-3.66785745,40.62414418],[-3.66838747,40.62528422],[-3.66854747,40.62562423],[-3.66867748,40.62590423],[-3.66867748,40.62613424],[-3.66867748,40.62701427],[-3.66871748,40.62735428],[-3.66870748,40.62744428],[-3.66858747,40.62831431],[-3.66853747,40.62864432],[-3.66850747,40.62889432],[-3.66817746,40.62960435],[-3.66815746,40.62966435],[-3.66771745,40.63062438],[-3.66755745,40.63098439],[-3.66746744,40.63116439],[-3.66738744,40.6313044],[-3.6659274,40.63376447],[-3.66565739,40.63417448],[-3.66461737,40.63551452],[-3.66447736,40.63570453],[-3.66426736,40.63594454],[-3.66344733,40.63687457],[-3.66327733,40.63706457],[-3.66320733,40.63714457],[-3.66300732,40.63737458],[-3.66262731,40.63780459],[-3.66262731,40.63780459],[-3.66257731,40.63786459],[-3.66252731,40.6379446],[-3.66247731,40.6380246],[-3.66242731,40.6381246],[-3.66239731,40.63820461],[-3.66235731,40.63832461],[-3.6623273,40.63841461],[-3.6621773,40.63888463],[-3.6621673,40.63890463],[-3.6620773,40.63920464],[-3.6619873,40.63931464],[-3.66192729,40.63939464],[-3.66186729,40.63947464],[-3.66185729,40.63948464],[-3.66152728,40.63974465],[-3.66127728,40.63994466],[-3.66096727,40.64019467],[-3.66062726,40.64046467],[-3.66043725,40.64061468],[-3.65992724,40.64102469],[-3.65957723,40.6412947],[-3.65949723,40.6413547],[-3.65941723,40.6414247],[-3.65920722,40.64160471],[-3.65866721,40.64203472],[-3.65820719,40.64220473],[-3.65784718,40.64233473],[-3.65756718,40.64244473],[-3.65722717,40.64257474],[-3.65692716,40.64268474],[-3.65663715,40.64279474],[-3.65637714,40.64289475],[-3.65631714,40.64292475],[-3.65612714,40.64321476],[-3.65606714,40.64322476],[-3.65604714,40.64322476],[-3.65587713,40.64325476],[-3.65559712,40.64320476],[-3.65511711,40.64311475],[-3.65381707,40.64287475],[-3.65297705,40.64272474],[-3.65278705,40.64269474],[-3.65238704,40.64263474],[-3.65210703,40.64255474],[-3.65170702,40.64241473],[-3.65149701,40.64234473],[-3.651107,40.64220473],[-3.65045698,40.64196472],[-3.64978697,40.64172471],[-3.64929695,40.64152471],[-3.64903695,40.6414147],[-3.64903695,40.6414147],[-3.64892694,40.6413747],[-3.64889694,40.6413547],[-3.64881694,40.6412947],[-3.64870694,40.6412147],[-3.64865694,40.6411847],[-3.64853693,40.64110469],[-3.64851693,40.64109469],[-3.64839693,40.64099469],[-3.64805692,40.64068468],[-3.64778691,40.64045467],[-3.6473969,40.64009466],[-3.6472669,40.63997466],[-3.6471969,40.63991466],[-3.6471569,40.63988466],[-3.64709689,40.63984465],[-3.64702689,40.63979465],[-3.64609687,40.63910463],[-3.64539685,40.63858462],[-3.64519684,40.63843461],[-3.64503684,40.63832461],[-3.64464683,40.6380746],[-3.64261677,40.6380246],[-3.64218676,40.6380946],[-3.64152674,40.63820461],[-3.64104673,40.63828461],[-3.64059672,40.63836461],[-3.64033671,40.63840461],[-3.64027671,40.63841461],[-3.64017671,40.63841461],[-3.64011671,40.63841461],[-3.63899668,40.63837461],[-3.63872667,40.63821461],[-3.63856666,40.6381146],[-3.63798665,40.63777459],[-3.63787665,40.63770459],[-3.63781664,40.63766459],[-3.63776664,40.63761459],[-3.63774664,40.63758459],[-3.63745663,40.63724458],[-3.63721663,40.63697457],[-3.63708662,40.63682456],[-3.63702662,40.63675456],[-3.63689662,40.63673456],[-3.63679662,40.63639455],[-3.63674661,40.63618454],[-3.63665661,40.63589454],[-3.63656661,40.63557453],[-3.63651661,40.63541452],[-3.63641661,40.63509451],[-3.6363766,40.63503451],[-3.6361666,40.6347845],[-3.6360966,40.6346945],[-3.63596659,40.6345545],[-3.63572659,40.63433449],[-3.63546658,40.63409448],[-3.63530658,40.63394448],[-3.63521657,40.63385447],[-3.63507657,40.63372447],[-3.63487656,40.63352446],[-3.63479656,40.63344446],[-3.63476656,40.63341446],[-3.63475656,40.63339446],[-3.63473656,40.63336446],[-3.63463656,40.63318445],[-3.63407654,40.63224443],[-3.63346653,40.63121439],[-3.63326652,40.63088438],[-3.63311652,40.63063438],[-3.63296651,40.63049437],[-3.6325665,40.63012436],[-3.63218649,40.62978435],[-3.63209649,40.62970435],[-3.63182648,40.62946434],[-3.63129647,40.62898433],[-3.63088646,40.62866432],[-3.63032644,40.6282343],[-3.63007643,40.62769429],[-3.62988643,40.62730428],[-3.62985643,40.62697427],[-3.62983643,40.62675426],[-3.63004643,40.62637425],[-3.63023644,40.62603424],[-3.63039644,40.62575423],[-3.63023644,40.62537422],[-3.62979643,40.62427418],[-3.62958642,40.62373417],[-3.62903641,40.62228412],[-3.62914641,40.62196411],[-3.62934642,40.6214141],[-3.62967642,40.62051407],[-3.62957642,40.62036407],[-3.62924641,40.61990405],[-3.6289664,40.61951404],[-3.6288464,40.61935404],[-3.6288264,40.61884402],[-3.6287964,40.618304],[-3.6287964,40.618094],[-3.6287964,40.618084],[-3.6287964,40.618064],[-3.6287364,40.61797399],[-3.62856639,40.61771399],[-3.62848639,40.61759398],[-3.62843639,40.61757398],[-3.62802638,40.61735398],[-3.62760637,40.61712397],[-3.62713636,40.61686396],[-3.62700635,40.61684396],[-3.62632633,40.61675396],[-3.62612633,40.61672396],[-3.62602633,40.61671396],[-3.62600632,40.61671396],[-3.62535631,40.61662395],[-3.6249963,40.61657395],[-3.62435628,40.61648395],[-3.62421628,40.61646395],[-3.62411627,40.61644395],[-3.62409627,40.61643395],[-3.62387627,40.61633394],[-3.62378627,40.61629394],[-3.62372626,40.61626394],[-3.62337625,40.61610394],[-3.62279624,40.61584393],[-3.62220622,40.61513391],[-3.62197622,40.6148639],[-3.62193622,40.6148039],[-3.62167621,40.61429388],[-3.62159621,40.61415388],[-3.62156621,40.61408388],[-3.6214662,40.61389387],[-3.62081619,40.61270384],[-3.62075618,40.61259383],[-3.62068618,40.61249383],[-3.62051618,40.61230382],[-3.62041617,40.61220382],[-3.62034617,40.61211382],[-3.62022617,40.61199381],[-3.62007617,40.61183381],[-3.61991616,40.61178381],[-3.61945615,40.6116238],[-3.61882613,40.6114038],[-3.61848612,40.61128379],[-3.61821611,40.61119379],[-3.61819611,40.61094378],[-3.61815611,40.61069377],[-3.61802611,40.61010376],[-3.61804611,40.61007376],[-3.61817611,40.60980375],[-3.61836612,40.60938374],[-3.61860613,40.60889372],[-3.6175161,40.60754368],[-3.61700608,40.60690366],[-3.61736609,40.60597363],[-3.61731609,40.60509361],[-3.61707608,40.60456359],[-3.61665607,40.60380357],[-3.61660607,40.60370356],[-3.61630606,40.60299354],[-3.61669607,40.60201351],[-3.61657607,40.6014635],[-3.61551604,40.60065347],[-3.61448601,40.60052347],[-3.61316598,40.59984345],[-3.61184594,40.59940343],[-3.61079591,40.59870341],[-3.60896587,40.5983934],[-3.60843585,40.59784339],[-3.60836585,40.59777338],[-3.60828585,40.59768338],[-3.60822585,40.59761338],[-3.60813584,40.59752338],[-3.60793584,40.59736337],[-3.60790584,40.59734337],[-3.60779583,40.59726337],[-3.60737582,40.59694336],[-3.60730582,40.59689336],[-3.60719582,40.59681336],[-3.60714582,40.59677335],[-3.60705581,40.59675335],[-3.6065558,40.59664335],[-3.60559577,40.59643334],[-3.60555577,40.59642334],[-3.60542577,40.59639334],[-3.60541577,40.59637334],[-3.60538577,40.59633334],[-3.60533577,40.59626334],[-3.60528577,40.59619334],[-3.60523576,40.59612333],[-3.60520576,40.59608333],[-3.60494576,40.59572332],[-3.60504576,40.5951033],[-3.60504576,40.5950533],[-3.60504576,40.5949733],[-3.60504576,40.5949433],[-3.60504576,40.5948933],[-3.60504576,40.5948533],[-3.60504576,40.59479329],[-3.60501576,40.59448329],[-3.60501576,40.59444328],[-3.60501576,40.59438328],[-3.60500576,40.59428328],[-3.60500576,40.59423328],[-3.60500576,40.59422328],[-3.60497576,40.59419328],[-3.60483575,40.59404327],[-3.60481575,40.59402327],[-3.60467575,40.59388327],[-3.60454575,40.59375326],[-3.60450575,40.59370326],[-3.60443574,40.59362326],[-3.60439574,40.59358326],[-3.60434574,40.59353326],[-3.60431574,40.59350326],[-3.60429574,40.59349326],[-3.60423574,40.59344325],[-3.60417574,40.59340325],[-3.60409573,40.59333325],[-3.60404573,40.59329325],[-3.60398573,40.59324325],[-3.60385573,40.59314324],[-3.60376573,40.59308324],[-3.60364572,40.59297324],[-3.60361572,40.59295324],[-3.60354572,40.59291324],[-3.60333571,40.59283324],[-3.60301571,40.59270323],[-3.60222568,40.59237322],[-3.60214568,40.59234322],[-3.60208568,40.59231322],[-3.60204568,40.59212321],[-3.60201568,40.59201321],[-3.60204568,40.5917932],[-3.60205568,40.5917132],[-3.60207568,40.5915732],[-3.60209568,40.59139319],[-3.60211568,40.59125319],[-3.60212568,40.59117319],[-3.60215568,40.59091318],[-3.60220568,40.59076317],[-3.60230569,40.59048316],[-3.60234569,40.59036316],[-3.60238569,40.59025316],[-3.60246569,40.59004315],[-3.6027857,40.58956314],[-3.6029857,40.58927313],[-3.60322571,40.58891312],[-3.60360572,40.58866311],[-3.60362572,40.58865311],[-3.60364572,40.58863311],[-3.60404573,40.5884731],[-3.60410573,40.5884531],[-3.60431574,40.5883631],[-3.60446574,40.5883031],[-3.60448574,40.5882931],[-3.60459575,40.5882031],[-3.60464575,40.58816309],[-3.60468575,40.58813309],[-3.60491576,40.58795309],[-3.60499576,40.58788309],[-3.60505576,40.58783308],[-3.60513576,40.58776308],[-3.60516576,40.58773308],[-3.60524577,40.58766308],[-3.60525577,40.58765308],[-3.60531577,40.58752308],[-3.60535577,40.58743307],[-3.60545577,40.58722307],[-3.60560577,40.58693306],[-3.60565578,40.58684305],[-3.60592578,40.58629304],[-3.60611579,40.58592303],[-3.60623579,40.58569302],[-3.60629579,40.58556302],[-3.6063858,40.58539301],[-3.6064258,40.58531301],[-3.6064358,40.58528301],[-3.6064658,40.58523301],[-3.6066058,40.585053],[-3.6066358,40.585013],[-3.6066558,40.584993],[-3.6066858,40.584973],[-3.60865586,40.58379296],[-3.60868586,40.58378296],[-3.60872586,40.58378296],[-3.60876586,40.58378296],[-3.60902587,40.58381296],[-3.60916587,40.58362296],[-3.60928587,40.58344295],[-3.60960588,40.58330295],[-3.60983589,40.58315294],[-3.60990589,40.58315294],[-3.60994589,40.58308294],[-3.61000589,40.58305294],[-3.6100859,40.58301294],[-3.61106592,40.58241292],[-3.61215595,40.5817929],[-3.61331598,40.58144289],[-3.61359599,40.58135289],[-3.61458602,40.58105288],[-3.61518603,40.58087287],[-3.61660607,40.58038286],[-3.61844612,40.57890281],[-3.61890613,40.5785228],[-3.61941615,40.57812279],[-3.61991616,40.57772278],[-3.62075618,40.57706276],[-3.62162621,40.57637274],[-3.62173621,40.57626274],[-3.62193622,40.57607273],[-3.62246623,40.57557271],[-3.62289624,40.5752627],[-3.62323625,40.5750227],[-3.62371626,40.57467269],[-3.62384627,40.57457268],[-3.62404627,40.57442268],[-3.62416628,40.57433268],[-3.62446628,40.57411267],[-3.6252163,40.57352265],[-3.6252363,40.57350265],[-3.62527631,40.57350265],[-3.62651634,40.57341265],[-3.62821638,40.57349265],[-3.6289564,40.57365266],[-3.62930641,40.57383266],[-3.63000643,40.57419267],[-3.63044644,40.57435268],[-3.63080645,40.57448268],[-3.63135647,40.57476269],[-3.63167648,40.57467269],[-3.63206649,40.57457268],[-3.63268651,40.57440268],[-3.63288651,40.57440268],[-3.63314652,40.57439268],[-3.63359653,40.57437268],[-3.63378653,40.57436268],[-3.63398654,40.57436268],[-3.63425655,40.57436268],[-3.63441655,40.57436268],[-3.63489656,40.57436268],[-3.63536658,40.57441268],[-3.63560658,40.57444268],[-3.63660661,40.57453268],[-3.63705662,40.57460268],[-3.63743663,40.57465269],[-3.63869667,40.57482269],[-3.6399667,40.5750027],[-3.64086673,40.57534271],[-3.64132674,40.57552271],[-3.64179675,40.57570272],[-3.64238677,40.57603273],[-3.64251677,40.57611273],[-3.64287678,40.57631274],[-3.64400681,40.57655274],[-3.64493684,40.57674275],[-3.64501684,40.57676275],[-3.64513684,40.57676275],[-3.64571686,40.57678275],[-3.64620687,40.57680275],[-3.64671688,40.57682275],[-3.6472569,40.57684275],[-3.64777691,40.57686275],[-3.64808692,40.57689275],[-3.64840693,40.57693276],[-3.64889694,40.57698276],[-3.64969696,40.57707276],[-3.64981697,40.57708276],[-3.65008697,40.57717276],[-3.65051699,40.57731277],[-3.65054699,40.57732277],[-3.65075699,40.57752277],[-3.651017,40.57776278],[-3.651147,40.57787278],[-3.651177,40.57791278],[-3.651217,40.57798279],[-3.65135701,40.57823279],[-3.65145701,40.5784028],[-3.65159702,40.57864281],[-3.65169702,40.57882281],[-3.65185702,40.57910282],[-3.65201703,40.57937283],[-3.65208703,40.57949283],[-3.65216703,40.57962284],[-3.65225703,40.57980284],[-3.65237704,40.58001285],[-3.65246704,40.58016285],[-3.65258704,40.58035286],[-3.65269704,40.58054286],[-3.65276705,40.58066287],[-3.65283705,40.58078287],[-3.65295705,40.58098288],[-3.65301705,40.58115288],[-3.65310706,40.58139289],[-3.65316706,40.5815629],[-3.65328706,40.5818829],[-3.65340706,40.58220291],[-3.65343706,40.58230292],[-3.65349707,40.58246292],[-3.65352707,40.58253292],[-3.65360707,40.58276293],[-3.65365707,40.58290294],[-3.65385708,40.58344295],[-3.65389708,40.58355296],[-3.65394708,40.58369296],[-3.65412708,40.58416297],[-3.65419709,40.58435298],[-3.65426709,40.58453298],[-3.65435709,40.58476299],[-3.65439709,40.584873],[-3.65445709,40.585073],[-3.65450709,40.58523301],[-3.65453709,40.58533301],[-3.6545671,40.58543301],[-3.6546171,40.58559302],[-3.6546471,40.58568302],[-3.6546671,40.58576302],[-3.6546871,40.58584302],[-3.6547371,40.58599303],[-3.6547971,40.58610303],[-3.6548871,40.58627304],[-3.65493711,40.58637304],[-3.65503711,40.58658305],[-3.65514711,40.58680305],[-3.65520711,40.58694306],[-3.65525711,40.58705306],[-3.65532712,40.58719307],[-3.65541712,40.58739307],[-3.65550712,40.58758308],[-3.65568713,40.58780308],[-3.65582713,40.58798309],[-3.65601713,40.5882231],[-3.65619714,40.5884731],[-3.65631714,40.58863311],[-3.65642715,40.58877311],[-3.65651715,40.58889312],[-3.65735717,40.58933313],[-3.65770718,40.58951314],[-3.65783718,40.58958314],[-3.65794719,40.58965314],[-3.65815719,40.58978314],[-3.6584972,40.58998315],[-3.65876721,40.59014315],[-3.65901722,40.59029316],[-3.65918722,40.59039316],[-3.65958723,40.59070317],[-3.65989724,40.59095318],[-3.66031725,40.59134319],[-3.66054726,40.5915532],[-3.66107727,40.5916932],[-3.66127728,40.5917432],[-3.66160729,40.59183321],[-3.6619973,40.59193321],[-3.66235731,40.59201321],[-3.66257731,40.59206321],[-3.66396735,40.59220322],[-3.66411735,40.59220322],[-3.66437736,40.59220322],[-3.66473737,40.59219322],[-3.66501738,40.59220322],[-3.66525738,40.59220322],[-3.66535739,40.59220322],[-3.66548739,40.59219322],[-3.66557739,40.59218322],[-3.66567739,40.59217322],[-3.6658374,40.59215321],[-3.66607741,40.59213321],[-3.66632741,40.59211321],[-3.66684743,40.59206321],[-3.66704743,40.59204321],[-3.66713743,40.59203321],[-3.66722744,40.59202321],[-3.66741744,40.59200321],[-3.66763745,40.59190321],[-3.66812746,40.5916832],[-3.66911749,40.59122319],[-3.66928749,40.59114318],[-3.67435763,40.58875311],[-3.67436763,40.58875311],[-3.67439763,40.58873311],[-3.67475764,40.58856311],[-3.67549766,40.5882031],[-3.67621768,40.58784308],[-3.67654769,40.58767308],[-3.6770777,40.58740307],[-3.67746771,40.58720307],[-3.67783772,40.58702306],[-3.67832774,40.58677305],[-3.67853774,40.58666305],[-3.67878775,40.58654305],[-3.67902775,40.58643304],[-3.67949777,40.58621304],[-3.68000778,40.58597303],[-3.68044779,40.58576302],[-3.68109781,40.58546301],[-3.68155782,40.58524301],[-3.68239785,40.58484299],[-3.68241785,40.58482299],[-3.68253785,40.58475299],[-3.68287786,40.58454299],[-3.68317787,40.58436298],[-3.68339787,40.58422298],[-3.68361788,40.58408297],[-3.68382788,40.58395297],[-3.68412789,40.58376296],[-3.6843679,40.58361296],[-3.6844779,40.58354295],[-3.68509792,40.58325295],[-3.68605794,40.58280293],[-3.68744798,40.58247292],[-3.68764799,40.58248292],[-3.68780799,40.58248292],[-3.688028,40.58248292],[-3.68847801,40.58249292],[-3.68864801,40.58250292],[-3.68878802,40.58250292],[-3.68879802,40.58250292],[-3.68879802,40.58250292],[-3.68898802,40.58237292],[-3.68949804,40.58203291],[-3.68993805,40.5816629],[-3.69077807,40.58094288],[-3.69088807,40.58086287],[-3.69135809,40.58065287],[-3.6919181,40.58040286],[-3.69203811,40.58035286],[-3.69260812,40.58019285],[-3.69358815,40.57992285],[-3.69369815,40.57990285],[-3.69397816,40.57985284],[-3.69460817,40.57974284],[-3.69511819,40.57967284],[-3.69590821,40.57956283],[-3.69602821,40.57954283],[-3.69656823,40.57939283],[-3.69710824,40.57923282],[-3.69761826,40.57909282],[-3.69824827,40.57891282],[-3.69896829,40.57871281],[-3.69961831,40.5785328],[-3.70058834,40.5785328],[-3.70121835,40.5785328],[-3.70175837,40.5785328],[-3.70177837,40.5785328],[-3.70177837,40.5784728],[-3.70177837,40.5784328],[-3.70158836,40.5785328],[-3.70365842,40.5785628],[-3.7102486,40.5785128],[-3.7104786,40.5785128],[-3.7104886,40.5784428],[-3.7105386,40.5782528],[-3.71056861,40.57811279],[-3.71058861,40.57802279],[-3.71062861,40.57787278],[-3.71069861,40.57759278],[-3.71073861,40.57735277],[-3.71085861,40.57675275],[-3.71091861,40.57649274],[-3.71094862,40.57631274],[-3.71098862,40.57616273],[-3.71107862,40.57575272],[-3.71113862,40.57551271],[-3.71125862,40.57491269],[-3.71131863,40.57462269],[-3.71144863,40.57409267],[-3.71159863,40.57346265],[-3.71173864,40.57284263],[-3.71206865,40.57237262],[-3.71217865,40.57207261],[-3.71222865,40.5719126],[-3.71231865,40.5717126],[-3.71252866,40.57139259],[-3.71255866,40.57133259],[-3.71272866,40.57109258],[-3.71312867,40.57060256],[-3.71328868,40.57039256],[-3.71369869,40.56988254],[-3.7140387,40.56941253],[-3.71448871,40.56882251],[-3.71487872,40.56829249],[-3.71511873,40.56796248],[-3.71592875,40.56676245],[-3.71602875,40.56661244],[-3.71605875,40.56657244],[-3.71603875,40.56655244],[-3.71609875,40.56629243],[-3.71620876,40.56583242],[-3.71628876,40.56549241],[-3.71635876,40.5651724],[-3.71635876,40.5651524],[-3.71634876,40.5650524],[-3.71633876,40.56499239],[-3.71630876,40.56478239],[-3.71629876,40.56470239],[-3.71628876,40.56458238],[-3.71626876,40.56443238],[-3.71625876,40.56432237],[-3.71617876,40.56378236],[-3.71607875,40.56310234],[-3.71606875,40.56307234],[-3.71600875,40.56289233],[-3.71597875,40.56279233],[-3.71593875,40.56267232],[-3.71590875,40.56260232],[-3.71582875,40.56237232],[-3.71579875,40.56227231],[-3.71572874,40.56208231],[-3.71571874,40.56205231],[-3.71564874,40.5618223],[-3.71552874,40.56146229],[-3.71544874,40.56122228],[-3.71542874,40.56118228],[-3.71540874,40.56112228],[-3.71533873,40.56088227],[-3.71527873,40.56075227],[-3.71522873,40.56057226],[-3.71513873,40.56032225],[-3.71507873,40.56014225],[-3.71496872,40.55982224],[-3.71463872,40.55878221],[-3.71482872,40.5584622],[-3.71501873,40.55816219],[-3.71516873,40.55791218],[-3.71520873,40.55784218],[-3.71497872,40.55765217],[-3.71458871,40.55733216],[-3.7140887,40.55690215],[-3.7139087,40.55675215],[-3.71360869,40.55588212],[-3.71358869,40.55582212],[-3.71351868,40.55562211],[-3.71329868,40.55494209],[-3.71308867,40.55431207],[-3.71289867,40.55371205],[-3.71255866,40.55267202],[-3.71196864,40.55085197],[-3.71163863,40.54984194],[-3.71134863,40.54897191],[-3.71124862,40.5486919],[-3.71117862,40.5484519],[-3.71104862,40.54808188],[-3.71078861,40.54728186],[-3.71074861,40.54716186],[-3.71068861,40.54700185],[-3.71065861,40.54691185],[-3.71056861,40.54672184],[-3.7104386,40.54643183],[-3.7102686,40.54611182],[-3.7102386,40.54606182],[-3.71012859,40.54585182],[-3.70996859,40.54555181],[-3.70984859,40.5453318],[-3.70977858,40.5452018],[-3.70963858,40.54495179],[-3.70951858,40.54471178],[-3.70947858,40.54463178],[-3.70935857,40.54442177],[-3.70929857,40.54430177],[-3.70928857,40.54427177],[-3.70916857,40.54405176],[-3.70909857,40.54391176],[-3.70904856,40.54382176],[-3.70891856,40.54358175],[-3.70858855,40.54296173],[-3.70852855,40.54286173],[-3.70849855,40.54280172],[-3.70842855,40.54269172],[-3.70831854,40.54249172],[-3.70826854,40.54241171],[-3.70819854,40.54229171],[-3.70808854,40.5420917],[-3.70797854,40.5418917],[-3.70792853,40.54180169],[-3.70788853,40.54173169],[-3.70785853,40.54168169],[-3.70784853,40.54167169],[-3.70775853,40.54154169],[-3.70762853,40.54137168],[-3.70728852,40.54092167],[-3.70724852,40.54088167],[-3.70713851,40.54076166],[-3.70708851,40.54071166],[-3.70702851,40.54065166],[-3.70698851,40.54061166],[-3.70693851,40.54057166],[-3.7068185,40.54046165],[-3.7067785,40.54043165],[-3.7067185,40.54038165],[-3.7066085,40.54028165],[-3.70646849,40.54016165],[-3.70635849,40.54008164],[-3.70621849,40.53998164],[-3.70602848,40.53984164],[-3.70560847,40.53954163],[-3.70540847,40.53940162],[-3.70551847,40.53925162],[-3.70568847,40.53904161],[-3.70580848,40.53888161],[-3.70596848,40.5386916],[-3.70621849,40.53837159],[-3.70643849,40.53810158],[-3.7068285,40.53760157],[-3.70693851,40.53746156],[-3.70702851,40.53734156],[-3.70709851,40.53725156],[-3.70731852,40.53698155],[-3.70744852,40.53681154],[-3.70754852,40.53670154],[-3.70772853,40.53653154],[-3.70868855,40.53564151],[-3.70907857,40.5352815],[-3.70937857,40.53500149],[-3.70969858,40.53470148],[-3.70990859,40.53451147],[-3.71006859,40.53435147],[-3.7102886,40.53414146],[-3.71078861,40.53368145],[-3.71120862,40.53329144],[-3.71129862,40.53321144],[-3.71147863,40.53305143],[-3.71155863,40.53298143],[-3.71165863,40.53288143],[-3.71167864,40.53286142],[-3.71169864,40.53285142],[-3.71180864,40.53281142],[-3.71189864,40.53278142],[-3.71196864,40.53275142],[-3.71199864,40.53274142],[-3.71205865,40.53272142],[-3.71217865,40.53268142],[-3.71234865,40.53262142],[-3.71251866,40.53256142],[-3.71267866,40.53250141],[-3.71283867,40.53244141],[-3.71300867,40.53238141],[-3.71313867,40.53233141],[-3.71323868,40.53230141],[-3.71346868,40.53222141],[-3.71365869,40.5321614],[-3.71383869,40.5321014],[-3.7140087,40.5320414],[-3.7141787,40.5319814],[-3.71433871,40.5319314],[-3.71440871,40.5319114],[-3.71460871,40.53184139],[-3.71476872,40.53178139],[-3.71494872,40.53172139],[-3.71510873,40.53166139],[-3.71525873,40.53161139],[-3.71610875,40.53132138],[-3.71733879,40.53090137],[-3.71866882,40.53044135],[-3.71945885,40.53017134],[-3.72050887,40.52995134],[-3.72092888,40.52986133],[-3.72210892,40.52937132],[-3.72253893,40.52919131],[-3.72324895,40.5288913],[-3.72385896,40.5286413],[-3.72450898,40.52837129],[-3.72497899,40.52817128],[-3.72550901,40.52794128],[-3.72635903,40.52758127],[-3.72708905,40.52727126],[-3.72767907,40.52702125],[-3.72777907,40.52685124],[-3.72783907,40.52675124],[-3.72791907,40.52660124],[-3.72801908,40.52641123],[-3.72803908,40.52637123],[-3.72822908,40.52604122],[-3.72837909,40.52578121],[-3.72847909,40.52560121],[-3.72857909,40.5254212],[-3.72867909,40.52525119],[-3.7288791,40.52490118],[-3.7289791,40.52473118],[-3.72939911,40.52398116],[-3.72959912,40.52362115],[-3.72962912,40.52358114],[-3.72992913,40.52318113],[-3.72999913,40.52318113],[-3.73006913,40.52318113],[-3.73033914,40.52316113],[-3.73060915,40.52314113],[-3.73117916,40.52309113],[-3.73135917,40.52308113],[-3.73152917,40.52306113],[-3.73173918,40.52304113],[-3.73184918,40.52303113],[-3.73189918,40.52302113],[-3.73204918,40.52299113],[-3.73218919,40.52296113],[-3.73233919,40.52293112],[-3.73238919,40.52292112],[-3.7325092,40.52289112],[-3.7326092,40.52287112],[-3.7326292,40.52284112],[-3.7326392,40.52283112],[-3.7326492,40.52282112],[-3.7326692,40.52279112],[-3.7326992,40.52275112],[-3.7327192,40.52272112],[-3.7327392,40.52270112],[-3.7327492,40.52268112],[-3.73280921,40.52260111],[-3.73287921,40.52250111],[-3.73291921,40.52245111],[-3.73299921,40.52233111],[-3.73318922,40.5220711],[-3.73330922,40.52189109],[-3.73333922,40.52184109],[-3.73338922,40.52177109],[-3.73346922,40.52165109],[-3.73351922,40.52157108],[-3.73356923,40.52150108],[-3.73361923,40.52143108],[-3.73383923,40.52111107],[-3.73388923,40.52104107],[-3.73390923,40.52102107],[-3.73393924,40.52098107],[-3.73398924,40.52090106],[-3.73404924,40.52082106],[-3.73410924,40.52074106],[-3.73417924,40.52065106],[-3.73427924,40.52051105],[-3.73428924,40.52049105],[-3.73431925,40.52045105],[-3.73443925,40.52027104],[-3.73448925,40.52021104],[-3.73456925,40.52010104],[-3.73465925,40.51997104],[-3.73485926,40.51968103],[-3.73490926,40.51961102],[-3.73499926,40.51948102],[-3.73510927,40.51933102],[-3.73519927,40.51920101],[-3.73528927,40.51907101],[-3.73535927,40.51898101],[-3.73542928,40.518881],[-3.73547928,40.518801],[-3.73559928,40.518631],[-3.73564928,40.51856099],[-3.73576928,40.51840099],[-3.73584929,40.51830099],[-3.73596929,40.51812098],[-3.73605929,40.51799098],[-3.7361493,40.51786097],[-3.7362193,40.51777097],[-3.7363593,40.51758096],[-3.7364293,40.51748096],[-3.73667931,40.51713095],[-3.73691932,40.51681094],[-3.73715932,40.51648093],[-3.73732933,40.51624092],[-3.73741933,40.51611092],[-3.73776934,40.5156309],[-3.73797934,40.5153509],[-3.73819935,40.51506089],[-3.73864936,40.51445087],[-3.73876937,40.51428086],[-3.73876937,40.51428086],[-3.73880937,40.51422086],[-3.73884937,40.51415086],[-3.73889937,40.51407086],[-3.73901937,40.51388085],[-3.73908937,40.51376085],[-3.73922938,40.51353084],[-3.73931938,40.51337084],[-3.73935938,40.51331083],[-3.73968939,40.51287082],[-3.74064942,40.51125077],[-3.74073942,40.51110077],[-3.74076942,40.51106077],[-3.74079942,40.51100076],[-3.74083942,40.51094076],[-3.74085942,40.51090076],[-3.74087942,40.51087076],[-3.74091942,40.51080076],[-3.74094942,40.51076076],[-3.74095942,40.51075076],[-3.74096943,40.51074076],[-3.74098943,40.51070076],[-3.74100943,40.51066075],[-3.74102943,40.51062075],[-3.74105943,40.51057075],[-3.74106943,40.51055075],[-3.74108943,40.51052075],[-3.74111943,40.51047075],[-3.74114943,40.51042075],[-3.74116943,40.51038075],[-3.74119943,40.51034074],[-3.74125943,40.51024074],[-3.74127943,40.51021074],[-3.74129943,40.51017074],[-3.74133944,40.51010074],[-3.74134944,40.51009074],[-3.74135944,40.51007074],[-3.74137944,40.51004074],[-3.74139944,40.51000073],[-3.74141944,40.50997073],[-3.74148944,40.50985073],[-3.74150944,40.50981073],[-3.74152944,40.50977073],[-3.74154944,40.50973073],[-3.74162944,40.50960072],[-3.74164944,40.50956072],[-3.74167944,40.50952072],[-3.74169944,40.50948072],[-3.74172945,40.50944072],[-3.74174945,40.50941072],[-3.74175945,40.50939072],[-3.74176945,40.50937072],[-3.74179945,40.50932071],[-3.74181945,40.50929071],[-3.74183945,40.50926071],[-3.74185945,40.50923071],[-3.74187945,40.50920071],[-3.74190945,40.50916071],[-3.74192945,40.50912071],[-3.74194945,40.50909071],[-3.74196945,40.50906071],[-3.74198945,40.5090207],[-3.74203945,40.5089507],[-3.74137944,40.5087507],[-3.74128943,40.5087207],[-3.74113943,40.50868069],[-3.74093942,40.50862069],[-3.7399394,40.50832068],[-3.73972939,40.50826068],[-3.73949939,40.50819068],[-3.73920938,40.50810068],[-3.73906937,40.50806068],[-3.73895937,40.50803068],[-3.73879937,40.50799067],[-3.73866936,40.50795067],[-3.73854936,40.50791067],[-3.73838936,40.50786067],[-3.73828935,40.50783067],[-3.73820935,40.50781067],[-3.73808935,40.50778067],[-3.73795934,40.50774067],[-3.73782934,40.50770067],[-3.73776934,40.50768066],[-3.73759933,40.50763066],[-3.73741933,40.50758066],[-3.73728933,40.50754066],[-3.73713932,40.50749066],[-3.73708932,40.50748066],[-3.73698932,40.50745066],[-3.73684931,40.50741066],[-3.73677931,40.50739066],[-3.73662931,40.50735065],[-3.7364893,40.50731065],[-3.7363793,40.50728065],[-3.73612929,40.50721065],[-3.73588929,40.50714065],[-3.73570928,40.50709065],[-3.73550928,40.50704065],[-3.73533927,40.50699064],[-3.73524927,40.50696064],[-3.73510927,40.50692064],[-3.73496926,40.50688064],[-3.73482926,40.50710065],[-3.73479926,40.50715065],[-3.73476926,40.50719065],[-3.73473926,40.50723065],[-3.73470926,40.50727065],[-3.73468926,40.50731065],[-3.73464925,40.50738066],[-3.73461925,40.50743066],[-3.73457925,40.50749066],[-3.73455925,40.50753066],[-3.73451925,40.50759066],[-3.73448925,40.50764066],[-3.73444925,40.50770067],[-3.73440925,40.50776067],[-3.73409924,40.50766066],[-3.73402924,40.50764066],[-3.73391923,40.50760066],[-3.73387923,40.50759066],[-3.73369923,40.50753066],[-3.73359923,40.50750066],[-3.73346922,40.50746066],[-3.73342922,40.50745066],[-3.73327922,40.50743066],[-3.73299921,40.50732065],[-3.73292921,40.50720065],[-3.73289921,40.50715065],[-3.73299921,40.50702064],[-3.73309921,40.50641063],[-3.73280921,40.50634062],[-3.7327392,40.50592061],[-3.7327392,40.50590061],[-3.7327292,40.50585061],[-3.7327192,40.50580061],[-3.7327192,40.50579061],[-3.7325492,40.50534059],[-3.7325492,40.50533059],[-3.7325392,40.50529059],[-3.7325292,40.50524059],[-3.7325192,40.50521059],[-3.7325192,40.50520059],[-3.7325092,40.50516059],[-3.7324992,40.50512059],[-3.7324892,40.50508059],[-3.7324792,40.50505059],[-3.7324692,40.50502058],[-3.7324592,40.50499058],[-3.7324492,40.50495058],[-3.7324392,40.50490058],[-3.7324392,40.50489058],[-3.73242919,40.50484058],[-3.73241919,40.50479058],[-3.73240919,40.50474058],[-3.73240919,40.50471057],[-3.73239919,40.50467057],[-3.73239919,40.50464057],[-3.73239919,40.50461057],[-3.73239919,40.50458057],[-3.73238919,40.50454057],[-3.73238919,40.50451057],[-3.73238919,40.50448057],[-3.73238919,40.50445057],[-3.73238919,40.50441057],[-3.73237919,40.50437056],[-3.73236919,40.50432056],[-3.73235919,40.50427056],[-3.73230919,40.50391055],[-3.7326992,40.50348054],[-3.73305921,40.50322053],[-3.73364923,40.50279052],[-3.73396924,40.50256051],[-3.73450925,40.5021705],[-3.73484926,40.50126047],[-3.73539927,40.49979043],[-3.73586929,40.49852039],[-3.7361593,40.49775036],[-3.7361693,40.49771036],[-3.7362093,40.49761036],[-3.7363193,40.49732035],[-3.7364293,40.49708034],[-3.7364493,40.49704034],[-3.7365093,40.49691034],[-3.73655931,40.49681034],[-3.73664931,40.49663033],[-3.73674931,40.49642032],[-3.73684931,40.49623032],[-3.73692932,40.49608031],[-3.73711932,40.4957203],[-3.73716932,40.4956203],[-3.73722932,40.4954903],[-3.73734933,40.49524029],[-3.73739933,40.49513029],[-3.73744933,40.49502028],[-3.73749933,40.49491028],[-3.73756933,40.49478027],[-3.73763934,40.49463027],[-3.73770934,40.49450027],[-3.73775934,40.49440026],[-3.73780934,40.49430026],[-3.73785934,40.49419026],[-3.73790934,40.49410025],[-3.73790934,40.49410025],[-3.73797934,40.49395025],[-3.73799934,40.49390025],[-3.73800935,40.49389025],[-3.73801935,40.49388025],[-3.73802935,40.49387025],[-3.73804935,40.49384025],[-3.73819935,40.49355024],[-3.73820935,40.49353024],[-3.73834935,40.49324023],[-3.73840936,40.49312022],[-3.73858936,40.49276021],[-3.73873936,40.4924602],[-3.73903937,40.49185019],[-3.73937938,40.49117017],[-3.7399794,40.49062015],[-3.74038941,40.49017014],[-3.74107943,40.48952012],[-3.74107943,40.48952012],[-3.74113943,40.48946011],[-3.74114943,40.48946011],[-3.74117943,40.48943011],[-3.74129943,40.48932011],[-3.74147944,40.48915011],[-3.74164944,40.4889901],[-3.74192945,40.48873009],[-3.74240946,40.48850009],[-3.74255947,40.48787007],[-3.7437095,40.48613001],[-3.74418951,40.48567],[-3.74439952,40.48546999],[-3.74549955,40.48356994],[-3.74505954,40.48283991],[-3.74502953,40.48278991],[-3.74492953,40.48265991],[-3.74446952,40.4824199],[-3.74430952,40.4823399],[-3.7436795,40.48199989],[-3.74280947,40.48154988],[-3.74191945,40.48113986],[-3.74159944,40.48098986],[-3.74173945,40.48089986],[-3.74178945,40.48086986],[-3.74189945,40.48079985],[-3.74200945,40.48072985],[-3.74220946,40.48060985],[-3.74250947,40.48041984],[-3.74261947,40.48034984],[-3.74274947,40.48026984],[-3.74283948,40.48020984],[-3.74292948,40.48014983],[-3.74337949,40.47987983],[-3.74350949,40.47979982],[-3.7435895,40.47974982],[-3.7437895,40.47961982],[-3.7438895,40.47954982],[-3.74413951,40.47938981],[-3.74423951,40.47932981],[-3.74435952,40.47924981],[-3.74446952,40.4791798],[-3.74449952,40.4791598],[-3.74463952,40.4790798],[-3.74465952,40.4790698],[-3.74465952,40.4790698],[-3.74466952,40.4790598],[-3.74468953,40.4790498],[-3.74472953,40.4790198],[-3.74475953,40.4789998],[-3.74509954,40.47877979],[-3.74513954,40.47875979],[-3.74527954,40.47866979],[-3.74547955,40.47854978],[-3.74558955,40.47847978],[-3.74573955,40.47838978],[-3.74583956,40.47831978],[-3.74589956,40.47827978],[-3.74602956,40.47819977],[-3.74615957,40.47811977],[-3.74630957,40.47802977],[-3.74633957,40.47800977],[-3.74638957,40.47797977],[-3.74643957,40.47794977],[-3.74646957,40.47792977],[-3.74651957,40.47789977],[-3.74659958,40.47784976],[-3.74666958,40.47779976],[-3.74675958,40.47773976],[-3.74690959,40.47785976],[-3.74691959,40.47786976],[-3.74701959,40.47793977],[-3.74711959,40.47799977],[-3.74722959,40.47805977],[-3.74726959,40.47807977],[-3.7472996,40.47809977],[-3.7473796,40.47813977],[-3.7476396,40.47823978],[-3.74771961,40.47826978],[-3.74776961,40.47828978],[-3.74794961,40.47832978],[-3.74807962,40.47835978],[-3.74822962,40.47837978],[-3.74854963,40.47840978],[-3.74906964,40.47842978],[-3.74975966,40.47842978],[-3.75148971,40.47841978],[-3.75150971,40.47845978],[-3.75355976,40.47823978],[-3.75354976,40.47820977],[-3.75353976,40.47814977],[-3.75407978,40.47809977],[-3.75435979,40.47806977],[-3.75443979,40.47805977],[-3.75448979,40.47818977],[-3.75447979,40.47830978],[-3.75447979,40.47831978],[-3.75447979,40.47851978],[-3.75440979,40.47865979],[-3.75433979,40.47885979],[-3.75432979,40.4789098],[-3.75428978,40.4790898],[-3.75424978,40.47925981],[-3.75424978,40.47937981],[-3.75425978,40.47938981],[-3.75430978,40.47940981],[-3.75434979,40.47941981],[-3.75436979,40.47941981],[-3.75439979,40.47941981],[-3.75442979,40.47941981],[-3.75445979,40.47942981],[-3.75447979,40.47943981],[-3.75447979,40.47944981],[-3.75449979,40.47946981],[-3.75451979,40.47947981],[-3.75453979,40.47948981],[-3.75459979,40.47950981],[-3.75463979,40.47951981],[-3.7548098,40.47955982],[-3.7548998,40.47959982],[-3.7549598,40.47962982],[-3.75505981,40.47966982],[-3.75508981,40.47967982],[-3.75512981,40.47968982],[-3.75517981,40.47969982],[-3.75532981,40.47968982],[-3.75536981,40.47968982],[-3.75542982,40.47970982],[-3.75548982,40.47972982],[-3.75550982,40.47972982],[-3.75553982,40.47972982],[-3.75554982,40.47972982],[-3.75556982,40.47972982],[-3.75560982,40.47972982],[-3.75561982,40.47972982],[-3.75562982,40.47972982],[-3.75567982,40.47971982],[-3.75577982,40.47970982],[-3.75578982,40.47970982],[-3.75584983,40.47969982],[-3.75586983,40.47968982],[-3.75588983,40.47967982],[-3.75591983,40.47964982],[-3.75591983,40.47961982],[-3.75591983,40.47953981],[-3.75591983,40.47952981],[-3.75597983,40.47948981],[-3.75605983,40.47946981],[-3.75606983,40.47946981],[-3.75611983,40.47946981],[-3.75614983,40.47946981],[-3.75620984,40.47948981],[-3.75623984,40.47949981],[-3.75624984,40.47950981],[-3.75637984,40.47961982],[-3.75651984,40.47973982],[-3.75656985,40.47974982],[-3.75665985,40.47974982],[-3.75674985,40.47973982],[-3.75676985,40.47973982],[-3.75683985,40.47973982],[-3.75686985,40.47973982],[-3.75693986,40.47973982],[-3.75702986,40.47975982],[-3.75704986,40.47977982],[-3.75704986,40.47977982],[-3.75706986,40.47978982],[-3.75710986,40.47979982],[-3.75712986,40.47979982],[-3.75717986,40.47980982],[-3.75733987,40.47978982],[-3.75734987,40.47978982],[-3.75741987,40.47976982],[-3.75756987,40.47972982],[-3.75744987,40.47931981],[-3.75746987,40.4791498],[-3.75749987,40.4790598],[-3.75750987,40.4790198],[-3.75759987,40.47887979],[-3.75769988,40.47871979],[-3.75773988,40.47863979],[-3.75776988,40.47856979],[-3.75776988,40.47854978],[-3.75780988,40.47837978],[-3.75815989,40.47465967],[-3.75818989,40.47456966],[-3.75820989,40.47450966],[-3.75825989,40.47440966],[-3.75827989,40.47437966],[-3.75830989,40.47434966],[-3.75836989,40.47427966],[-3.7583999,40.47425966],[-3.7584599,40.47421965],[-3.7585699,40.47416965],[-3.7585799,40.47415965],[-3.7586999,40.47411965],[-3.75885991,40.47409965],[-3.75899991,40.47409965],[-3.75918992,40.47411965],[-3.75920992,40.47411965],[-3.75912991,40.47407965],[-3.7586199,40.47384964],[-3.7584799,40.47376964],[-3.7583999,40.47368964],[-3.75831989,40.47354963],[-3.75828989,40.47336963],[-3.75831989,40.47258961],[-3.7584199,40.4725796],[-3.7584499,40.4725796],[-3.7586399,40.47258961],[-3.7587399,40.47262961],[-3.75879991,40.47264961],[-3.75882991,40.47265961],[-3.75888991,40.47265961],[-3.75891991,40.47265961],[-3.75903991,40.47263961],[-3.75907991,40.47262961],[-3.75912991,40.47260961],[-3.75920992,40.4725796],[-3.75926992,40.4725596],[-3.75936992,40.4725096],[-3.75946992,40.4724996],[-3.75950993,40.4724796],[-3.75952993,40.4724696],[-3.75953993,40.4724596],[-3.75963993,40.4723796],[-3.75969993,40.4723496],[-3.75975993,40.4723196],[-3.75986993,40.4722996],[-3.75989994,40.4722896],[-3.75992994,40.4722896],[-3.75998994,40.4722896],[-3.76011994,40.4723096],[-3.76023994,40.4723196],[-3.76026995,40.4723196],[-3.76027995,40.4723196],[-3.76041995,40.4723396],[-3.76050995,40.4723396],[-3.76083996,40.4723196],[-3.76109997,40.4723196],[-3.76159998,40.4723096],[-3.76200999,40.4722996],[-3.76231,40.4722896],[-3.76245,40.4722896],[-3.76255001,40.4723096],[-3.76263001,40.4723196],[-3.76281001,40.4723596],[-3.76307002,40.4724196],[-3.76317002,40.4724296],[-3.76325003,40.4724296],[-3.76340003,40.4724296],[-3.76345003,40.4724296],[-3.76351003,40.4724496],[-3.76363004,40.4725296],[-3.76358003,40.47339963],[-3.76366004,40.47340963],[-3.7659001,40.47393965],[-3.7659201,40.47393965],[-3.76644011,40.47405965],[-3.76646011,40.47407965],[-3.76647011,40.47407965],[-3.76648011,40.47407965],[-3.76687012,40.47410965],[-3.76763014,40.47417965],[-3.76810016,40.47421965],[-3.76811016,40.47421965],[-3.76833016,40.47423965],[-3.76856017,40.47425966],[-3.76874017,40.47426966],[-3.76892018,40.47428966],[-3.76905018,40.47429966],[-3.76934019,40.47430966],[-3.76944019,40.47431966],[-3.7695802,40.47433966],[-3.77033022,40.47439966],[-3.77086023,40.47444966],[-3.77107024,40.47446966],[-3.77148025,40.47447966],[-3.77156025,40.47447966],[-3.77172025,40.47447966],[-3.77203026,40.47447966],[-3.77225027,40.47447966],[-3.77235027,40.47447966],[-3.77247027,40.47447966],[-3.77274028,40.47447966],[-3.77568036,40.47451966],[-3.77673039,40.47453966],[-3.77678039,40.47453966],[-3.77686039,40.47453966],[-3.7769904,40.47453966],[-3.77733041,40.47453966],[-3.77774042,40.47454966],[-3.77787042,40.47454966],[-3.77812043,40.47454966],[-3.77821043,40.47454966],[-3.77839043,40.47454966],[-3.77873044,40.47454966],[-3.77883045,40.47454966],[-3.77894045,40.47454966],[-3.77910045,40.47454966],[-3.77989047,40.47455966],[-3.78025048,40.47456966],[-3.7809505,40.47457967],[-3.78193053,40.47425966],[-3.78266055,40.47396965],[-3.78285055,40.47389964],[-3.78321056,40.47375964],[-3.78399059,40.47356963],[-3.78546062,40.47319962],[-3.78585064,40.47309962],[-3.78602064,40.47305962],[-3.78673066,40.47285961],[-3.78722067,40.47272961],[-3.78743068,40.47266961],[-3.78744068,40.47266961],[-3.78752068,40.47264961],[-3.78764068,40.47261961],[-3.7880907,40.4724896],[-3.7882307,40.4724496],[-3.78848071,40.4723696],[-3.78880071,40.4722696],[-3.78928073,40.47210959],[-3.78989074,40.47190958],[-3.79093077,40.47150957],[-3.79098077,40.47147957],[-3.79099077,40.47147957],[-3.79106078,40.47143957],[-3.79148079,40.47118956],[-3.79170079,40.47106956],[-3.7918808,40.47096956],[-3.7921108,40.47086955],[-3.79215081,40.47084955],[-3.79217081,40.47083955],[-3.79225081,40.47079955],[-3.79229081,40.47078955],[-3.79233081,40.47076955],[-3.79239081,40.47074955],[-3.79243081,40.47073955],[-3.79249081,40.47071955],[-3.79331084,40.47044954],[-3.79337084,40.47042954],[-3.79339084,40.47042954],[-3.79435086,40.47011953],[-3.79445087,40.47008953],[-3.79458087,40.47004953],[-3.79499088,40.46994953],[-3.79514089,40.46991952],[-3.79527089,40.46988952],[-3.79543089,40.46984952],[-3.7955109,40.46982952],[-3.7955309,40.46982952],[-3.7956309,40.46980952],[-3.7956409,40.46980952],[-3.79611091,40.46971952],[-3.79627092,40.46968952],[-3.79682093,40.46958951],[-3.79765095,40.46943951],[-3.79834097,40.46939951],[-3.79889099,40.46936951],[-3.79916099,40.46934951],[-3.799231,40.46934951],[-3.799361,40.46933951],[-3.799381,40.46933951],[-3.799401,40.46933951],[-3.80000102,40.4692295],[-3.80013102,40.4691895],[-3.80017102,40.4691795],[-3.80104104,40.46944951],[-3.80182107,40.46966952],[-3.80209107,40.46974952],[-3.80236108,40.46981952],[-3.80263109,40.46989952],[-3.80287109,40.46996953],[-3.8030711,40.47002953],[-3.80380112,40.47023953],[-3.80506115,40.47059954],[-3.80555117,40.47073955],[-3.80606118,40.47088955],[-3.81026129,40.47208959],[-3.81073131,40.47221959],[-3.81195134,40.4725696],[-3.81234135,40.47267961],[-3.81239135,40.47269961],[-3.81249135,40.47272961],[-3.81255136,40.47274961],[-3.81259136,40.47275961],[-3.81266136,40.47277961],[-3.81277136,40.47280961],[-3.81293137,40.47284961],[-3.81310137,40.47289961],[-3.81326137,40.47294962],[-3.81353138,40.47302962],[-3.81365139,40.47305962],[-3.81375139,40.47308962],[-3.8141514,40.47320962],[-3.81446141,40.47329963],[-3.81457141,40.47332963],[-3.81474141,40.47337963],[-3.81564144,40.47363964],[-3.81588145,40.47370964],[-3.81598145,40.47373964],[-3.81615145,40.47378964],[-3.81646146,40.47387964],[-3.81681147,40.47397965],[-3.81731148,40.47411965],[-3.81748149,40.47416965],[-3.81759149,40.47419965],[-3.81764149,40.47420965],[-3.8178315,40.47425966],[-3.81829151,40.47438966],[-3.81870152,40.47450966],[-3.81887153,40.47455966],[-3.81889153,40.47456966],[-3.81915153,40.47464967],[-3.81923154,40.47466967],[-3.81931154,40.47468967],[-3.81969155,40.47479967],[-3.82008156,40.47490968],[-3.82019156,40.47493968],[-3.82019156,40.47493968],[-3.82054157,40.47503968],[-3.82084158,40.47512968],[-3.82122159,40.47523969],[-3.8217116,40.47537969],[-3.82190161,40.47543969],[-3.82247162,40.4755997],[-3.82266163,40.4756597],[-3.82292164,40.4757297],[-3.82329164,40.4758397],[-3.82335165,40.4758597],[-3.82347165,40.4758897],[-3.82379166,40.47597971],[-3.82453168,40.47618971],[-3.82465168,40.47621971],[-3.8251517,40.47635972],[-3.82564171,40.47649972],[-3.82609172,40.47662973],[-3.82647173,40.47673973],[-3.82656173,40.47676973],[-3.82667174,40.47679973],[-3.82708175,40.47691974],[-3.82748176,40.47702974],[-3.82771176,40.47708974],[-3.82779177,40.47710974],[-3.82817178,40.47720974],[-3.82844178,40.47728975],[-3.82845178,40.47728975],[-3.82849179,40.47729975],[-3.82867179,40.47734975],[-3.82870179,40.47735975],[-3.82883179,40.47739975],[-3.8292118,40.47750975],[-3.82924181,40.47751975],[-3.82954181,40.47759976],[-3.82975182,40.47765976],[-3.82993182,40.47770976],[-3.83022183,40.47778976],[-3.83054184,40.47787976],[-3.83065184,40.47790977],[-3.83084185,40.47795977],[-3.83121186,40.47806977],[-3.83168187,40.47819977],[-3.83179187,40.47822978],[-3.83218188,40.47834978],[-3.8326219,40.47846978],[-3.8326719,40.47847978],[-3.8326819,40.47847978],[-3.8327119,40.47848978],[-3.83303191,40.47856979],[-3.83332192,40.47864979],[-3.83355192,40.47871979],[-3.83407194,40.47886979],[-3.83416194,40.4788998],[-3.83461195,40.4790298],[-3.83483196,40.4790898],[-3.83513196,40.4791798],[-3.83568198,40.47933981],[-3.836592,40.47959982],[-3.836592,40.47959982],[-3.83665201,40.47957982]]]}},{"type":"Feature","properties":{"CODDIS":"8","NOMDIS":"Fuencarral - El Pardo","COD_BAR":"082","NOMBRE":"Fuentelarreina","COD_DIS_TX":"08","BARRIO_MAY":"FUENTELARREINA","COD_DISBAR":"82","NUM_BAR":"2","BARRIO_MT":"FUENTELARREINA","COD_DISB":"8-2","AREA":1382643.71367},"geometry":{"type":"Polygon","coordinates":[[[-3.7399794,40.49055015],[-3.73806935,40.48991013],[-3.73796934,40.48987013],[-3.73767934,40.48965012],[-3.73749933,40.48957012],[-3.73714932,40.48946011],[-3.73682931,40.48935011],[-3.73671931,40.48930011],[-3.73657931,40.48923011],[-3.7363993,40.48917011],[-3.7361693,40.4891101],[-3.73588929,40.4890401],[-3.73559928,40.4889801],[-3.73529927,40.4888301],[-3.73505927,40.48874009],[-3.73490926,40.48864009],[-3.73468926,40.48840008],[-3.73444925,40.48808007],[-3.73422924,40.48792007],[-3.73381923,40.48779006],[-3.73354922,40.48764006],[-3.73328922,40.48751006],[-3.73299921,40.48740005],[-3.73281921,40.48732005],[-3.7327292,40.48726005],[-3.7326192,40.48718005],[-3.7326192,40.48718005],[-3.7325492,40.48711004],[-3.7325092,40.48708004],[-3.73242919,40.48702004],[-3.73239919,40.48699004],[-3.73232919,40.48697004],[-3.73224919,40.48697004],[-3.73213919,40.48698004],[-3.73203918,40.48700004],[-3.73594929,40.48491998],[-3.73596929,40.48390995],[-3.73600929,40.48368994],[-3.73601929,40.48361994],[-3.73606929,40.48343993],[-3.73608929,40.48335993],[-3.73613929,40.48315992],[-3.7362193,40.48287992],[-3.7362793,40.48265991],[-3.7363493,40.4823599],[-3.7363993,40.4821999],[-3.7364593,40.48200989],[-3.73655931,40.48167988],[-3.73664931,40.48142987],[-3.73670931,40.48129987],[-3.73672931,40.48124987],[-3.73677931,40.48115986],[-3.73684931,40.48100986],[-3.73690932,40.48090986],[-3.73695932,40.48082985],[-3.73706932,40.48065985],[-3.73715932,40.48051984],[-3.73726933,40.48036984],[-3.73742933,40.48014983],[-3.73750933,40.48004983],[-3.73764934,40.47990983],[-3.73771934,40.47986982],[-3.73781934,40.47982982],[-3.73792934,40.47980982],[-3.73804935,40.47980982],[-3.73895937,40.47885979],[-3.73930938,40.47849978],[-3.73920938,40.47830978],[-3.73917938,40.47821978],[-3.73882937,40.47714974],[-3.73874937,40.47706974],[-3.73834935,40.47611971],[-3.73841936,40.47609971],[-3.73759933,40.47439966],[-3.73663931,40.47429966],[-3.73653931,40.47427966],[-3.7364593,40.47424966],[-3.7363793,40.47421965],[-3.7363293,40.47418965],[-3.7362893,40.47415965],[-3.7362293,40.47409965],[-3.7361993,40.47406965],[-3.7361793,40.47402965],[-3.73574928,40.47322962],[-3.73568928,40.47310962],[-3.73595929,40.47317962],[-3.73756933,40.47355963],[-3.73937938,40.47397965],[-3.74028941,40.47418965],[-3.74083942,40.47429966],[-3.74130943,40.47435966],[-3.74141944,40.47436966],[-3.74146944,40.47436966],[-3.74225946,40.47440966],[-3.74322949,40.47442966],[-3.7436495,40.47443966],[-3.74468953,40.47445966],[-3.74570955,40.47446966],[-3.74626957,40.47447966],[-3.74662958,40.47448966],[-3.7473096,40.47448966],[-3.7474796,40.47447966],[-3.74789961,40.47441966],[-3.74814962,40.47437966],[-3.74836962,40.47433966],[-3.74861963,40.47427966],[-3.74886964,40.47418965],[-3.74901964,40.47412965],[-3.74920965,40.47403965],[-3.74933965,40.47396965],[-3.74945965,40.47389964],[-3.74958966,40.47381964],[-3.74973966,40.47370964],[-3.74986967,40.47360964],[-3.74997967,40.47350963],[-3.75006967,40.47341963],[-3.75019967,40.47326963],[-3.75027968,40.47315962],[-3.75038968,40.47300962],[-3.75047968,40.47284961],[-3.75057968,40.47262961],[-3.75067969,40.4723296],[-3.75070969,40.47208959],[-3.75070969,40.47185958],[-3.75067969,40.47156957],[-3.75044968,40.47059954],[-3.75038968,40.47032954],[-3.75033968,40.47013953],[-3.75060969,40.47066955],[-3.75073969,40.47109956],[-3.75136971,40.47315962],[-3.75148971,40.47367964],[-3.75151971,40.47382964],[-3.75153971,40.47394965],[-3.75157971,40.47415965],[-3.75164971,40.47455966],[-3.75176972,40.4756297],[-3.75180972,40.47618971],[-3.75177972,40.47661973],[-3.75174972,40.47687973],[-3.75153971,40.47843978],[-3.74975966,40.47842978],[-3.74906964,40.47842978],[-3.74854963,40.47840978],[-3.74822962,40.47837978],[-3.74807962,40.47835978],[-3.74794961,40.47832978],[-3.74776961,40.47828978],[-3.74771961,40.47826978],[-3.7476396,40.47823978],[-3.7473796,40.47813977],[-3.7472996,40.47809977],[-3.74726959,40.47807977],[-3.74722959,40.47805977],[-3.74711959,40.47799977],[-3.74701959,40.47793977],[-3.74691959,40.47786976],[-3.74690959,40.47785976],[-3.74675958,40.47773976],[-3.74666958,40.47779976],[-3.74659958,40.47784976],[-3.74651957,40.47789977],[-3.74646957,40.47792977],[-3.74643957,40.47794977],[-3.74638957,40.47797977],[-3.74633957,40.47800977],[-3.74630957,40.47802977],[-3.74615957,40.47811977],[-3.74602956,40.47819977],[-3.74589956,40.47827978],[-3.74583956,40.47831978],[-3.74573955,40.47838978],[-3.74558955,40.47847978],[-3.74547955,40.47854978],[-3.74527954,40.47866979],[-3.74513954,40.47875979],[-3.74509954,40.47877979],[-3.74475953,40.4789998],[-3.74472953,40.4790198],[-3.74468953,40.4790498],[-3.74466952,40.4790598],[-3.74465952,40.4790698],[-3.74465952,40.4790698],[-3.74463952,40.4790798],[-3.74449952,40.4791598],[-3.74446952,40.4791798],[-3.74435952,40.47924981],[-3.74423951,40.47932981],[-3.74413951,40.47938981],[-3.7438895,40.47954982],[-3.7437895,40.47961982],[-3.7435895,40.47974982],[-3.74350949,40.47979982],[-3.74337949,40.47987983],[-3.74292948,40.48014983],[-3.74283948,40.48020984],[-3.74274947,40.48026984],[-3.74261947,40.48034984],[-3.74250947,40.48041984],[-3.74220946,40.48060985],[-3.74200945,40.48072985],[-3.74189945,40.48079985],[-3.74178945,40.48086986],[-3.74173945,40.48089986],[-3.74159944,40.48098986],[-3.74191945,40.48113986],[-3.74280947,40.48154988],[-3.7436795,40.48199989],[-3.74430952,40.4823399],[-3.74446952,40.4824199],[-3.74492953,40.48265991],[-3.74502953,40.48278991],[-3.74505954,40.48283991],[-3.74549955,40.48356994],[-3.74439952,40.48546999],[-3.74418951,40.48567],[-3.7437095,40.48613001],[-3.74255947,40.48787007],[-3.74240946,40.48850009],[-3.74192945,40.48873009],[-3.74164944,40.4889901],[-3.74147944,40.48915011],[-3.74129943,40.48932011],[-3.74117943,40.48943011],[-3.74114943,40.48946011],[-3.74113943,40.48946011],[-3.74107943,40.48952012],[-3.74107943,40.48952012],[-3.74038941,40.49017014],[-3.7399794,40.49055015]]]}},{"type":"Feature","properties":{"CODDIS":"8","NOMDIS":"Fuencarral - El Pardo","COD_BAR":"083","NOMBRE":"Peñagrande","COD_DIS_TX":"08","BARRIO_MAY":"PEÑAGRANDE","COD_DISBAR":"83","NUM_BAR":"3","BARRIO_MT":"PEÑAGRANDE","COD_DISB":"8-3","AREA":2887271.13506},"geometry":{"type":"Polygon","coordinates":[[[-3.73203918,40.48697004],[-3.73176918,40.48688004],[-3.7289891,40.48599001],[-3.72784907,40.48561],[-3.72776907,40.48558],[-3.72757906,40.48555],[-3.725289,40.48554],[-3.72270893,40.48553],[-3.72012886,40.48561],[-3.71984886,40.48562],[-3.71898883,40.48565],[-3.71659877,40.48575],[-3.71654877,40.48549999],[-3.71651877,40.48537999],[-3.71647876,40.48523999],[-3.71642876,40.48510998],[-3.71635876,40.48495998],[-3.71633876,40.48492998],[-3.71627876,40.48480997],[-3.71625876,40.48476997],[-3.71621876,40.48469997],[-3.71612876,40.48457997],[-3.71600875,40.48442996],[-3.71583875,40.48423996],[-3.71577875,40.48417995],[-3.71572874,40.48412995],[-3.71564874,40.48404995],[-3.71559874,40.48400995],[-3.71540874,40.48382994],[-3.71528873,40.48373994],[-3.71524873,40.48370994],[-3.71497872,40.48349993],[-3.71442871,40.48306992],[-3.7142487,40.48309992],[-3.7140087,40.48266991],[-3.7139087,40.4824799],[-3.71374869,40.4825199],[-3.71372869,40.4825199],[-3.71366869,40.4823999],[-3.71341868,40.48185988],[-3.71334868,40.48187989],[-3.71263866,40.48033984],[-3.71321868,40.48016983],[-3.71382869,40.47992983],[-3.71450871,40.47966982],[-3.71516873,40.47944981],[-3.71522873,40.47942981],[-3.71531873,40.47938981],[-3.71570874,40.47922981],[-3.71606875,40.4790698],[-3.71647876,40.47884979],[-3.71640876,40.47877979],[-3.71630876,40.47702974],[-3.71625876,40.47683973],[-3.71588875,40.4757797],[-3.71552874,40.47460967],[-3.71541874,40.47427966],[-3.71510873,40.47334963],[-3.71509873,40.47332963],[-3.71506873,40.47320962],[-3.71505873,40.47316962],[-3.71500873,40.47297962],[-3.71491872,40.4725296],[-3.71486872,40.47223959],[-3.71469872,40.47122956],[-3.71450871,40.47010953],[-3.71442871,40.46980952],[-3.71453871,40.46958951],[-3.71569874,40.46991952],[-3.7176388,40.47040954],[-3.71969885,40.47092955],[-3.72006886,40.47101956],[-3.72042887,40.47110956],[-3.72799908,40.47295962],[-3.72852909,40.47287961],[-3.72924911,40.47277961],[-3.72958912,40.47272961],[-3.73038914,40.47265961],[-3.73138917,40.47262961],[-3.73192918,40.47263961],[-3.73222919,40.47264961],[-3.73241919,40.47265961],[-3.73320922,40.47270961],[-3.73341922,40.47272961],[-3.73356923,40.47274961],[-3.73394924,40.47279961],[-3.73436925,40.47286961],[-3.73463925,40.47290961],[-3.73489926,40.47295962],[-3.73566928,40.47311962],[-3.73574928,40.47322962],[-3.7361793,40.47402965],[-3.7361993,40.47406965],[-3.7362293,40.47409965],[-3.7362893,40.47415965],[-3.7363293,40.47418965],[-3.7363793,40.47421965],[-3.7364593,40.47424966],[-3.73653931,40.47427966],[-3.73663931,40.47429966],[-3.73759933,40.47439966],[-3.73841936,40.47609971],[-3.73834935,40.47611971],[-3.73874937,40.47706974],[-3.73882937,40.47714974],[-3.73917938,40.47821978],[-3.73920938,40.47830978],[-3.73930938,40.47849978],[-3.73895937,40.47885979],[-3.73804935,40.47980982],[-3.73792934,40.47980982],[-3.73781934,40.47982982],[-3.73771934,40.47986982],[-3.73764934,40.47990983],[-3.73750933,40.48004983],[-3.73742933,40.48014983],[-3.73726933,40.48036984],[-3.73715932,40.48051984],[-3.73706932,40.48065985],[-3.73695932,40.48082985],[-3.73690932,40.48090986],[-3.73684931,40.48100986],[-3.73677931,40.48115986],[-3.73672931,40.48124987],[-3.73670931,40.48129987],[-3.73664931,40.48142987],[-3.73655931,40.48167988],[-3.7364593,40.48200989],[-3.7363993,40.4821999],[-3.7363493,40.4823599],[-3.7362793,40.48265991],[-3.7362193,40.48287992],[-3.73613929,40.48315992],[-3.73608929,40.48335993],[-3.73606929,40.48343993],[-3.73601929,40.48361994],[-3.73600929,40.48368994],[-3.73596929,40.48390995],[-3.73594929,40.48491998],[-3.73203918,40.48697004]]]}},{"type":"Feature","properties":{"CODDIS":"8","NOMDIS":"Fuencarral - El Pardo","COD_BAR":"084","NOMBRE":"Pilar","COD_DIS_TX":"08","BARRIO_MAY":"PILAR","COD_DISBAR":"84","NUM_BAR":"4","BARRIO_MT":"PILAR","COD_DISB":"8-4","AREA":1363211.89604},"geometry":{"type":"Polygon","coordinates":[[[-3.70930857,40.48558],[-3.70887856,40.48531999],[-3.70824854,40.48490998],[-3.70781853,40.48460997],[-3.70758852,40.48444996],[-3.70725852,40.48421996],[-3.7068485,40.48393995],[-3.7065585,40.48374994],[-3.70641849,40.48365994],[-3.70622849,40.48352994],[-3.70606848,40.48339993],[-3.70596848,40.48330993],[-3.70590848,40.48323993],[-3.70588848,40.48321993],[-3.70581848,40.48314992],[-3.70570847,40.48302992],[-3.70562847,40.48292992],[-3.70556847,40.48284991],[-3.70551847,40.48277991],[-3.70547847,40.48270991],[-3.70543847,40.48262991],[-3.70539847,40.48254991],[-3.70512846,40.48191989],[-3.70471845,40.48078985],[-3.70420843,40.47938981],[-3.70368842,40.47783976],[-3.70334841,40.47692974],[-3.7028384,40.47547969],[-3.70253839,40.47463967],[-3.70230838,40.47402965],[-3.70224838,40.47394965],[-3.70208838,40.47374964],[-3.70317841,40.47272961],[-3.70318841,40.47271961],[-3.70342841,40.4724896],[-3.70345841,40.4724596],[-3.70373842,40.47222959],[-3.70397843,40.47207959],[-3.70436844,40.47191958],[-3.70458844,40.47185958],[-3.70463845,40.47184958],[-3.70485845,40.47181958],[-3.70519846,40.47178958],[-3.70730852,40.47158957],[-3.70740852,40.47157957],[-3.70852855,40.47147957],[-3.71069861,40.47128957],[-3.71111862,40.47119956],[-3.71137863,40.47111956],[-3.71160863,40.47101956],[-3.71164863,40.47099956],[-3.71192864,40.47081955],[-3.71206865,40.47070955],[-3.71214865,40.47063955],[-3.71234865,40.47040954],[-3.71239865,40.47032954],[-3.71248866,40.47019953],[-3.71258866,40.46998953],[-3.71262866,40.46986952],[-3.71266866,40.46971952],[-3.71269866,40.46961952],[-3.71271866,40.46954951],[-3.71271866,40.46954951],[-3.71273866,40.46945951],[-3.71278867,40.46935951],[-3.71280867,40.46931951],[-3.71287867,40.4691595],[-3.71295867,40.4689795],[-3.71303867,40.46885949],[-3.71305867,40.46882949],[-3.71316868,40.46865949],[-3.71320868,40.46859948],[-3.71327868,40.46850948],[-3.71336868,40.46859948],[-3.71351868,40.46875949],[-3.71364869,40.46888949],[-3.71379869,40.4690395],[-3.7140387,40.46931951],[-3.7142087,40.46947951],[-3.71453871,40.46962952],[-3.71442871,40.46980952],[-3.71450871,40.47010953],[-3.71469872,40.47122956],[-3.71486872,40.47223959],[-3.71491872,40.4725296],[-3.71500873,40.47297962],[-3.71505873,40.47316962],[-3.71506873,40.47320962],[-3.71509873,40.47332963],[-3.71510873,40.47334963],[-3.71541874,40.47427966],[-3.71552874,40.47460967],[-3.71588875,40.4757797],[-3.71625876,40.47683973],[-3.71630876,40.47702974],[-3.71640876,40.47877979],[-3.71647876,40.47884979],[-3.71606875,40.4790698],[-3.71570874,40.47922981],[-3.71531873,40.47938981],[-3.71522873,40.47942981],[-3.71516873,40.47944981],[-3.71450871,40.47966982],[-3.71382869,40.47992983],[-3.71321868,40.48016983],[-3.71263866,40.48033984],[-3.71334868,40.48187989],[-3.71341868,40.48185988],[-3.71366869,40.4823999],[-3.71372869,40.4825199],[-3.71374869,40.4825199],[-3.7139087,40.4824799],[-3.7140087,40.48266991],[-3.7142287,40.48310992],[-3.7141487,40.48312992],[-3.7140487,40.48314992],[-3.7139087,40.48317992],[-3.71379869,40.48319993],[-3.71366869,40.48322993],[-3.71354869,40.48325993],[-3.71342868,40.48328993],[-3.71326868,40.48332993],[-3.71314867,40.48335993],[-3.71308867,40.48337993],[-3.71296867,40.48341993],[-3.71294867,40.48342993],[-3.71287867,40.48344993],[-3.71281867,40.48346993],[-3.71277866,40.48347993],[-3.71261866,40.48353994],[-3.71258866,40.48354994],[-3.71255866,40.48355994],[-3.71249866,40.48358994],[-3.71238865,40.48363994],[-3.71226865,40.48369994],[-3.71216865,40.48375994],[-3.71212865,40.48377994],[-3.71206865,40.48380994],[-3.71199864,40.48384994],[-3.71196864,40.48386995],[-3.7101886,40.48505998],[-3.70976858,40.48527999],[-3.70962858,40.48535999],[-3.70950858,40.48542999],[-3.70938857,40.48551],[-3.70927857,40.48558],[-3.70930857,40.48558]]]}},{"type":"Feature","properties":{"CODDIS":"8","NOMDIS":"Fuencarral - El Pardo","COD_BAR":"085","NOMBRE":"La Paz","COD_DIS_TX":"08","BARRIO_MAY":"LA PAZ","COD_DISBAR":"85","NUM_BAR":"5","BARRIO_MT":"LA PAZ","COD_DISB":"8-5","AREA":2154754.62134},"geometry":{"type":"Polygon","coordinates":[[[-3.68521792,40.4822899],[-3.68513792,40.48214989],[-3.68509792,40.48198989],[-3.68508792,40.48194989],[-3.68506792,40.48169988],[-3.68509792,40.48142987],[-3.68512792,40.48123987],[-3.68524792,40.48075985],[-3.68530792,40.48051984],[-3.68560793,40.47958982],[-3.68638795,40.47668973],[-3.68708797,40.47424966],[-3.68711797,40.47414965],[-3.68886802,40.47441966],[-3.68895802,40.47448966],[-3.68908803,40.47459967],[-3.68923803,40.47467967],[-3.68944804,40.47467967],[-3.68979805,40.47462967],[-3.69023806,40.47454966],[-3.69071807,40.47446966],[-3.69098808,40.47443966],[-3.69126808,40.47446966],[-3.69151809,40.47452966],[-3.6917581,40.47458967],[-3.69201811,40.47465967],[-3.69232811,40.47471967],[-3.69257812,40.47472967],[-3.69282813,40.47471967],[-3.69313814,40.47466967],[-3.69345814,40.47460967],[-3.69372815,40.47456966],[-3.69401816,40.47454966],[-3.69433817,40.47455966],[-3.69466818,40.47457967],[-3.69501819,40.47463967],[-3.6953582,40.47471967],[-3.6956882,40.47477967],[-3.69598821,40.47478967],[-3.69618822,40.47477967],[-3.69636822,40.47474967],[-3.69652823,40.47470967],[-3.69668823,40.47465967],[-3.69683824,40.47461967],[-3.69702824,40.47457967],[-3.69724825,40.47454966],[-3.69748825,40.47453966],[-3.69762826,40.47453966],[-3.69780826,40.47453966],[-3.69786826,40.47454966],[-3.69798827,40.47455966],[-3.69815827,40.47458967],[-3.69835828,40.47464967],[-3.69849828,40.47468967],[-3.69870829,40.47477967],[-3.69886829,40.47484967],[-3.69897829,40.47488967],[-3.69902829,40.47490968],[-3.6992183,40.47493968],[-3.6994283,40.47496968],[-3.69952831,40.47496968],[-3.69952831,40.47496968],[-3.69969831,40.47497968],[-3.69997832,40.47497968],[-3.70026833,40.47494968],[-3.70049833,40.47488967],[-3.70065834,40.47482967],[-3.70070834,40.47480967],[-3.70089834,40.47472967],[-3.70105835,40.47462967],[-3.70114835,40.47456966],[-3.70124835,40.47449966],[-3.70133836,40.47443966],[-3.70138836,40.47438966],[-3.70147836,40.47431966],[-3.70162836,40.47417965],[-3.70181837,40.47400965],[-3.70181837,40.47400965],[-3.70208838,40.47376964],[-3.70224838,40.47394965],[-3.70230838,40.47402965],[-3.70253839,40.47463967],[-3.7028384,40.47547969],[-3.70334841,40.47692974],[-3.70368842,40.47783976],[-3.70420843,40.47938981],[-3.70471845,40.48078985],[-3.70512846,40.48191989],[-3.70539847,40.48254991],[-3.70543847,40.48262991],[-3.70547847,40.48270991],[-3.70551847,40.48277991],[-3.70556847,40.48284991],[-3.70562847,40.48292992],[-3.70570847,40.48302992],[-3.70581848,40.48314992],[-3.70588848,40.48321993],[-3.70590848,40.48323993],[-3.70596848,40.48330993],[-3.70606848,40.48339993],[-3.70622849,40.48352994],[-3.70641849,40.48365994],[-3.7065585,40.48374994],[-3.7068485,40.48393995],[-3.70725852,40.48421996],[-3.70758852,40.48444996],[-3.70781853,40.48460997],[-3.70824854,40.48490998],[-3.70887856,40.48531999],[-3.70930857,40.48558],[-3.70892856,40.48587001],[-3.70870856,40.48606001],[-3.70865855,40.48610001],[-3.70854855,40.48618002],[-3.70841855,40.48627002],[-3.70827854,40.48635002],[-3.70814854,40.48643002],[-3.70798854,40.48652003],[-3.70770853,40.48665003],[-3.70737852,40.48676003],[-3.70469845,40.48754006],[-3.70426844,40.48767006],[-3.70417843,40.48770006],[-3.70357842,40.48788007],[-3.70336841,40.48796007],[-3.70318841,40.48804007],[-3.7028784,40.48819008],[-3.70269839,40.48829008],[-3.70241839,40.48848008],[-3.70196837,40.48877009],[-3.70181837,40.4888601],[-3.70164836,40.4889701],[-3.70152836,40.4890401],[-3.70133836,40.4891301],[-3.70115835,40.48921011],[-3.70092835,40.48931011],[-3.69880829,40.48994013],[-3.69823827,40.49010013],[-3.69809827,40.48948011],[-3.69797827,40.4891101],[-3.69786826,40.4888201],[-3.69776826,40.48860009],[-3.69762826,40.48832008],[-3.69749825,40.48811007],[-3.69735825,40.48789007],[-3.69713824,40.48763006],[-3.69701824,40.48750006],[-3.69662823,40.48712004],[-3.69627822,40.48683003],[-3.69579821,40.48650003],[-3.69530819,40.48623002],[-3.69510819,40.48613001],[-3.69484818,40.48601001],[-3.69445817,40.48586001],[-3.69415816,40.48574],[-3.69374815,40.48558],[-3.69354815,40.48549999],[-3.69328814,40.48539999],[-3.69316814,40.48534999],[-3.69281813,40.48520999],[-3.69255812,40.48510998],[-3.6917981,40.48480997],[-3.69133809,40.48461997],[-3.69083807,40.48441996],[-3.69051806,40.48428996],[-3.69001805,40.48408995],[-3.68997805,40.48406995],[-3.68987805,40.48402995],[-3.68942804,40.48384994],[-3.68919803,40.48375994],[-3.68838801,40.48343993],[-3.68739798,40.48316992],[-3.68644795,40.48294992],[-3.68605794,40.48284991],[-3.68579794,40.48274991],[-3.68558793,40.48262991],[-3.68536793,40.4824599],[-3.68522792,40.4822899],[-3.68521792,40.4822899]]]}},{"type":"Feature","properties":{"CODDIS":"8","NOMDIS":"Fuencarral - El Pardo","COD_BAR":"086","NOMBRE":"Valverde","COD_DIS_TX":"08","BARRIO_MAY":"VALVERDE","COD_DISBAR":"86","NUM_BAR":"6","BARRIO_MT":"VALVERDE","COD_DISB":"8-6","AREA":8981228.01431},"geometry":{"type":"Polygon","coordinates":[[[-3.66286732,40.52003104],[-3.66146728,40.51726095],[-3.65915722,40.51359084],[-3.65912722,40.51348084],[-3.6585972,40.51166078],[-3.65788718,40.51145078],[-3.65761718,40.51171079],[-3.65761718,40.51172079],[-3.65775718,40.51147078],[-3.65786718,40.51123077],[-3.65795719,40.51102077],[-3.65801719,40.51087076],[-3.65807719,40.51068076],[-3.65814719,40.51045075],[-3.65817719,40.51031074],[-3.65821719,40.51010074],[-3.65824719,40.50992073],[-3.65826719,40.50976073],[-3.6582872,40.50960072],[-3.6582972,40.50946072],[-3.6582972,40.50938072],[-3.6582972,40.50932071],[-3.6582972,40.50913071],[-3.6582972,40.5089907],[-3.6582872,40.5087707],[-3.6582872,40.50859069],[-3.6582772,40.50839069],[-3.65826719,40.50819068],[-3.65825719,40.50800067],[-3.65823719,40.50777067],[-3.65822719,40.50758066],[-3.65821719,40.50741066],[-3.65819719,40.50700064],[-3.65816719,40.50659063],[-3.65815719,40.50619062],[-3.65814719,40.50583061],[-3.65815719,40.5055006],[-3.65818719,40.50522059],[-3.65822719,40.50496058],[-3.6583172,40.50461057],[-3.6583772,40.50440057],[-3.6584472,40.50422056],[-3.6585472,40.50402055],[-3.6586272,40.50385055],[-3.65871721,40.50367054],[-3.65880721,40.50351054],[-3.65891721,40.50334053],[-3.65909722,40.50308053],[-3.65918722,40.50295052],[-3.65955723,40.50247051],[-3.66002724,40.50189049],[-3.66038725,40.50145048],[-3.66104727,40.50067045],[-3.66149728,40.50016044],[-3.66174729,40.49988043],[-3.6622373,40.49935041],[-3.66285732,40.4987604],[-3.66343733,40.49826038],[-3.66408735,40.49772036],[-3.66483737,40.49710035],[-3.6659874,40.49617032],[-3.66647742,40.49578031],[-3.66696743,40.49539029],[-3.66709743,40.49529029],[-3.66756745,40.49492028],[-3.66787745,40.49467027],[-3.66852747,40.49416026],[-3.66923749,40.49361024],[-3.67000751,40.49299022],[-3.67017752,40.49286022],[-3.67045752,40.49262021],[-3.67063753,40.49247021],[-3.67097754,40.4921602],[-3.67117754,40.49196019],[-3.67143755,40.49168018],[-3.67162756,40.49144017],[-3.67179756,40.49121017],[-3.67194756,40.49098016],[-3.67209757,40.49074015],[-3.67220757,40.49053015],[-3.67233757,40.49027014],[-3.67245758,40.49002013],[-3.67259758,40.48968012],[-3.67270758,40.48937011],[-3.67279759,40.4890901],[-3.67283759,40.4889501],[-3.67289759,40.48872009],[-3.67298759,40.48833008],[-3.67306759,40.48790007],[-3.6731476,40.48738005],[-3.6731776,40.48716004],[-3.6732276,40.48669003],[-3.6733376,40.48556],[-3.6733676,40.48519999],[-3.6734276,40.48449996],[-3.6734676,40.48399995],[-3.67447763,40.48403995],[-3.67495765,40.48402995],[-3.67592767,40.48400995],[-3.67637768,40.48398995],[-3.67665769,40.48397995],[-3.67730771,40.48394995],[-3.67736771,40.48394995],[-3.67741771,40.48394995],[-3.67779772,40.48392995],[-3.67801773,40.48390995],[-3.67804773,40.48390995],[-3.67819773,40.48389995],[-3.67831774,40.48388995],[-3.67837774,40.48387995],[-3.67854774,40.48385995],[-3.67870775,40.48383994],[-3.67901775,40.48378994],[-3.67937776,40.48371994],[-3.68008778,40.48355994],[-3.68024779,40.48351994],[-3.68049779,40.48345993],[-3.6808178,40.48336993],[-3.68095781,40.48332993],[-3.68116781,40.48326993],[-3.68143782,40.48318993],[-3.68191783,40.48304992],[-3.68216784,40.48297992],[-3.68333787,40.48257991],[-3.68362788,40.4824899],[-3.68394789,40.4823999],[-3.6842579,40.4823299],[-3.6845279,40.4822899],[-3.68471791,40.4822799],[-3.68482791,40.4822699],[-3.68486791,40.4822699],[-3.68509792,40.4822799],[-3.68522792,40.4822899],[-3.68536793,40.4824599],[-3.68558793,40.48262991],[-3.68579794,40.48274991],[-3.68605794,40.48284991],[-3.68644795,40.48294992],[-3.68739798,40.48316992],[-3.68838801,40.48343993],[-3.68919803,40.48375994],[-3.68942804,40.48384994],[-3.68987805,40.48402995],[-3.68997805,40.48406995],[-3.69001805,40.48408995],[-3.69051806,40.48428996],[-3.69083807,40.48441996],[-3.69133809,40.48461997],[-3.6917981,40.48480997],[-3.69255812,40.48510998],[-3.69281813,40.48520999],[-3.69316814,40.48534999],[-3.69328814,40.48539999],[-3.69354815,40.48549999],[-3.69374815,40.48558],[-3.69415816,40.48574],[-3.69445817,40.48586001],[-3.69484818,40.48601001],[-3.69510819,40.48613001],[-3.69530819,40.48623002],[-3.69579821,40.48650003],[-3.69627822,40.48683003],[-3.69662823,40.48712004],[-3.69701824,40.48750006],[-3.69713824,40.48763006],[-3.69735825,40.48789007],[-3.69749825,40.48811007],[-3.69762826,40.48832008],[-3.69776826,40.48860009],[-3.69786826,40.4888201],[-3.69797827,40.4891101],[-3.69809827,40.48948011],[-3.69824827,40.49009013],[-3.69838828,40.49084016],[-3.69845828,40.49122017],[-3.69854828,40.49179018],[-3.69859828,40.49201019],[-3.69865828,40.4922102],[-3.69876829,40.49247021],[-3.69886829,40.49267021],[-3.69900829,40.49291022],[-3.6992083,40.49318023],[-3.69943831,40.49345023],[-3.69982832,40.49388025],[-3.70004832,40.49412026],[-3.70027833,40.49437026],[-3.70041833,40.49455027],[-3.70057834,40.49481028],[-3.70068834,40.49501028],[-3.70076834,40.49519029],[-3.70080834,40.49532029],[-3.70085834,40.4955003],[-3.70089834,40.4957303],[-3.70091835,40.49600031],[-3.70091835,40.49622032],[-3.70088834,40.49645033],[-3.70084834,40.49666033],[-3.70076834,40.49691034],[-3.70067834,40.49713035],[-3.70052833,40.49739035],[-3.70034833,40.49766036],[-3.70014832,40.49795037],[-3.69991832,40.49826038],[-3.69967831,40.49853039],[-3.69944831,40.49875039],[-3.6992283,40.4989304],[-3.69879829,40.49922041],[-3.69842828,40.49946042],[-3.69806827,40.49969042],[-3.69764826,40.49999043],[-3.69733825,40.50024044],[-3.69713824,40.50043045],[-3.69690824,40.50067045],[-3.69651823,40.50112047],[-3.69617822,40.50154048],[-3.69385815,40.50428056],[-3.69261812,40.50577061],[-3.69243812,40.50598061],[-3.69227811,40.50617062],[-3.69111808,40.50756066],[-3.69079807,40.50793067],[-3.69046806,40.50830068],[-3.68994805,40.5089007],[-3.68986805,40.5089807],[-3.68969804,40.50914071],[-3.68965804,40.50917071],[-3.68950804,40.50930071],[-3.68896802,40.50967072],[-3.68894802,40.50968072],[-3.68859801,40.50989073],[-3.68848801,40.50996073],[-3.688098,40.51015074],[-3.68701797,40.51067075],[-3.68635795,40.51051075],[-3.68624795,40.51049075],[-3.68614795,40.51048075],[-3.68603794,40.51048075],[-3.68594794,40.51049075],[-3.68585794,40.51050075],[-3.68575794,40.51053075],[-3.68564793,40.51058075],[-3.68552793,40.51065075],[-3.68477791,40.51128077],[-3.6842779,40.51169079],[-3.68408789,40.51184079],[-3.68393789,40.51195079],[-3.68371788,40.5120708],[-3.68347787,40.5121808],[-3.68321787,40.5122708],[-3.68272785,40.51241081],[-3.68230784,40.51251081],[-3.67902775,40.51328083],[-3.67792773,40.51359084],[-3.67765772,40.51366085],[-3.67566766,40.51413086],[-3.67539766,40.51421086],[-3.67520765,40.51428086],[-3.67499765,40.51436087],[-3.67465764,40.51451087],[-3.67354761,40.51500089],[-3.67140755,40.51596091],[-3.67021752,40.51643093],[-3.6697575,40.51660093],[-3.66935749,40.51677094],[-3.66896748,40.51697094],[-3.66858747,40.51719095],[-3.66832747,40.51735096],[-3.66799746,40.51758096],[-3.66760745,40.51786097],[-3.66706743,40.51825098],[-3.66659742,40.51855099],[-3.66633741,40.518701],[-3.6660274,40.518861],[-3.66561739,40.51903101],[-3.66409735,40.51958102],[-3.66335733,40.51985103],[-3.66287732,40.52004104],[-3.66286732,40.52003104]]]}},{"type":"Feature","properties":{"CODDIS":"8","NOMDIS":"Fuencarral - El Pardo","COD_BAR":"087","NOMBRE":"Mirasierra","COD_DIS_TX":"08","BARRIO_MAY":"MIRASIERRA","COD_DISBAR":"87","NUM_BAR":"7","BARRIO_MT":"MIRASIERRA","COD_DISB":"8-7","AREA":6992796.71195},"geometry":{"type":"Polygon","coordinates":[[[-3.73941938,40.51331083],[-3.73913938,40.51323083],[-3.73797934,40.51282082],[-3.73692932,40.51244081],[-3.73664931,40.5123208],[-3.7364793,40.5122208],[-3.7326392,40.50963072],[-3.7324392,40.50951072],[-3.73229919,40.50945072],[-3.73208919,40.50938072],[-3.73196918,40.50934071],[-3.73183918,40.50931071],[-3.73107916,40.50916071],[-3.73006913,40.5089607],[-3.72836909,40.50863069],[-3.72709905,40.50838069],[-3.72690905,40.50833068],[-3.72674904,40.50827068],[-3.72664904,40.50821068],[-3.72655904,40.50815068],[-3.72610902,40.50775067],[-3.72597902,40.50765066],[-3.72589902,40.50760066],[-3.72462898,40.50686064],[-3.72450898,40.50681064],[-3.72439898,40.50677064],[-3.72427898,40.50674064],[-3.72413897,40.50673064],[-3.72339895,40.50667063],[-3.72307894,40.50664063],[-3.72276893,40.50659063],[-3.72196891,40.50643063],[-3.7216489,40.50636062],[-3.7213389,40.50629062],[-3.72112889,40.50623062],[-3.72089888,40.50614062],[-3.72049887,40.50595061],[-3.71991886,40.5056406],[-3.71907883,40.50522059],[-3.71813881,40.50483058],[-3.71756879,40.50460057],[-3.71706878,40.50442057],[-3.71546874,40.50392055],[-3.71513873,40.50381055],[-3.71489872,40.50372054],[-3.71450871,40.50358054],[-3.7141587,40.50344054],[-3.71381869,40.50335053],[-3.71367869,40.50332053],[-3.71317868,40.50327053],[-3.71267866,40.50335053],[-3.71220865,40.50360054],[-3.71193864,40.50370054],[-3.71165863,40.50377055],[-3.71140863,40.50380055],[-3.71117862,40.50382055],[-3.71090861,40.50381055],[-3.70969858,40.50374055],[-3.70688851,40.50359054],[-3.70686851,40.50359054],[-3.70472845,40.50348054],[-3.70471845,40.50348054],[-3.70248839,40.50335053],[-3.70134836,40.50330053],[-3.70049833,40.50330053],[-3.69987832,40.50333053],[-3.6990983,40.50346054],[-3.69825827,40.50372054],[-3.69767826,40.50272051],[-3.69766826,40.50270051],[-3.69739825,40.50241051],[-3.69703824,40.5021305],[-3.69619822,40.50156048],[-3.69651823,40.50112047],[-3.69690824,40.50067045],[-3.69713824,40.50043045],[-3.69733825,40.50024044],[-3.69764826,40.49999043],[-3.69806827,40.49969042],[-3.69842828,40.49946042],[-3.69879829,40.49922041],[-3.6992283,40.4989304],[-3.69944831,40.49875039],[-3.69967831,40.49853039],[-3.69991832,40.49826038],[-3.70014832,40.49795037],[-3.70034833,40.49766036],[-3.70052833,40.49739035],[-3.70067834,40.49713035],[-3.70076834,40.49691034],[-3.70084834,40.49666033],[-3.70088834,40.49645033],[-3.70091835,40.49622032],[-3.70091835,40.49600031],[-3.70089834,40.4957303],[-3.70085834,40.4955003],[-3.70080834,40.49532029],[-3.70076834,40.49519029],[-3.70068834,40.49501028],[-3.70057834,40.49481028],[-3.70041833,40.49455027],[-3.70027833,40.49437026],[-3.70004832,40.49412026],[-3.69982832,40.49388025],[-3.69943831,40.49345023],[-3.6992083,40.49318023],[-3.69900829,40.49291022],[-3.69886829,40.49267021],[-3.69876829,40.49247021],[-3.69865828,40.4922102],[-3.69859828,40.49201019],[-3.69854828,40.49179018],[-3.69845828,40.49122017],[-3.69838828,40.49084016],[-3.69824827,40.49009013],[-3.69880829,40.48994013],[-3.70092835,40.48931011],[-3.70115835,40.48921011],[-3.70133836,40.4891301],[-3.70152836,40.4890401],[-3.70164836,40.4889701],[-3.70181837,40.4888601],[-3.70196837,40.48877009],[-3.70241839,40.48848008],[-3.70269839,40.48829008],[-3.7028784,40.48819008],[-3.70318841,40.48804007],[-3.70336841,40.48796007],[-3.70357842,40.48788007],[-3.70417843,40.48770006],[-3.70426844,40.48767006],[-3.70469845,40.48754006],[-3.70737852,40.48676003],[-3.70770853,40.48665003],[-3.70798854,40.48652003],[-3.70814854,40.48643002],[-3.70827854,40.48635002],[-3.70841855,40.48627002],[-3.70854855,40.48618002],[-3.70865855,40.48610001],[-3.70870856,40.48606001],[-3.70892856,40.48587001],[-3.70930857,40.48558],[-3.70938857,40.48551],[-3.70950858,40.48542999],[-3.70962858,40.48535999],[-3.70976858,40.48527999],[-3.7101886,40.48505998],[-3.71196864,40.48386995],[-3.71199864,40.48384994],[-3.71206865,40.48380994],[-3.71212865,40.48377994],[-3.71216865,40.48375994],[-3.71226865,40.48369994],[-3.71238865,40.48363994],[-3.71249866,40.48358994],[-3.71255866,40.48355994],[-3.71258866,40.48354994],[-3.71261866,40.48353994],[-3.71277866,40.48347993],[-3.71281867,40.48346993],[-3.71287867,40.48344993],[-3.71294867,40.48342993],[-3.71296867,40.48341993],[-3.71308867,40.48337993],[-3.71314867,40.48335993],[-3.71326868,40.48332993],[-3.71342868,40.48328993],[-3.71354869,40.48325993],[-3.71366869,40.48322993],[-3.71379869,40.48319993],[-3.7139087,40.48317992],[-3.7140487,40.48314992],[-3.7141487,40.48312992],[-3.7142287,40.48310992],[-3.71442871,40.48306992],[-3.71497872,40.48349993],[-3.71524873,40.48370994],[-3.71528873,40.48373994],[-3.71540874,40.48382994],[-3.71559874,40.48400995],[-3.71564874,40.48404995],[-3.71572874,40.48412995],[-3.71577875,40.48417995],[-3.71583875,40.48423996],[-3.71600875,40.48442996],[-3.71612876,40.48457997],[-3.71621876,40.48469997],[-3.71625876,40.48476997],[-3.71627876,40.48480997],[-3.71633876,40.48492998],[-3.71635876,40.48495998],[-3.71642876,40.48510998],[-3.71647876,40.48523999],[-3.71651877,40.48537999],[-3.71654877,40.48549999],[-3.71659877,40.48575],[-3.71898883,40.48565],[-3.71984886,40.48562],[-3.72012886,40.48561],[-3.72270893,40.48553],[-3.725289,40.48554],[-3.72757906,40.48555],[-3.72776907,40.48558],[-3.72784907,40.48561],[-3.7289891,40.48599001],[-3.73176918,40.48688004],[-3.73203918,40.48697004],[-3.73213919,40.48698004],[-3.73224919,40.48697004],[-3.73232919,40.48697004],[-3.73239919,40.48699004],[-3.73242919,40.48702004],[-3.7325092,40.48708004],[-3.7325492,40.48711004],[-3.7326192,40.48718005],[-3.7326192,40.48718005],[-3.7327292,40.48726005],[-3.73281921,40.48732005],[-3.73299921,40.48740005],[-3.73328922,40.48751006],[-3.73354922,40.48764006],[-3.73381923,40.48779006],[-3.73422924,40.48792007],[-3.73444925,40.48808007],[-3.73468926,40.48840008],[-3.73490926,40.48864009],[-3.73505927,40.48874009],[-3.73529927,40.4888301],[-3.73559928,40.4889801],[-3.73588929,40.4890401],[-3.7361693,40.4891101],[-3.7363993,40.48917011],[-3.73657931,40.48923011],[-3.73671931,40.48930011],[-3.73682931,40.48935011],[-3.73714932,40.48946011],[-3.73749933,40.48957012],[-3.73767934,40.48965012],[-3.73796934,40.48987013],[-3.73806935,40.48991013],[-3.7399794,40.49055015],[-3.73937938,40.49117017],[-3.73903937,40.49185019],[-3.73873936,40.4924602],[-3.73858936,40.49276021],[-3.73840936,40.49312022],[-3.73834935,40.49324023],[-3.73820935,40.49353024],[-3.73819935,40.49355024],[-3.73804935,40.49384025],[-3.73802935,40.49387025],[-3.73801935,40.49388025],[-3.73800935,40.49389025],[-3.73799934,40.49390025],[-3.73797934,40.49395025],[-3.73790934,40.49410025],[-3.73790934,40.49410025],[-3.73785934,40.49419026],[-3.73780934,40.49430026],[-3.73775934,40.49440026],[-3.73770934,40.49450027],[-3.73763934,40.49463027],[-3.73756933,40.49478027],[-3.73749933,40.49491028],[-3.73744933,40.49502028],[-3.73739933,40.49513029],[-3.73734933,40.49524029],[-3.73722932,40.4954903],[-3.73716932,40.4956203],[-3.73711932,40.4957203],[-3.73692932,40.49608031],[-3.73684931,40.49623032],[-3.73674931,40.49642032],[-3.73664931,40.49663033],[-3.73655931,40.49681034],[-3.7365093,40.49691034],[-3.7364493,40.49704034],[-3.7364293,40.49708034],[-3.7363193,40.49732035],[-3.7362093,40.49761036],[-3.7361693,40.49771036],[-3.7361593,40.49775036],[-3.73586929,40.49852039],[-3.73539927,40.49979043],[-3.73484926,40.50126047],[-3.73450925,40.5021705],[-3.73396924,40.50256051],[-3.73364923,40.50279052],[-3.73305921,40.50322053],[-3.7326992,40.50348054],[-3.73230919,40.50391055],[-3.73235919,40.50427056],[-3.73236919,40.50432056],[-3.73237919,40.50437056],[-3.73238919,40.50441057],[-3.73238919,40.50445057],[-3.73238919,40.50448057],[-3.73238919,40.50451057],[-3.73238919,40.50454057],[-3.73239919,40.50458057],[-3.73239919,40.50461057],[-3.73239919,40.50464057],[-3.73239919,40.50467057],[-3.73240919,40.50471057],[-3.73240919,40.50474058],[-3.73241919,40.50479058],[-3.73242919,40.50484058],[-3.7324392,40.50489058],[-3.7324392,40.50490058],[-3.7324492,40.50495058],[-3.7324592,40.50499058],[-3.7324692,40.50502058],[-3.7324792,40.50505059],[-3.7324892,40.50508059],[-3.7324992,40.50512059],[-3.7325092,40.50516059],[-3.7325192,40.50520059],[-3.7325192,40.50521059],[-3.7325292,40.50524059],[-3.7325392,40.50529059],[-3.7325492,40.50533059],[-3.7325492,40.50534059],[-3.7327192,40.50579061],[-3.7327192,40.50580061],[-3.7327292,40.50585061],[-3.7327392,40.50590061],[-3.7327392,40.50592061],[-3.73280921,40.50634062],[-3.73309921,40.50641063],[-3.73299921,40.50702064],[-3.73289921,40.50715065],[-3.73292921,40.50720065],[-3.73299921,40.50732065],[-3.73327922,40.50743066],[-3.73342922,40.50745066],[-3.73346922,40.50746066],[-3.73359923,40.50750066],[-3.73369923,40.50753066],[-3.73387923,40.50759066],[-3.73391923,40.50760066],[-3.73402924,40.50764066],[-3.73409924,40.50766066],[-3.73440925,40.50776067],[-3.73444925,40.50770067],[-3.73448925,40.50764066],[-3.73451925,40.50759066],[-3.73455925,40.50753066],[-3.73457925,40.50749066],[-3.73461925,40.50743066],[-3.73464925,40.50738066],[-3.73468926,40.50731065],[-3.73470926,40.50727065],[-3.73473926,40.50723065],[-3.73476926,40.50719065],[-3.73479926,40.50715065],[-3.73482926,40.50710065],[-3.73496926,40.50688064],[-3.73510927,40.50692064],[-3.73524927,40.50696064],[-3.73533927,40.50699064],[-3.73550928,40.50704065],[-3.73570928,40.50709065],[-3.73588929,40.50714065],[-3.73612929,40.50721065],[-3.7363793,40.50728065],[-3.7364893,40.50731065],[-3.73662931,40.50735065],[-3.73677931,40.50739066],[-3.73684931,40.50741066],[-3.73698932,40.50745066],[-3.73708932,40.50748066],[-3.73713932,40.50749066],[-3.73728933,40.50754066],[-3.73741933,40.50758066],[-3.73759933,40.50763066],[-3.73776934,40.50768066],[-3.73782934,40.50770067],[-3.73795934,40.50774067],[-3.73808935,40.50778067],[-3.73820935,40.50781067],[-3.73828935,40.50783067],[-3.73838936,40.50786067],[-3.73854936,40.50791067],[-3.73866936,40.50795067],[-3.73879937,40.50799067],[-3.73895937,40.50803068],[-3.73906937,40.50806068],[-3.73920938,40.50810068],[-3.73949939,40.50819068],[-3.73972939,40.50826068],[-3.7399394,40.50832068],[-3.74093942,40.50862069],[-3.74113943,40.50868069],[-3.74128943,40.5087207],[-3.74137944,40.5087507],[-3.74203945,40.5089507],[-3.74198945,40.5090207],[-3.74196945,40.50906071],[-3.74194945,40.50909071],[-3.74192945,40.50912071],[-3.74190945,40.50916071],[-3.74187945,40.50920071],[-3.74185945,40.50923071],[-3.74183945,40.50926071],[-3.74181945,40.50929071],[-3.74179945,40.50932071],[-3.74176945,40.50937072],[-3.74175945,40.50939072],[-3.74174945,40.50941072],[-3.74172945,40.50944072],[-3.74169944,40.50948072],[-3.74167944,40.50952072],[-3.74164944,40.50956072],[-3.74162944,40.50960072],[-3.74154944,40.50973073],[-3.74152944,40.50977073],[-3.74150944,40.50981073],[-3.74148944,40.50985073],[-3.74141944,40.50997073],[-3.74139944,40.51000073],[-3.74137944,40.51004074],[-3.74135944,40.51007074],[-3.74134944,40.51009074],[-3.74133944,40.51010074],[-3.74129943,40.51017074],[-3.74127943,40.51021074],[-3.74125943,40.51024074],[-3.74119943,40.51034074],[-3.74116943,40.51038075],[-3.74114943,40.51042075],[-3.74111943,40.51047075],[-3.74108943,40.51052075],[-3.74106943,40.51055075],[-3.74105943,40.51057075],[-3.74102943,40.51062075],[-3.74100943,40.51066075],[-3.74098943,40.51070076],[-3.74096943,40.51074076],[-3.74095942,40.51075076],[-3.74094942,40.51076076],[-3.74091942,40.51080076],[-3.74087942,40.51087076],[-3.74085942,40.51090076],[-3.74083942,40.51094076],[-3.74079942,40.51100076],[-3.74076942,40.51106077],[-3.74073942,40.51110077],[-3.74064942,40.51125077],[-3.73968939,40.51287082],[-3.73941938,40.51331083]]]}},{"type":"Feature","properties":{"CODDIS":"8","NOMDIS":"Fuencarral - El Pardo","COD_BAR":"088","NOMBRE":"El Goloso","COD_DIS_TX":"08","BARRIO_MAY":"EL GOLOSO","COD_DISBAR":"88","NUM_BAR":"8","BARRIO_MT":"EL GOLOSO","COD_DISB":"8-8","AREA":26493113.0156},"geometry":{"type":"Polygon","coordinates":[[[-3.73935938,40.51331083],[-3.73931938,40.51337084],[-3.73922938,40.51353084],[-3.73908937,40.51376085],[-3.73901937,40.51388085],[-3.73889937,40.51407086],[-3.73884937,40.51415086],[-3.73880937,40.51422086],[-3.73876937,40.51428086],[-3.73876937,40.51428086],[-3.73864936,40.51445087],[-3.73819935,40.51506089],[-3.73797934,40.5153509],[-3.73776934,40.5156309],[-3.73741933,40.51611092],[-3.73732933,40.51624092],[-3.73715932,40.51648093],[-3.73691932,40.51681094],[-3.73667931,40.51713095],[-3.7364293,40.51748096],[-3.7363593,40.51758096],[-3.7362193,40.51777097],[-3.7361493,40.51786097],[-3.73605929,40.51799098],[-3.73596929,40.51812098],[-3.73584929,40.51830099],[-3.73576928,40.51840099],[-3.73564928,40.51856099],[-3.73559928,40.518631],[-3.73547928,40.518801],[-3.73542928,40.518881],[-3.73535927,40.51898101],[-3.73528927,40.51907101],[-3.73519927,40.51920101],[-3.73510927,40.51933102],[-3.73499926,40.51948102],[-3.73490926,40.51961102],[-3.73485926,40.51968103],[-3.73465925,40.51997104],[-3.73456925,40.52010104],[-3.73448925,40.52021104],[-3.73443925,40.52027104],[-3.73431925,40.52045105],[-3.73428924,40.52049105],[-3.73427924,40.52051105],[-3.73417924,40.52065106],[-3.73410924,40.52074106],[-3.73404924,40.52082106],[-3.73398924,40.52090106],[-3.73393924,40.52098107],[-3.73390923,40.52102107],[-3.73388923,40.52104107],[-3.73383923,40.52111107],[-3.73361923,40.52143108],[-3.73356923,40.52150108],[-3.73351922,40.52157108],[-3.73346922,40.52165109],[-3.73338922,40.52177109],[-3.73333922,40.52184109],[-3.73330922,40.52189109],[-3.73318922,40.5220711],[-3.73299921,40.52233111],[-3.73291921,40.52245111],[-3.73287921,40.52250111],[-3.73280921,40.52260111],[-3.7327492,40.52268112],[-3.7327392,40.52270112],[-3.7327192,40.52272112],[-3.7326992,40.52275112],[-3.7326692,40.52279112],[-3.7326492,40.52282112],[-3.7326392,40.52283112],[-3.7326292,40.52284112],[-3.7326092,40.52287112],[-3.7325092,40.52289112],[-3.73238919,40.52292112],[-3.73233919,40.52293112],[-3.73218919,40.52296113],[-3.73204918,40.52299113],[-3.73189918,40.52302113],[-3.73184918,40.52303113],[-3.73173918,40.52304113],[-3.73152917,40.52306113],[-3.73135917,40.52308113],[-3.73117916,40.52309113],[-3.73060915,40.52314113],[-3.73033914,40.52316113],[-3.73006913,40.52318113],[-3.72999913,40.52318113],[-3.72992913,40.52318113],[-3.72962912,40.52358114],[-3.72959912,40.52362115],[-3.72939911,40.52398116],[-3.7289791,40.52473118],[-3.7288791,40.52490118],[-3.72867909,40.52525119],[-3.72857909,40.5254212],[-3.72847909,40.52560121],[-3.72837909,40.52578121],[-3.72822908,40.52604122],[-3.72803908,40.52637123],[-3.72801908,40.52641123],[-3.72791907,40.52660124],[-3.72783907,40.52675124],[-3.72777907,40.52685124],[-3.72767907,40.52702125],[-3.72708905,40.52727126],[-3.72635903,40.52758127],[-3.72550901,40.52794128],[-3.72497899,40.52817128],[-3.72450898,40.52837129],[-3.72385896,40.5286413],[-3.72324895,40.5288913],[-3.72253893,40.52919131],[-3.72210892,40.52937132],[-3.72092888,40.52986133],[-3.72050887,40.52995134],[-3.71945885,40.53017134],[-3.71866882,40.53044135],[-3.71733879,40.53090137],[-3.71610875,40.53132138],[-3.71525873,40.53161139],[-3.71510873,40.53166139],[-3.71494872,40.53172139],[-3.71476872,40.53178139],[-3.71460871,40.53184139],[-3.71440871,40.5319114],[-3.71433871,40.5319314],[-3.7141787,40.5319814],[-3.7140087,40.5320414],[-3.71383869,40.5321014],[-3.71365869,40.5321614],[-3.71346868,40.53222141],[-3.71323868,40.53230141],[-3.71313867,40.53233141],[-3.71300867,40.53238141],[-3.71283867,40.53244141],[-3.71267866,40.53250141],[-3.71251866,40.53256142],[-3.71234865,40.53262142],[-3.71217865,40.53268142],[-3.71205865,40.53272142],[-3.71199864,40.53274142],[-3.71196864,40.53275142],[-3.71189864,40.53278142],[-3.71180864,40.53281142],[-3.71169864,40.53285142],[-3.71167864,40.53286142],[-3.71165863,40.53288143],[-3.71155863,40.53298143],[-3.71147863,40.53305143],[-3.71129862,40.53321144],[-3.71120862,40.53329144],[-3.71078861,40.53368145],[-3.7102886,40.53414146],[-3.71006859,40.53435147],[-3.70990859,40.53451147],[-3.70969858,40.53470148],[-3.70937857,40.53500149],[-3.70907857,40.5352815],[-3.70868855,40.53564151],[-3.70772853,40.53653154],[-3.70754852,40.53670154],[-3.70744852,40.53681154],[-3.70731852,40.53698155],[-3.70709851,40.53725156],[-3.70702851,40.53734156],[-3.70693851,40.53746156],[-3.7068285,40.53760157],[-3.70643849,40.53810158],[-3.70621849,40.53837159],[-3.70596848,40.5386916],[-3.70580848,40.53888161],[-3.70568847,40.53904161],[-3.70551847,40.53925162],[-3.70540847,40.53940162],[-3.70560847,40.53954163],[-3.70602848,40.53984164],[-3.70621849,40.53998164],[-3.70635849,40.54008164],[-3.70646849,40.54016165],[-3.7066085,40.54028165],[-3.7067185,40.54038165],[-3.7067785,40.54043165],[-3.7068185,40.54046165],[-3.70693851,40.54057166],[-3.70698851,40.54061166],[-3.70702851,40.54065166],[-3.70708851,40.54071166],[-3.70713851,40.54076166],[-3.70724852,40.54088167],[-3.70728852,40.54092167],[-3.70762853,40.54137168],[-3.70775853,40.54154169],[-3.70784853,40.54167169],[-3.70785853,40.54168169],[-3.70788853,40.54173169],[-3.70792853,40.54180169],[-3.70797854,40.5418917],[-3.70808854,40.5420917],[-3.70819854,40.54229171],[-3.70826854,40.54241171],[-3.70831854,40.54249172],[-3.70842855,40.54269172],[-3.70849855,40.54280172],[-3.70852855,40.54286173],[-3.70858855,40.54296173],[-3.70891856,40.54358175],[-3.70904856,40.54382176],[-3.70909857,40.54391176],[-3.70916857,40.54405176],[-3.70928857,40.54427177],[-3.70929857,40.54430177],[-3.70935857,40.54442177],[-3.70947858,40.54463178],[-3.70951858,40.54471178],[-3.70963858,40.54495179],[-3.70977858,40.5452018],[-3.70984859,40.5453318],[-3.70996859,40.54555181],[-3.71012859,40.54585182],[-3.7102386,40.54606182],[-3.7102686,40.54611182],[-3.7104386,40.54643183],[-3.71056861,40.54672184],[-3.71065861,40.54691185],[-3.71068861,40.54700185],[-3.71074861,40.54716186],[-3.71078861,40.54728186],[-3.71104862,40.54808188],[-3.71117862,40.5484519],[-3.71124862,40.5486919],[-3.71134863,40.54897191],[-3.71163863,40.54984194],[-3.71196864,40.55085197],[-3.71255866,40.55267202],[-3.71289867,40.55371205],[-3.71308867,40.55431207],[-3.71329868,40.55494209],[-3.71351868,40.55562211],[-3.71358869,40.55582212],[-3.71360869,40.55588212],[-3.7139087,40.55675215],[-3.7140887,40.55690215],[-3.71458871,40.55733216],[-3.71497872,40.55765217],[-3.71520873,40.55784218],[-3.71516873,40.55791218],[-3.71501873,40.55816219],[-3.71482872,40.5584622],[-3.71463872,40.55878221],[-3.71496872,40.55982224],[-3.71507873,40.56014225],[-3.71513873,40.56032225],[-3.71522873,40.56057226],[-3.71527873,40.56075227],[-3.71533873,40.56088227],[-3.71540874,40.56112228],[-3.71542874,40.56118228],[-3.71544874,40.56122228],[-3.71552874,40.56146229],[-3.71564874,40.5618223],[-3.71571874,40.56205231],[-3.71572874,40.56208231],[-3.71579875,40.56227231],[-3.71582875,40.56237232],[-3.71590875,40.56260232],[-3.71593875,40.56267232],[-3.71597875,40.56279233],[-3.71600875,40.56289233],[-3.71606875,40.56307234],[-3.71607875,40.56310234],[-3.71617876,40.56378236],[-3.71625876,40.56432237],[-3.71626876,40.56443238],[-3.71628876,40.56458238],[-3.71629876,40.56470239],[-3.71630876,40.56478239],[-3.71633876,40.56499239],[-3.71634876,40.5650524],[-3.71635876,40.5651524],[-3.71635876,40.5651724],[-3.71628876,40.56549241],[-3.71620876,40.56583242],[-3.71609875,40.56629243],[-3.71603875,40.56655244],[-3.71605875,40.56657244],[-3.71602875,40.56661244],[-3.71592875,40.56676245],[-3.71511873,40.56796248],[-3.71487872,40.56829249],[-3.71448871,40.56882251],[-3.7140387,40.56941253],[-3.71369869,40.56988254],[-3.71328868,40.57039256],[-3.71312867,40.57060256],[-3.71272866,40.57109258],[-3.71255866,40.57133259],[-3.71252866,40.57139259],[-3.71231865,40.5717126],[-3.71222865,40.5719126],[-3.71217865,40.57207261],[-3.71206865,40.57237262],[-3.71173864,40.57284263],[-3.71159863,40.57346265],[-3.71144863,40.57409267],[-3.71131863,40.57462269],[-3.71125862,40.57491269],[-3.71113862,40.57551271],[-3.71107862,40.57575272],[-3.71098862,40.57616273],[-3.71094862,40.57631274],[-3.71091861,40.57649274],[-3.71085861,40.57675275],[-3.71073861,40.57735277],[-3.71069861,40.57759278],[-3.71062861,40.57787278],[-3.71058861,40.57802279],[-3.71056861,40.57811279],[-3.7105386,40.5782528],[-3.7104886,40.5784428],[-3.7104786,40.5785128],[-3.7102486,40.5785128],[-3.70365842,40.5785628],[-3.70158836,40.5785328],[-3.70158836,40.5785328],[-3.70158836,40.5783128],[-3.70152836,40.5783128],[-3.70141836,40.5783128],[-3.70104835,40.5783128],[-3.70087834,40.5783128],[-3.70060834,40.5783128],[-3.70036833,40.5783128],[-3.70028833,40.5783128],[-3.70026833,40.5783028],[-3.70016832,40.5782628],[-3.70012832,40.57824279],[-3.70004832,40.57821279],[-3.69995832,40.57815279],[-3.69988832,40.57811279],[-3.69975831,40.57803279],[-3.69949831,40.57785278],[-3.6993783,40.57776278],[-3.6992983,40.57770278],[-3.6992883,40.57769278],[-3.6992583,40.57767278],[-3.6991483,40.57758277],[-3.6990983,40.57753277],[-3.69901829,40.57745277],[-3.69887829,40.57730277],[-3.69883829,40.57726277],[-3.69876829,40.57721276],[-3.69868828,40.57716276],[-3.69854828,40.57708276],[-3.69845828,40.57703276],[-3.69833828,40.57696276],[-3.69828827,40.57693276],[-3.69822827,40.57689275],[-3.69816827,40.57682275],[-3.69809827,40.57673275],[-3.69795827,40.57655274],[-3.69788826,40.57646274],[-3.69781826,40.57640274],[-3.69775826,40.57636274],[-3.69763826,40.57626274],[-3.69752825,40.57617273],[-3.69745825,40.57612273],[-3.69735825,40.57604273],[-3.69732825,40.57601273],[-3.69732825,40.57592272],[-3.69732825,40.57578272],[-3.69732825,40.57574272],[-3.69732825,40.57568272],[-3.69732825,40.57566272],[-3.69732825,40.57563272],[-3.69730825,40.57550271],[-3.69728825,40.57539271],[-3.69728825,40.57537271],[-3.69727825,40.57534271],[-3.69726825,40.57531271],[-3.69724825,40.5752527],[-3.69721825,40.5751927],[-3.69716824,40.5750727],[-3.69711824,40.5749527],[-3.69708824,40.57488269],[-3.69704824,40.57483269],[-3.69701824,40.57480269],[-3.69696824,40.57476269],[-3.69689824,40.57470269],[-3.69653823,40.57443268],[-3.69643822,40.57435268],[-3.69635822,40.57430268],[-3.69631822,40.57427268],[-3.69617822,40.57420267],[-3.6955482,40.57392266],[-3.69508819,40.57373266],[-3.69503819,40.57371266],[-3.69500819,40.57369266],[-3.69498819,40.57368266],[-3.69494818,40.57364266],[-3.69475818,40.57343265],[-3.69458817,40.57323264],[-3.69423816,40.57282263],[-3.69408816,40.57265263],[-3.69397816,40.57252262],[-3.69373815,40.57225261],[-3.69356815,40.57207261],[-3.69348814,40.57200261],[-3.69337814,40.5719126],[-3.69328814,40.5718426],[-3.69320814,40.5717926],[-3.69316814,40.5717626],[-3.69313814,40.5717526],[-3.69310813,40.5717426],[-3.69310813,40.5717426],[-3.69310813,40.5717426],[-3.69308813,40.5717326],[-3.69307813,40.5717226],[-3.69305813,40.5717126],[-3.69282813,40.57158259],[-3.69277813,40.57154259],[-3.69271812,40.57158259],[-3.69268812,40.57158259],[-3.69268812,40.57157259],[-3.69264812,40.57141259],[-3.69262812,40.57122258],[-3.69261812,40.57114258],[-3.69259812,40.57107258],[-3.69256812,40.57097258],[-3.69254812,40.57089257],[-3.69251812,40.57082257],[-3.69247812,40.57075257],[-3.69244812,40.57070257],[-3.69238812,40.57063257],[-3.69223811,40.57046256],[-3.69212811,40.57033256],[-3.6919381,40.57007255],[-3.6918281,40.56991254],[-3.6917881,40.56987254],[-3.6917481,40.56984254],[-3.6917081,40.56982254],[-3.6916481,40.56980254],[-3.69156809,40.56978254],[-3.69141809,40.56973254],[-3.69136809,40.56971254],[-3.69130809,40.56969254],[-3.69124808,40.56966254],[-3.69119808,40.56962253],[-3.69113808,40.56956253],[-3.69105808,40.56946253],[-3.69091808,40.56929252],[-3.69080807,40.56918252],[-3.69080807,40.56918252],[-3.69078807,40.56919252],[-3.69074807,40.56919252],[-3.69073807,40.56924252],[-3.69073807,40.56925252],[-3.69073807,40.56928252],[-3.69071807,40.56941253],[-3.69068807,40.56953253],[-3.69063807,40.56964254],[-3.69055807,40.56977254],[-3.69047806,40.56985254],[-3.69038806,40.56993254],[-3.69030806,40.56998255],[-3.69008805,40.57013255],[-3.68994805,40.57021255],[-3.68981805,40.57027255],[-3.68962804,40.57034256],[-3.68952804,40.57037256],[-3.68947804,40.57038256],[-3.68956804,40.57021255],[-3.68960804,40.57013255],[-3.68964804,40.57001255],[-3.68966804,40.56989254],[-3.68967804,40.56979254],[-3.68966804,40.56968254],[-3.68965804,40.56951253],[-3.68963804,40.56912252],[-3.68963804,40.56902252],[-3.68963804,40.56885251],[-3.68963804,40.56872251],[-3.68960804,40.56865251],[-3.68955804,40.5685925],[-3.68949804,40.5685325],[-3.68944804,40.5684425],[-3.68938803,40.56830249],[-3.68929803,40.56806249],[-3.68921803,40.56789248],[-3.68912803,40.56766248],[-3.68906803,40.56751247],[-3.68904802,40.56745247],[-3.68903802,40.56739247],[-3.68902802,40.56732247],[-3.68902802,40.56728246],[-3.68903802,40.56724246],[-3.68904802,40.56721246],[-3.68899802,40.56719246],[-3.688018,40.5650024],[-3.68706797,40.56320234],[-3.68675796,40.56245232],[-3.68584794,40.55970224],[-3.68502792,40.55815219],[-3.68250785,40.55389206],[-3.68224784,40.55297203],[-3.68221784,40.55297203],[-3.68223784,40.55288203],[-3.68227784,40.55272202],[-3.68230784,40.55261202],[-3.68238785,40.55225201],[-3.68239785,40.55215201],[-3.68244785,40.552032],[-3.68260785,40.55162199],[-3.68258785,40.55138198],[-3.68253785,40.55126198],[-3.68245785,40.55108197],[-3.68233784,40.55087197],[-3.68220784,40.55074196],[-3.68211784,40.55053196],[-3.68207784,40.55042195],[-3.68204784,40.55030195],[-3.68200784,40.55005194],[-3.68196783,40.54998194],[-3.68184783,40.54984194],[-3.68171783,40.54971193],[-3.68158782,40.54957193],[-3.68154782,40.54952193],[-3.68142782,40.54941192],[-3.68124781,40.54927192],[-3.68091781,40.54906191],[-3.6807178,40.54897191],[-3.68048779,40.54887191],[-3.68041779,40.54884191],[-3.68034779,40.54880191],[-3.68028779,40.5487319],[-3.68023779,40.5486519],[-3.68017779,40.5485519],[-3.68006778,40.54838189],[-3.67993778,40.54819189],[-3.67979778,40.54798188],[-3.67973777,40.54790188],[-3.67966777,40.54782188],[-3.67953777,40.54766187],[-3.67948777,40.54760187],[-3.67940777,40.54753187],[-3.67926776,40.54742186],[-3.67916776,40.54733186],[-3.67912776,40.54730186],[-3.67908776,40.54724186],[-3.67903776,40.54717186],[-3.67889775,40.54695185],[-3.67886775,40.54689185],[-3.67882775,40.54680185],[-3.67871775,40.54660184],[-3.67870775,40.54657184],[-3.67872775,40.54657184],[-3.67884775,40.5454518],[-3.67826773,40.54352175],[-3.67828773,40.54352175],[-3.67827773,40.54347175],[-3.67825773,40.54344174],[-3.67812773,40.54319174],[-3.67807773,40.54307173],[-3.67804773,40.54303173],[-3.67791772,40.54290173],[-3.67779772,40.54276172],[-3.67772772,40.54268172],[-3.67754771,40.54242171],[-3.67735771,40.54221171],[-3.6771077,40.5419417],[-3.6770377,40.5418617],[-3.67679769,40.54166169],[-3.67669769,40.54158169],[-3.67657769,40.54150169],[-3.67638768,40.54140168],[-3.67619768,40.54130168],[-3.67606767,40.54121168],[-3.67603767,40.54119168],[-3.67597767,40.54113167],[-3.67587767,40.54103167],[-3.67580767,40.54097167],[-3.67571767,40.54086167],[-3.67564766,40.54077166],[-3.67539766,40.54039165],[-3.67527765,40.54022165],[-3.67516765,40.54007164],[-3.67508765,40.53997164],[-3.67496765,40.53979163],[-3.67489764,40.53968163],[-3.67483764,40.53955163],[-3.67479764,40.53947162],[-3.67469764,40.53929162],[-3.67462764,40.53918162],[-3.67457763,40.53908161],[-3.67454763,40.53899161],[-3.67448763,40.5388216],[-3.67444763,40.5387016],[-3.67443763,40.5386116],[-3.67436763,40.5385116],[-3.67431763,40.53843159],[-3.67422763,40.53831159],[-3.67418762,40.53827159],[-3.67401762,40.53815158],[-3.67389762,40.53806158],[-3.67377761,40.53799158],[-3.67353761,40.53786158],[-3.6733976,40.53778157],[-3.6732876,40.53774157],[-3.6731976,40.53772157],[-3.67304759,40.53769157],[-3.67273759,40.53763157],[-3.67250758,40.53758157],[-3.67235757,40.53754157],[-3.67227757,40.53752157],[-3.67215757,40.53746156],[-3.67206757,40.53738156],[-3.67194756,40.53727156],[-3.67183756,40.53715155],[-3.67175756,40.53704155],[-3.67164756,40.53688155],[-3.67151755,40.53673154],[-3.67136755,40.53657154],[-3.67121754,40.53639153],[-3.67111754,40.53625153],[-3.67104754,40.53614152],[-3.67094754,40.53597152],[-3.67090754,40.53590152],[-3.67086753,40.53579151],[-3.67081753,40.53568151],[-3.67075753,40.53558151],[-3.67058753,40.5353815],[-3.67044752,40.5352415],[-3.67033752,40.53511149],[-3.67024752,40.53502149],[-3.67016752,40.53495149],[-3.67003751,40.53486149],[-3.66990751,40.53478148],[-3.6696375,40.53460148],[-3.6694375,40.53447147],[-3.6694675,40.53443147],[-3.67113754,40.5321514],[-3.67245758,40.53096137],[-3.67584767,40.52847129],[-3.67664769,40.52733126],[-3.67732771,40.52708125],[-3.67570767,40.52621122],[-3.67518765,40.52567121],[-3.67214757,40.52446117],[-3.67016752,40.52481118],[-3.66776745,40.52510119],[-3.66609741,40.52457117],[-3.66606741,40.52457117],[-3.66608741,40.52435117],[-3.66608741,40.52416116],[-3.66608741,40.52408116],[-3.66607741,40.52402116],[-3.66606741,40.52398116],[-3.6659774,40.52378115],[-3.6659074,40.52366115],[-3.6658374,40.52350114],[-3.6658074,40.52343114],[-3.6657774,40.52333114],[-3.6657574,40.52323113],[-3.6657474,40.52317113],[-3.6657374,40.52313113],[-3.6657274,40.52309113],[-3.6657274,40.52305113],[-3.6657274,40.52303113],[-3.6657374,40.52300113],[-3.6657674,40.52285112],[-3.6658174,40.52265112],[-3.6659474,40.5222611],[-3.6659974,40.5221111],[-3.6660374,40.52189109],[-3.66606741,40.52173109],[-3.66609741,40.52165109],[-3.66616741,40.52149108],[-3.66627741,40.52131108],[-3.66633741,40.52121107],[-3.66629741,40.52120107],[-3.66296732,40.52012104],[-3.66335733,40.51985103],[-3.66409735,40.51958102],[-3.66561739,40.51903101],[-3.6660274,40.518861],[-3.66633741,40.518701],[-3.66659742,40.51855099],[-3.66706743,40.51825098],[-3.66760745,40.51786097],[-3.66799746,40.51758096],[-3.66832747,40.51735096],[-3.66858747,40.51719095],[-3.66896748,40.51697094],[-3.66935749,40.51677094],[-3.6697575,40.51660093],[-3.67021752,40.51643093],[-3.67140755,40.51596091],[-3.67354761,40.51500089],[-3.67465764,40.51451087],[-3.67499765,40.51436087],[-3.67520765,40.51428086],[-3.67539766,40.51421086],[-3.67566766,40.51413086],[-3.67765772,40.51366085],[-3.67792773,40.51359084],[-3.67902775,40.51328083],[-3.68230784,40.51251081],[-3.68272785,40.51241081],[-3.68321787,40.5122708],[-3.68347787,40.5121808],[-3.68371788,40.5120708],[-3.68393789,40.51195079],[-3.68408789,40.51184079],[-3.6842779,40.51169079],[-3.68477791,40.51128077],[-3.68552793,40.51065075],[-3.68564793,40.51058075],[-3.68575794,40.51053075],[-3.68585794,40.51050075],[-3.68594794,40.51049075],[-3.68603794,40.51048075],[-3.68614795,40.51048075],[-3.68624795,40.51049075],[-3.68635795,40.51051075],[-3.68701797,40.51067075],[-3.688098,40.51015074],[-3.68848801,40.50996073],[-3.68859801,40.50989073],[-3.68894802,40.50968072],[-3.68896802,40.50967072],[-3.68950804,40.50930071],[-3.68965804,40.50917071],[-3.68969804,40.50914071],[-3.68986805,40.5089807],[-3.68994805,40.5089007],[-3.69046806,40.50830068],[-3.69079807,40.50793067],[-3.69111808,40.50756066],[-3.69227811,40.50617062],[-3.69243812,40.50598061],[-3.69261812,40.50577061],[-3.69385815,40.50428056],[-3.69618822,40.50151048],[-3.69703824,40.5021305],[-3.69739825,40.50241051],[-3.69766826,40.50270051],[-3.69767826,40.50272051],[-3.69825827,40.50372054],[-3.6990983,40.50346054],[-3.69987832,40.50333053],[-3.70049833,40.50330053],[-3.70134836,40.50330053],[-3.70248839,40.50335053],[-3.70471845,40.50348054],[-3.70472845,40.50348054],[-3.70686851,40.50359054],[-3.70688851,40.50359054],[-3.70969858,40.50374055],[-3.71090861,40.50381055],[-3.71117862,40.50382055],[-3.71140863,40.50380055],[-3.71165863,40.50377055],[-3.71193864,40.50370054],[-3.71220865,40.50360054],[-3.71267866,40.50335053],[-3.71317868,40.50327053],[-3.71367869,40.50332053],[-3.71381869,40.50335053],[-3.7141587,40.50344054],[-3.71450871,40.50358054],[-3.71489872,40.50372054],[-3.71513873,40.50381055],[-3.71546874,40.50392055],[-3.71706878,40.50442057],[-3.71756879,40.50460057],[-3.71813881,40.50483058],[-3.71907883,40.50522059],[-3.71991886,40.5056406],[-3.72049887,40.50595061],[-3.72089888,40.50614062],[-3.72112889,40.50623062],[-3.7213389,40.50629062],[-3.7216489,40.50636062],[-3.72196891,40.50643063],[-3.72276893,40.50659063],[-3.72307894,40.50664063],[-3.72339895,40.50667063],[-3.72413897,40.50673064],[-3.72427898,40.50674064],[-3.72439898,40.50677064],[-3.72450898,40.50681064],[-3.72462898,40.50686064],[-3.72589902,40.50760066],[-3.72597902,40.50765066],[-3.72610902,40.50775067],[-3.72655904,40.50815068],[-3.72664904,40.50821068],[-3.72674904,40.50827068],[-3.72690905,40.50833068],[-3.72709905,40.50838069],[-3.72836909,40.50863069],[-3.73006913,40.5089607],[-3.73107916,40.50916071],[-3.73183918,40.50931071],[-3.73196918,40.50934071],[-3.73208919,40.50938072],[-3.73229919,40.50945072],[-3.7324392,40.50951072],[-3.7326392,40.50963072],[-3.7364793,40.5122208],[-3.73664931,40.5123208],[-3.73692932,40.51244081],[-3.73797934,40.51282082],[-3.73913938,40.51323083],[-3.73941938,40.51331083],[-3.73935938,40.51331083]]]}},{"type":"Feature","properties":{"CODDIS":"9","NOMDIS":"Moncloa - Aravaca","COD_BAR":"091","NOMBRE":"Casa de Campo","COD_DIS_TX":"09","BARRIO_MAY":"CASA DE CAMPO","COD_DISBAR":"91","NUM_BAR":"1","BARRIO_MT":"CASA DE CAMPO","COD_DISB":"9-1","AREA":17476000.3143},"geometry":{"type":"Polygon","coordinates":[[[-3.76275001,40.44954891],[-3.76263001,40.44943891],[-3.76239,40.4492489],[-3.76206999,40.44906889],[-3.76140998,40.44874889],[-3.75919992,40.44775886],[-3.75769988,40.44709884],[-3.75616983,40.44639881],[-3.7547998,40.4457888],[-3.75346976,40.44519878],[-3.75067969,40.44393874],[-3.74969966,40.44350873],[-3.74911964,40.44321872],[-3.74869963,40.44295871],[-3.74581956,40.44083865],[-3.7435795,40.4391586],[-3.74287948,40.43863858],[-3.74234946,40.43823857],[-3.74177945,40.43775855],[-3.74130943,40.43724854],[-3.74043941,40.4361385],[-3.7401594,40.43581849],[-3.7398594,40.43547848],[-3.73949939,40.43516848],[-3.73893937,40.43481846],[-3.73832935,40.43456846],[-3.73769934,40.43443845],[-3.73717932,40.43437845],[-3.73599929,40.43429845],[-3.73537927,40.43425845],[-3.73457925,40.43421845],[-3.73425924,40.43421845],[-3.73397924,40.43425845],[-3.73338922,40.43438845],[-3.73099916,40.43500847],[-3.72802908,40.43571849],[-3.72643903,40.4360985],[-3.725089,40.43666852],[-3.72318895,40.43744854],[-3.72172891,40.43668852],[-3.71986886,40.43575849],[-3.71952885,40.43506847],[-3.71947885,40.43495847],[-3.7216689,40.43403844],[-3.72398897,40.43303841],[-3.72411897,40.43297841],[-3.725199,40.43250839],[-3.72318895,40.43039833],[-3.72292894,40.43012832],[-3.72287894,40.43006832],[-3.72259893,40.42978831],[-3.72230892,40.4294983],[-3.72170891,40.42887829],[-3.72050887,40.42762825],[-3.71974885,40.42683822],[-3.71889883,40.4259582],[-3.71841882,40.42545818],[-3.71836882,40.42544818],[-3.71722878,40.42518817],[-3.71682877,40.42509817],[-3.71624876,40.42496817],[-3.71484872,40.42353812],[-3.71475872,40.42344812],[-3.71532873,40.4227981],[-3.71543874,40.4227081],[-3.71568874,40.42249809],[-3.71639876,40.42191808],[-3.71640876,40.42190807],[-3.71644876,40.42189807],[-3.71649877,40.42188807],[-3.71662877,40.42187807],[-3.71674877,40.42187807],[-3.71682877,40.42188807],[-3.71692878,40.42189807],[-3.71706878,40.42194808],[-3.71747879,40.42223808],[-3.7178288,40.42248809],[-3.71849882,40.4227881],[-3.71944884,40.4226981],[-3.71901883,40.42222808],[-3.71864882,40.42182807],[-3.71806881,40.42120805],[-3.71804881,40.42028803],[-3.72018886,40.42025803],[-3.72019886,40.42024802],[-3.72029887,40.42006802],[-3.72039887,40.41989801],[-3.72069888,40.419468],[-3.72106889,40.41911799],[-3.7215089,40.41876798],[-3.72183891,40.41857797],[-3.72204891,40.41845797],[-3.72215892,40.41803796],[-3.72237892,40.41717793],[-3.72485899,40.4161679],[-3.72621903,40.41566789],[-3.72957912,40.41443785],[-3.7327992,40.41328781],[-3.73417924,40.4127978],[-3.73791934,40.41146776],[-3.73852936,40.41105775],[-3.74185945,40.40920769],[-3.74197945,40.40925769],[-3.74206945,40.40928769],[-3.74222946,40.4093477],[-3.74235946,40.4093877],[-3.74244946,40.4094177],[-3.74253947,40.4094477],[-3.74287948,40.4095377],[-3.74304948,40.4095677],[-3.74313948,40.4095777],[-3.74318948,40.4095777],[-3.74320949,40.4095777],[-3.74325949,40.4095777],[-3.74332949,40.4095677],[-3.74355949,40.4095177],[-3.7438595,40.4094477],[-3.74393951,40.4094277],[-3.74440952,40.40931769],[-3.74446952,40.40929769],[-3.74449952,40.40928769],[-3.74457952,40.40925769],[-3.74460952,40.40922769],[-3.74466952,40.40914769],[-3.7474796,40.40877768],[-3.74788961,40.40872768],[-3.74986967,40.40845767],[-3.75054968,40.40836767],[-3.75064969,40.40835767],[-3.75075969,40.40833767],[-3.75088969,40.40831766],[-3.75206972,40.40774765],[-3.75265974,40.40746764],[-3.7549198,40.4063176],[-3.75569982,40.40590759],[-3.75595983,40.40581759],[-3.75611983,40.40577759],[-3.75627984,40.40575759],[-3.75649984,40.40574759],[-3.75671985,40.40571759],[-3.75687985,40.40568759],[-3.75705986,40.40562758],[-3.75735987,40.40545758],[-3.75765988,40.40528757],[-3.75975993,40.40406754],[-3.75985993,40.40396753],[-3.76022994,40.40364752],[-3.76044995,40.40336752],[-3.76080996,40.4028875],[-3.76228,40.40098744],[-3.7624,40.40092744],[-3.76274001,40.40068743],[-3.76436006,40.3993974],[-3.76475007,40.39929739],[-3.76551009,40.39909739],[-3.76563009,40.39926739],[-3.76702013,40.39922739],[-3.76929019,40.3996174],[-3.77066023,40.3995274],[-3.77371031,40.40027742],[-3.77386031,40.40029742],[-3.77457033,40.40030742],[-3.77462033,40.40030742],[-3.77437033,40.40208748],[-3.77641038,40.40402754],[-3.77691039,40.40519757],[-3.77780042,40.40652761],[-3.77858044,40.40801766],[-3.77903045,40.40975771],[-3.77946046,40.41208778],[-3.78063049,40.41427784],[-3.7809405,40.41551788],[-3.78124051,40.41678792],[-3.78140052,40.41756794],[-3.78038049,40.42188807],[-3.77913045,40.42424815],[-3.77094023,40.4292983],[-3.77088023,40.43390844],[-3.77084023,40.43763855],[-3.77085023,40.44402874],[-3.77085023,40.44402874],[-3.77085023,40.44405874],[-3.77080023,40.44452876],[-3.76693013,40.44782886],[-3.76631011,40.44816887],[-3.76530008,40.44858888],[-3.76276001,40.44954891],[-3.76275001,40.44954891]]]}},{"type":"Feature","properties":{"CODDIS":"9","NOMDIS":"Moncloa - Aravaca","COD_BAR":"092","NOMBRE":"Argüelles","COD_DIS_TX":"09","BARRIO_MAY":"ARGÜELLES","COD_DISBAR":"92","NUM_BAR":"2","BARRIO_MT":"ARGÜELLES","COD_DISB":"9-2","AREA":757531.144046},"geometry":{"type":"Polygon","coordinates":[[[-3.71089861,40.42342812],[-3.71091861,40.42341812],[-3.71116862,40.42328812],[-3.71172864,40.42295811],[-3.71304867,40.42217808],[-3.71317868,40.42204808],[-3.71333868,40.42189807],[-3.71338868,40.42181807],[-3.7138987,40.42147806],[-3.71550874,40.42040803],[-3.71550874,40.42040803],[-3.71597875,40.42035803],[-3.71679877,40.42034803],[-3.71805881,40.42028803],[-3.71806881,40.42120805],[-3.71864882,40.42182807],[-3.71901883,40.42222808],[-3.71944884,40.4226981],[-3.71849882,40.4227881],[-3.7178288,40.42248809],[-3.71747879,40.42223808],[-3.71706878,40.42194808],[-3.71692878,40.42189807],[-3.71682877,40.42188807],[-3.71674877,40.42187807],[-3.71662877,40.42187807],[-3.71649877,40.42188807],[-3.71644876,40.42189807],[-3.71640876,40.42190807],[-3.71639876,40.42191808],[-3.71568874,40.42249809],[-3.71543874,40.4227081],[-3.71532873,40.4227981],[-3.71475872,40.42344812],[-3.71484872,40.42353812],[-3.71624876,40.42496817],[-3.71682877,40.42509817],[-3.71722878,40.42518817],[-3.71836882,40.42544818],[-3.71841882,40.42545818],[-3.71889883,40.4259582],[-3.71974885,40.42683822],[-3.72050887,40.42762825],[-3.72170891,40.42887829],[-3.72230892,40.4294983],[-3.72259893,40.42978831],[-3.72287894,40.43006832],[-3.72292894,40.43012832],[-3.72318895,40.43039833],[-3.725199,40.43250839],[-3.72411897,40.43297841],[-3.72398897,40.43303841],[-3.7216689,40.43403844],[-3.71947885,40.43495847],[-3.71952885,40.43506847],[-3.71983886,40.43573849],[-3.71826881,40.43553849],[-3.71839882,40.43477846],[-3.71722878,40.43309841],[-3.71726879,40.43309841],[-3.7176088,40.43308841],[-3.7179588,40.43299841],[-3.7176088,40.4325184],[-3.71747879,40.43233839],[-3.71716878,40.43191838],[-3.71698878,40.43167837],[-3.71622876,40.43064834],[-3.71620876,40.43061834],[-3.71560874,40.42978831],[-3.71453871,40.42833827],[-3.7141387,40.42779825],[-3.7138987,40.42747824],[-3.71317868,40.42641821],[-3.71245866,40.42536818],[-3.71170864,40.42430815],[-3.71089861,40.42343812],[-3.71089861,40.42342812]]]}},{"type":"Feature","properties":{"CODDIS":"9","NOMDIS":"Moncloa - Aravaca","COD_BAR":"093","NOMBRE":"Ciudad Universitaria","COD_DIS_TX":"09","BARRIO_MAY":"CIUDAD UNIVERSITARIA","COD_DISBAR":"93","NUM_BAR":"3","BARRIO_MT":"CIUDAD UNIVERSITARIA","COD_DISB":"9-3","AREA":14250852.8888},"geometry":{"type":"Polygon","coordinates":[[[-3.7659001,40.47393965],[-3.76366004,40.47340963],[-3.76358003,40.47339963],[-3.76363004,40.4725296],[-3.76351003,40.4724496],[-3.76345003,40.4724296],[-3.76340003,40.4724296],[-3.76325003,40.4724296],[-3.76317002,40.4724296],[-3.76307002,40.4724196],[-3.76281001,40.4723596],[-3.76263001,40.4723196],[-3.76255001,40.4723096],[-3.76245,40.4722896],[-3.76231,40.4722896],[-3.76200999,40.4722996],[-3.76159998,40.4723096],[-3.76109997,40.4723196],[-3.76083996,40.4723196],[-3.76050995,40.4723396],[-3.76041995,40.4723396],[-3.76027995,40.4723196],[-3.76026995,40.4723196],[-3.76023994,40.4723196],[-3.76011994,40.4723096],[-3.75998994,40.4722896],[-3.75992994,40.4722896],[-3.75989994,40.4722896],[-3.75986993,40.4722996],[-3.75975993,40.4723196],[-3.75969993,40.4723496],[-3.75963993,40.4723796],[-3.75953993,40.4724596],[-3.75952993,40.4724696],[-3.75950993,40.4724796],[-3.75946992,40.4724996],[-3.75936992,40.4725096],[-3.75926992,40.4725596],[-3.75920992,40.4725796],[-3.75912991,40.47260961],[-3.75907991,40.47262961],[-3.75903991,40.47263961],[-3.75891991,40.47265961],[-3.75888991,40.47265961],[-3.75882991,40.47265961],[-3.75879991,40.47264961],[-3.7587399,40.47262961],[-3.7586399,40.47258961],[-3.7584499,40.4725796],[-3.7584199,40.4725796],[-3.75831989,40.47258961],[-3.75828989,40.47336963],[-3.75831989,40.47354963],[-3.7583999,40.47368964],[-3.7584799,40.47376964],[-3.7586199,40.47384964],[-3.75912991,40.47407965],[-3.75920992,40.47411965],[-3.75918992,40.47411965],[-3.75899991,40.47409965],[-3.75885991,40.47409965],[-3.7586999,40.47411965],[-3.7585799,40.47415965],[-3.7585699,40.47416965],[-3.7584599,40.47421965],[-3.7583999,40.47425966],[-3.75836989,40.47427966],[-3.75830989,40.47434966],[-3.75827989,40.47437966],[-3.75825989,40.47440966],[-3.75820989,40.47450966],[-3.75818989,40.47456966],[-3.75815989,40.47465967],[-3.75780988,40.47837978],[-3.75776988,40.47854978],[-3.75776988,40.47856979],[-3.75773988,40.47863979],[-3.75769988,40.47871979],[-3.75759987,40.47887979],[-3.75750987,40.4790198],[-3.75749987,40.4790598],[-3.75746987,40.4791498],[-3.75744987,40.47931981],[-3.75756987,40.47972982],[-3.75741987,40.47976982],[-3.75734987,40.47978982],[-3.75733987,40.47978982],[-3.75717986,40.47980982],[-3.75712986,40.47979982],[-3.75710986,40.47979982],[-3.75706986,40.47978982],[-3.75704986,40.47977982],[-3.75704986,40.47977982],[-3.75702986,40.47975982],[-3.75693986,40.47973982],[-3.75686985,40.47973982],[-3.75683985,40.47973982],[-3.75676985,40.47973982],[-3.75674985,40.47973982],[-3.75665985,40.47974982],[-3.75656985,40.47974982],[-3.75651984,40.47973982],[-3.75637984,40.47961982],[-3.75624984,40.47950981],[-3.75623984,40.47949981],[-3.75620984,40.47948981],[-3.75614983,40.47946981],[-3.75611983,40.47946981],[-3.75606983,40.47946981],[-3.75605983,40.47946981],[-3.75597983,40.47948981],[-3.75591983,40.47952981],[-3.75591983,40.47953981],[-3.75591983,40.47961982],[-3.75591983,40.47964982],[-3.75588983,40.47967982],[-3.75586983,40.47968982],[-3.75584983,40.47969982],[-3.75578982,40.47970982],[-3.75577982,40.47970982],[-3.75567982,40.47971982],[-3.75562982,40.47972982],[-3.75561982,40.47972982],[-3.75560982,40.47972982],[-3.75556982,40.47972982],[-3.75554982,40.47972982],[-3.75553982,40.47972982],[-3.75550982,40.47972982],[-3.75548982,40.47972982],[-3.75542982,40.47970982],[-3.75536981,40.47968982],[-3.75532981,40.47968982],[-3.75517981,40.47969982],[-3.75512981,40.47968982],[-3.75508981,40.47967982],[-3.75505981,40.47966982],[-3.7549598,40.47962982],[-3.7548998,40.47959982],[-3.7548098,40.47955982],[-3.75463979,40.47951981],[-3.75459979,40.47950981],[-3.75453979,40.47948981],[-3.75451979,40.47947981],[-3.75449979,40.47946981],[-3.75447979,40.47944981],[-3.75447979,40.47943981],[-3.75445979,40.47942981],[-3.75442979,40.47941981],[-3.75439979,40.47941981],[-3.75436979,40.47941981],[-3.75434979,40.47941981],[-3.75430978,40.47940981],[-3.75425978,40.47938981],[-3.75424978,40.47937981],[-3.75424978,40.47925981],[-3.75428978,40.4790898],[-3.75432979,40.4789098],[-3.75433979,40.47885979],[-3.75440979,40.47865979],[-3.75447979,40.47851978],[-3.75447979,40.47831978],[-3.75447979,40.47830978],[-3.75448979,40.47818977],[-3.75443979,40.47805977],[-3.75435979,40.47806977],[-3.75407978,40.47809977],[-3.75353976,40.47814977],[-3.75354976,40.47820977],[-3.75355976,40.47823978],[-3.75150971,40.47845978],[-3.75150971,40.47841978],[-3.75174972,40.47687973],[-3.75177972,40.47661973],[-3.75180972,40.47618971],[-3.75176972,40.4756297],[-3.75164971,40.47455966],[-3.75157971,40.47415965],[-3.75153971,40.47394965],[-3.75151971,40.47382964],[-3.75148971,40.47367964],[-3.75136971,40.47315962],[-3.75073969,40.47109956],[-3.75060969,40.47066955],[-3.75033968,40.47013953],[-3.75038968,40.47032954],[-3.75044968,40.47059954],[-3.75067969,40.47156957],[-3.75070969,40.47185958],[-3.75070969,40.47208959],[-3.75067969,40.4723296],[-3.75057968,40.47262961],[-3.75047968,40.47284961],[-3.75038968,40.47300962],[-3.75027968,40.47315962],[-3.75019967,40.47326963],[-3.75006967,40.47341963],[-3.74997967,40.47350963],[-3.74986967,40.47360964],[-3.74973966,40.47370964],[-3.74958966,40.47381964],[-3.74945965,40.47389964],[-3.74933965,40.47396965],[-3.74920965,40.47403965],[-3.74901964,40.47412965],[-3.74886964,40.47418965],[-3.74861963,40.47427966],[-3.74836962,40.47433966],[-3.74814962,40.47437966],[-3.74789961,40.47441966],[-3.7474796,40.47447966],[-3.7473096,40.47448966],[-3.74662958,40.47448966],[-3.74626957,40.47447966],[-3.74570955,40.47446966],[-3.74468953,40.47445966],[-3.7436495,40.47443966],[-3.74322949,40.47442966],[-3.74225946,40.47440966],[-3.74146944,40.47436966],[-3.74141944,40.47436966],[-3.74130943,40.47435966],[-3.74083942,40.47429966],[-3.74028941,40.47418965],[-3.73937938,40.47397965],[-3.73756933,40.47355963],[-3.73595929,40.47317962],[-3.73566928,40.47310962],[-3.73489926,40.47295962],[-3.73463925,40.47290961],[-3.73436925,40.47286961],[-3.73394924,40.47279961],[-3.73356923,40.47274961],[-3.73341922,40.47272961],[-3.73320922,40.47270961],[-3.73241919,40.47265961],[-3.73222919,40.47264961],[-3.73192918,40.47263961],[-3.73138917,40.47262961],[-3.73038914,40.47265961],[-3.72958912,40.47272961],[-3.72924911,40.47277961],[-3.72852909,40.47287961],[-3.72846909,40.4723596],[-3.72747906,40.47124956],[-3.72741906,40.47117956],[-3.72716905,40.47085955],[-3.72711905,40.47083955],[-3.72703905,40.47077955],[-3.72669904,40.47037954],[-3.72609902,40.46968952],[-3.72592902,40.46943951],[-3.72588902,40.46937951],[-3.72570901,40.4691795],[-3.725089,40.46847948],[-3.72485899,40.46824947],[-3.72482899,40.46821947],[-3.72470899,40.46809947],[-3.72442898,40.46782946],[-3.72439898,40.46777946],[-3.72437898,40.46770946],[-3.72434898,40.46757945],[-3.72434898,40.46756945],[-3.72433898,40.46751945],[-3.72419897,40.46697944],[-3.72395897,40.46605941],[-3.72388896,40.4658194],[-3.72381896,40.46540939],[-3.72372896,40.46444936],[-3.72250893,40.46406935],[-3.72220892,40.46398935],[-3.72185891,40.46392934],[-3.7215889,40.46389934],[-3.7213989,40.46383934],[-3.72126889,40.46376934],[-3.72117889,40.46371934],[-3.72109889,40.46364934],[-3.72104889,40.46353933],[-3.72099889,40.46341933],[-3.72096889,40.46336933],[-3.72090888,40.46330932],[-3.72072888,40.46316932],[-3.72052887,40.46304932],[-3.72033887,40.46294931],[-3.71988886,40.46271931],[-3.71982886,40.4626393],[-3.71967885,40.4624493],[-3.71962885,40.4623893],[-3.71949885,40.46226929],[-3.71945885,40.46220929],[-3.71930884,40.46194928],[-3.71894883,40.46132927],[-3.71895883,40.46123926],[-3.71895883,40.46120926],[-3.71904883,40.46102926],[-3.71926884,40.46081925],[-3.71950885,40.46062924],[-3.71961885,40.46043924],[-3.71963885,40.46032923],[-3.71963885,40.46011923],[-3.71962885,40.46008923],[-3.71960885,40.45996922],[-3.71954885,40.45986922],[-3.71953885,40.45984922],[-3.71952885,40.45984922],[-3.71942884,40.45975922],[-3.71922884,40.45969922],[-3.71675877,40.45893919],[-3.71587875,40.45866918],[-3.71309867,40.45778916],[-3.71149863,40.45748915],[-3.71218865,40.45646912],[-3.71285867,40.45546909],[-3.71311867,40.45489907],[-3.71301867,40.45461906],[-3.71289867,40.45438906],[-3.71278867,40.45417905],[-3.71267866,40.45391904],[-3.71326868,40.45303901],[-3.71193864,40.452399],[-3.71172864,40.45228899],[-3.71098862,40.45111896],[-3.7103386,40.45008893],[-3.7102886,40.45006893],[-3.7101886,40.45001892],[-3.70986859,40.44951891],[-3.70896856,40.44808887],[-3.70888856,40.44795886],[-3.70830854,40.44708884],[-3.70920857,40.44712884],[-3.7104486,40.44685883],[-3.71228865,40.44638881],[-3.71474872,40.4457688],[-3.71551874,40.4460188],[-3.71570874,40.44609881],[-3.71711878,40.44663882],[-3.71726879,40.44668882],[-3.71743879,40.44671882],[-3.7176688,40.44672882],[-3.71799881,40.44669882],[-3.71818881,40.44666882],[-3.71898883,40.4459388],[-3.71958885,40.44539878],[-3.71978885,40.44521878],[-3.71985886,40.44514878],[-3.71988886,40.44509878],[-3.71991886,40.44503877],[-3.71991886,40.44499877],[-3.71992886,40.44494877],[-3.71978885,40.44375873],[-3.71958885,40.44346873],[-3.71916884,40.44284871],[-3.71815881,40.44096865],[-3.7178788,40.44042863],[-3.7176488,40.43997862],[-3.7176388,40.43993862],[-3.7176188,40.43985862],[-3.71759879,40.43963861],[-3.71759879,40.43949861],[-3.7176088,40.4394286],[-3.7176388,40.4392286],[-3.71806881,40.43663852],[-3.71811881,40.43636851],[-3.71826881,40.43553849],[-3.71983886,40.43573849],[-3.72172891,40.43668852],[-3.72318895,40.43744854],[-3.725089,40.43666852],[-3.72643903,40.4360985],[-3.72802908,40.43571849],[-3.73099916,40.43500847],[-3.73338922,40.43438845],[-3.73397924,40.43425845],[-3.73425924,40.43421845],[-3.73457925,40.43421845],[-3.73537927,40.43425845],[-3.73599929,40.43429845],[-3.73717932,40.43437845],[-3.73769934,40.43443845],[-3.73832935,40.43456846],[-3.73893937,40.43481846],[-3.73949939,40.43516848],[-3.7398594,40.43547848],[-3.7401594,40.43581849],[-3.74043941,40.4361385],[-3.74130943,40.43724854],[-3.74177945,40.43775855],[-3.74234946,40.43823857],[-3.74287948,40.43863858],[-3.7435795,40.4391586],[-3.74581956,40.44083865],[-3.74869963,40.44295871],[-3.74911964,40.44321872],[-3.74969966,40.44350873],[-3.75067969,40.44393874],[-3.75346976,40.44519878],[-3.7547998,40.4457888],[-3.75616983,40.44639881],[-3.75769988,40.44709884],[-3.75919992,40.44775886],[-3.76140998,40.44874889],[-3.76206999,40.44906889],[-3.76239,40.4492489],[-3.76263001,40.44943891],[-3.76275001,40.44954891],[-3.76256001,40.44961891],[-3.76229,40.44970891],[-3.76208999,40.44975892],[-3.76185999,40.44977892],[-3.76166998,40.44976892],[-3.76147998,40.44973892],[-3.76141998,40.44971891],[-3.75733987,40.45124896],[-3.75728987,40.45216899],[-3.75719986,40.45231899],[-3.75738987,40.45328902],[-3.75773988,40.45365903],[-3.75791988,40.45375904],[-3.75794988,40.45378904],[-3.75819989,40.45403904],[-3.7583999,40.45432905],[-3.75938992,40.45604911],[-3.76247,40.46018923],[-3.76219,40.46116926],[-3.76273001,40.46123926],[-3.76269001,40.46142927],[-3.76202999,40.46346933],[-3.76258001,40.46509938],[-3.76314002,40.46675943],[-3.76395004,40.4690295],[-3.76461006,40.47077955],[-3.76478007,40.47118956],[-3.7658801,40.47391965],[-3.7659001,40.47393965]]]}},{"type":"Feature","properties":{"CODDIS":"9","NOMDIS":"Moncloa - Aravaca","COD_BAR":"094","NOMBRE":"Valdezarza","COD_DIS_TX":"09","BARRIO_MAY":"VALDEZARZA","COD_DISBAR":"94","NUM_BAR":"4","BARRIO_MT":"VALDEZARZA","COD_DISB":"9-4","AREA":1397455.62949},"geometry":{"type":"Polygon","coordinates":[[[-3.70859855,40.46204929],[-3.70902856,40.46127926],[-3.70980858,40.46007923],[-3.7105086,40.4590092],[-3.71149863,40.45748915],[-3.71309867,40.45778916],[-3.71587875,40.45866918],[-3.71675877,40.45893919],[-3.71922884,40.45969922],[-3.71942884,40.45975922],[-3.71952885,40.45984922],[-3.71953885,40.45984922],[-3.71954885,40.45986922],[-3.71960885,40.45996922],[-3.71962885,40.46008923],[-3.71963885,40.46011923],[-3.71963885,40.46032923],[-3.71961885,40.46043924],[-3.71950885,40.46062924],[-3.71926884,40.46081925],[-3.71904883,40.46102926],[-3.71895883,40.46120926],[-3.71895883,40.46123926],[-3.71894883,40.46132927],[-3.71930884,40.46194928],[-3.71945885,40.46220929],[-3.71949885,40.46226929],[-3.71962885,40.4623893],[-3.71967885,40.4624493],[-3.71982886,40.4626393],[-3.71988886,40.46271931],[-3.72033887,40.46294931],[-3.72052887,40.46304932],[-3.72072888,40.46316932],[-3.72090888,40.46330932],[-3.72096889,40.46336933],[-3.72099889,40.46341933],[-3.72104889,40.46353933],[-3.72109889,40.46364934],[-3.72117889,40.46371934],[-3.72126889,40.46376934],[-3.7213989,40.46383934],[-3.7215889,40.46389934],[-3.72185891,40.46392934],[-3.72220892,40.46398935],[-3.72250893,40.46406935],[-3.72372896,40.46444936],[-3.72381896,40.46540939],[-3.72388896,40.4658194],[-3.72395897,40.46605941],[-3.72419897,40.46697944],[-3.72433898,40.46751945],[-3.72434898,40.46756945],[-3.72434898,40.46757945],[-3.72437898,40.46770946],[-3.72439898,40.46777946],[-3.72442898,40.46782946],[-3.72470899,40.46809947],[-3.72482899,40.46821947],[-3.72485899,40.46824947],[-3.725089,40.46847948],[-3.72570901,40.4691795],[-3.72588902,40.46937951],[-3.72592902,40.46943951],[-3.72609902,40.46968952],[-3.72669904,40.47037954],[-3.72703905,40.47077955],[-3.72711905,40.47083955],[-3.72716905,40.47085955],[-3.72741906,40.47117956],[-3.72747906,40.47124956],[-3.72846909,40.4723596],[-3.72852909,40.47287961],[-3.72799908,40.47295962],[-3.72042887,40.47110956],[-3.72006886,40.47101956],[-3.71969885,40.47092955],[-3.7176388,40.47040954],[-3.71569874,40.46991952],[-3.71453871,40.46962952],[-3.7142087,40.46947951],[-3.7140387,40.46931951],[-3.71379869,40.4690395],[-3.71364869,40.46888949],[-3.71351868,40.46875949],[-3.71336868,40.46859948],[-3.71327868,40.46850948],[-3.71276866,40.46799947],[-3.71138863,40.46624941],[-3.71116862,40.46612941],[-3.71100862,40.46605941],[-3.71091861,40.46599941],[-3.70979858,40.46481937],[-3.70941857,40.46426935],[-3.70933857,40.46414935],[-3.70925857,40.46402935],[-3.70909857,40.46347933],[-3.70851855,40.4625893],[-3.70850855,40.4625593],[-3.70848855,40.4625093],[-3.70846855,40.4624093],[-3.70847855,40.46229929],[-3.70851855,40.46221929],[-3.70853855,40.46216929],[-3.70859855,40.46205929],[-3.70859855,40.46204929]]]}},{"type":"Feature","properties":{"CODDIS":"9","NOMDIS":"Moncloa - Aravaca","COD_BAR":"095","NOMBRE":"Valdemarín","COD_DIS_TX":"09","BARRIO_MAY":"VALDEMARIN","COD_DISBAR":"95","NUM_BAR":"5","BARRIO_MT":"VALDEMARÍN","COD_DISB":"9-5","AREA":3302463.52213},"geometry":{"type":"Polygon","coordinates":[[[-3.7658801,40.47391965],[-3.76478007,40.47118956],[-3.76461006,40.47077955],[-3.76395004,40.4690295],[-3.76314002,40.46675943],[-3.76258001,40.46509938],[-3.76202999,40.46346933],[-3.76269001,40.46142927],[-3.76275001,40.46122926],[-3.77180026,40.46227929],[-3.77901045,40.46308932],[-3.78799069,40.46409935],[-3.79167079,40.46450936],[-3.79786096,40.46521938],[-3.79822097,40.46525938],[-3.79907099,40.46535939],[-3.80021102,40.46548939],[-3.80009102,40.46605941],[-3.80003102,40.46635942],[-3.80003102,40.46641942],[-3.80003102,40.46647942],[-3.80008102,40.46654942],[-3.80011102,40.46659942],[-3.80025102,40.46673943],[-3.80041103,40.46689943],[-3.80098104,40.46745945],[-3.80123105,40.46769946],[-3.80208107,40.46851948],[-3.80194107,40.46858948],[-3.80182107,40.46864949],[-3.80172106,40.46869949],[-3.80151106,40.46876949],[-3.80145106,40.46878949],[-3.80110105,40.46889949],[-3.80037103,40.4690995],[-3.80021102,40.4691395],[-3.80018102,40.4691995],[-3.80013102,40.4691895],[-3.80000102,40.4692295],[-3.799401,40.46933951],[-3.799381,40.46933951],[-3.799361,40.46933951],[-3.799231,40.46934951],[-3.79916099,40.46934951],[-3.79889099,40.46936951],[-3.79834097,40.46939951],[-3.79765095,40.46943951],[-3.79682093,40.46958951],[-3.79627092,40.46968952],[-3.79611091,40.46971952],[-3.7956409,40.46980952],[-3.7956309,40.46980952],[-3.7955309,40.46982952],[-3.7955109,40.46982952],[-3.79543089,40.46984952],[-3.79527089,40.46988952],[-3.79514089,40.46991952],[-3.79499088,40.46994953],[-3.79458087,40.47004953],[-3.79445087,40.47008953],[-3.79435086,40.47011953],[-3.79339084,40.47042954],[-3.79337084,40.47042954],[-3.79331084,40.47044954],[-3.79249081,40.47071955],[-3.79243081,40.47073955],[-3.79239081,40.47074955],[-3.79233081,40.47076955],[-3.79229081,40.47078955],[-3.79225081,40.47079955],[-3.79217081,40.47083955],[-3.79215081,40.47084955],[-3.7921108,40.47086955],[-3.7918808,40.47096956],[-3.79170079,40.47106956],[-3.79148079,40.47118956],[-3.79106078,40.47143957],[-3.79099077,40.47147957],[-3.79098077,40.47147957],[-3.79093077,40.47150957],[-3.78989074,40.47190958],[-3.78928073,40.47210959],[-3.78880071,40.4722696],[-3.78848071,40.4723696],[-3.7882307,40.4724496],[-3.7880907,40.4724896],[-3.78764068,40.47261961],[-3.78752068,40.47264961],[-3.78744068,40.47266961],[-3.78743068,40.47266961],[-3.78722067,40.47272961],[-3.78673066,40.47285961],[-3.78602064,40.47305962],[-3.78585064,40.47309962],[-3.78546062,40.47319962],[-3.78399059,40.47356963],[-3.78321056,40.47375964],[-3.78285055,40.47389964],[-3.78266055,40.47396965],[-3.78193053,40.47425966],[-3.7809505,40.47457967],[-3.78025048,40.47456966],[-3.77989047,40.47455966],[-3.77910045,40.47454966],[-3.77894045,40.47454966],[-3.77883045,40.47454966],[-3.77873044,40.47454966],[-3.77839043,40.47454966],[-3.77821043,40.47454966],[-3.77812043,40.47454966],[-3.77787042,40.47454966],[-3.77774042,40.47454966],[-3.77733041,40.47453966],[-3.7769904,40.47453966],[-3.77686039,40.47453966],[-3.77678039,40.47453966],[-3.77673039,40.47453966],[-3.77568036,40.47451966],[-3.77274028,40.47447966],[-3.77247027,40.47447966],[-3.77235027,40.47447966],[-3.77225027,40.47447966],[-3.77203026,40.47447966],[-3.77172025,40.47447966],[-3.77156025,40.47447966],[-3.77148025,40.47447966],[-3.77107024,40.47446966],[-3.77086023,40.47444966],[-3.77033022,40.47439966],[-3.7695802,40.47433966],[-3.76944019,40.47431966],[-3.76934019,40.47430966],[-3.76905018,40.47429966],[-3.76892018,40.47428966],[-3.76874017,40.47426966],[-3.76856017,40.47425966],[-3.76833016,40.47423965],[-3.76811016,40.47421965],[-3.76810016,40.47421965],[-3.76763014,40.47417965],[-3.76687012,40.47410965],[-3.76648011,40.47407965],[-3.76647011,40.47407965],[-3.76646011,40.47407965],[-3.76644011,40.47405965],[-3.7659201,40.47393965],[-3.7658701,40.47392965],[-3.7658801,40.47391965]]]}},{"type":"Feature","properties":{"CODDIS":"9","NOMDIS":"Moncloa - Aravaca","COD_BAR":"096","NOMBRE":"El Plantío","COD_DIS_TX":"09","BARRIO_MAY":"EL PLANTIO","COD_DISBAR":"96","NUM_BAR":"6","BARRIO_MT":"EL PLANTÍO","COD_DISB":"9-6","AREA":3553854.51493},"geometry":{"type":"Polygon","coordinates":[[[-3.80018102,40.4691995],[-3.80021102,40.4691395],[-3.80037103,40.4690995],[-3.80110105,40.46889949],[-3.80145106,40.46878949],[-3.80151106,40.46876949],[-3.80172106,40.46869949],[-3.80182107,40.46864949],[-3.80194107,40.46858948],[-3.80208107,40.46851948],[-3.80123105,40.46769946],[-3.80098104,40.46745945],[-3.80041103,40.46689943],[-3.80025102,40.46673943],[-3.80011102,40.46659942],[-3.80008102,40.46654942],[-3.80003102,40.46647942],[-3.80003102,40.46641942],[-3.80003102,40.46635942],[-3.80009102,40.46605941],[-3.80021102,40.46548939],[-3.80054103,40.46552939],[-3.80107105,40.46558939],[-3.80144106,40.46380934],[-3.80120105,40.46365934],[-3.80109105,40.46356933],[-3.80094104,40.46345933],[-3.80082104,40.46335933],[-3.80070104,40.46325932],[-3.80065103,40.46320932],[-3.80043103,40.46299932],[-3.80026102,40.46281931],[-3.80018102,40.46272931],[-3.80014102,40.46268931],[-3.79998102,40.4624993],[-3.79984101,40.46230929],[-3.79964101,40.46201929],[-3.799471,40.46172928],[-3.799411,40.46160927],[-3.799381,40.46154927],[-3.799291,40.46136927],[-3.799191,40.46109926],[-3.79913099,40.46091925],[-3.79911099,40.46084925],[-3.79905099,40.46063924],[-3.79900099,40.46040924],[-3.79896099,40.46016923],[-3.79895099,40.46003923],[-3.79894099,40.45990922],[-3.79893099,40.45962921],[-3.79893099,40.45957921],[-3.79893099,40.45943921],[-3.79894099,40.4592392],[-3.79895099,40.4591792],[-3.79895099,40.4591692],[-3.79897099,40.4590292],[-3.80059103,40.46027923],[-3.80255109,40.46207929],[-3.80421113,40.46297931],[-3.80739122,40.46345933],[-3.81013129,40.46422935],[-3.81287136,40.46363933],[-3.81521143,40.46363933],[-3.81745149,40.46429935],[-3.81878152,40.46437936],[-3.81984155,40.46432936],[-3.82094158,40.46439936],[-3.82223162,40.46470937],[-3.82366165,40.46461936],[-3.82485169,40.46480937],[-3.82582171,40.46535939],[-3.82712175,40.46609941],[-3.82769176,40.46617941],[-3.8289218,40.46635942],[-3.83078185,40.4658994],[-3.83435194,40.46442936],[-3.83563198,40.4658494],[-3.83691201,40.46698944],[-3.83825205,40.46777946],[-3.83813205,40.47093956],[-3.83752203,40.47259961],[-3.83734202,40.47295962],[-3.83738202,40.47296962],[-3.83687201,40.47374964],[-3.836592,40.47416965],[-3.83623199,40.47471967],[-3.83611199,40.47489967],[-3.83672201,40.47512968],[-3.83739203,40.4757497],[-3.83738202,40.4757897],[-3.83734202,40.47598971],[-3.83733202,40.47606971],[-3.83731202,40.47617971],[-3.83730202,40.47621971],[-3.83730202,40.47622971],[-3.83729202,40.47628972],[-3.83724202,40.47653972],[-3.83722202,40.47664973],[-3.83721202,40.47670973],[-3.83719202,40.47681973],[-3.83716202,40.47693974],[-3.83713202,40.47705974],[-3.83705202,40.47737975],[-3.83698201,40.47774976],[-3.83694201,40.47799977],[-3.83691201,40.47818977],[-3.83684201,40.47851978],[-3.83679201,40.47875979],[-3.83676201,40.4789298],[-3.83673201,40.4790898],[-3.836632,40.47957982],[-3.836592,40.47959982],[-3.83568198,40.47933981],[-3.83513196,40.4791798],[-3.83483196,40.4790898],[-3.83461195,40.4790298],[-3.83416194,40.4788998],[-3.83407194,40.47886979],[-3.83355192,40.47871979],[-3.83332192,40.47864979],[-3.83303191,40.47856979],[-3.8327119,40.47848978],[-3.8326819,40.47847978],[-3.8326719,40.47847978],[-3.8326219,40.47846978],[-3.83218188,40.47834978],[-3.83179187,40.47822978],[-3.83168187,40.47819977],[-3.83121186,40.47806977],[-3.83084185,40.47795977],[-3.83065184,40.47790977],[-3.83054184,40.47787976],[-3.83022183,40.47778976],[-3.82993182,40.47770976],[-3.82975182,40.47765976],[-3.82954181,40.47759976],[-3.82924181,40.47751975],[-3.8292118,40.47750975],[-3.82883179,40.47739975],[-3.82870179,40.47735975],[-3.82867179,40.47734975],[-3.82849179,40.47729975],[-3.82845178,40.47728975],[-3.82844178,40.47728975],[-3.82817178,40.47720974],[-3.82779177,40.47710974],[-3.82771176,40.47708974],[-3.82748176,40.47702974],[-3.82708175,40.47691974],[-3.82667174,40.47679973],[-3.82656173,40.47676973],[-3.82647173,40.47673973],[-3.82609172,40.47662973],[-3.82564171,40.47649972],[-3.8251517,40.47635972],[-3.82465168,40.47621971],[-3.82453168,40.47618971],[-3.82379166,40.47597971],[-3.82347165,40.4758897],[-3.82335165,40.4758597],[-3.82329164,40.4758397],[-3.82292164,40.4757297],[-3.82266163,40.4756597],[-3.82247162,40.4755997],[-3.82190161,40.47543969],[-3.8217116,40.47537969],[-3.82122159,40.47523969],[-3.82084158,40.47512968],[-3.82054157,40.47503968],[-3.82019156,40.47493968],[-3.82019156,40.47493968],[-3.82008156,40.47490968],[-3.81969155,40.47479967],[-3.81931154,40.47468967],[-3.81923154,40.47466967],[-3.81915153,40.47464967],[-3.81889153,40.47456966],[-3.81887153,40.47455966],[-3.81870152,40.47450966],[-3.81829151,40.47438966],[-3.8178315,40.47425966],[-3.81764149,40.47420965],[-3.81759149,40.47419965],[-3.81748149,40.47416965],[-3.81731148,40.47411965],[-3.81681147,40.47397965],[-3.81646146,40.47387964],[-3.81615145,40.47378964],[-3.81598145,40.47373964],[-3.81588145,40.47370964],[-3.81564144,40.47363964],[-3.81474141,40.47337963],[-3.81457141,40.47332963],[-3.81446141,40.47329963],[-3.8141514,40.47320962],[-3.81375139,40.47308962],[-3.81365139,40.47305962],[-3.81353138,40.47302962],[-3.81326137,40.47294962],[-3.81310137,40.47289961],[-3.81293137,40.47284961],[-3.81277136,40.47280961],[-3.81266136,40.47277961],[-3.81259136,40.47275961],[-3.81255136,40.47274961],[-3.81249135,40.47272961],[-3.81239135,40.47269961],[-3.81234135,40.47267961],[-3.81195134,40.4725696],[-3.81073131,40.47221959],[-3.81026129,40.47208959],[-3.80606118,40.47088955],[-3.80555117,40.47073955],[-3.80506115,40.47059954],[-3.80380112,40.47023953],[-3.8030711,40.47002953],[-3.80287109,40.46996953],[-3.80263109,40.46989952],[-3.80236108,40.46981952],[-3.80209107,40.46974952],[-3.80182107,40.46966952],[-3.80104104,40.46944951],[-3.80018102,40.4691995]]]}},{"type":"Feature","properties":{"CODDIS":"9","NOMDIS":"Moncloa - Aravaca","COD_BAR":"097","NOMBRE":"Aravaca","COD_DIS_TX":"09","BARRIO_MAY":"ARAVACA","COD_DISBAR":"97","NUM_BAR":"7","BARRIO_MT":"ARAVACA","COD_DISB":"9-7","AREA":5848791.54174},"geometry":{"type":"Polygon","coordinates":[[[-3.76273001,40.46123926],[-3.76219,40.46116926],[-3.76247,40.46018923],[-3.75938992,40.45604911],[-3.7583999,40.45432905],[-3.75819989,40.45403904],[-3.75794988,40.45378904],[-3.75791988,40.45375904],[-3.75773988,40.45365903],[-3.75738987,40.45328902],[-3.75719986,40.45231899],[-3.75728987,40.45216899],[-3.75733987,40.45124896],[-3.76141998,40.44971891],[-3.76147998,40.44973892],[-3.76166998,40.44976892],[-3.76185999,40.44977892],[-3.76208999,40.44975892],[-3.76229,40.44970891],[-3.76256001,40.44961891],[-3.76275001,40.44954891],[-3.76530008,40.44858888],[-3.76631011,40.44816887],[-3.76693013,40.44782886],[-3.77080023,40.44452876],[-3.77085023,40.44405874],[-3.77085023,40.44404874],[-3.77093023,40.44404874],[-3.77604037,40.44367873],[-3.77753041,40.44365873],[-3.77859044,40.44376873],[-3.77946046,40.44416875],[-3.77964047,40.44417875],[-3.78314056,40.44432875],[-3.7845706,40.44438875],[-3.78724067,40.44316872],[-3.79009075,40.44235869],[-3.78885072,40.4457888],[-3.79017075,40.4458688],[-3.79021075,40.44661882],[-3.79039076,40.44767885],[-3.79099077,40.44749885],[-3.79102077,40.44762885],[-3.79112078,40.44803886],[-3.79138078,40.4493789],[-3.7920808,40.45066894],[-3.7921308,40.45081895],[-3.79242081,40.45170897],[-3.79337084,40.45326902],[-3.79337084,40.45327902],[-3.79309083,40.45369903],[-3.79292083,40.45371904],[-3.79291083,40.45381904],[-3.79292083,40.45385904],[-3.79302083,40.45397904],[-3.79376085,40.45474907],[-3.79377085,40.45475907],[-3.79406086,40.45500907],[-3.79439087,40.45568909],[-3.79533089,40.45633911],[-3.7954809,40.45663912],[-3.79527089,40.45701913],[-3.7957509,40.45785916],[-3.7958209,40.45788916],[-3.79758095,40.45852918],[-3.79885099,40.45899919],[-3.79900099,40.4591092],[-3.79895099,40.4591692],[-3.79895099,40.4591792],[-3.79894099,40.4592392],[-3.79893099,40.45943921],[-3.79893099,40.45957921],[-3.79893099,40.45962921],[-3.79894099,40.45990922],[-3.79895099,40.46003923],[-3.79896099,40.46016923],[-3.79900099,40.46040924],[-3.79905099,40.46063924],[-3.79911099,40.46084925],[-3.79913099,40.46091925],[-3.799191,40.46109926],[-3.799291,40.46136927],[-3.799381,40.46154927],[-3.799411,40.46160927],[-3.799471,40.46172928],[-3.79964101,40.46201929],[-3.79984101,40.46230929],[-3.79998102,40.4624993],[-3.80014102,40.46268931],[-3.80018102,40.46272931],[-3.80026102,40.46281931],[-3.80043103,40.46299932],[-3.80065103,40.46320932],[-3.80070104,40.46325932],[-3.80082104,40.46335933],[-3.80094104,40.46345933],[-3.80109105,40.46356933],[-3.80120105,40.46365934],[-3.80144106,40.46380934],[-3.80107105,40.46558939],[-3.80054103,40.46552939],[-3.80021102,40.46548939],[-3.79907099,40.46535939],[-3.79822097,40.46525938],[-3.79786096,40.46521938],[-3.79167079,40.46450936],[-3.78799069,40.46409935],[-3.77901045,40.46308932],[-3.77180026,40.46227929],[-3.76275001,40.46122926],[-3.76273001,40.46123926]]]}},{"type":"Feature","properties":{"CODDIS":"10","NOMDIS":"Latina","COD_BAR":"101","NOMBRE":"Los Cármenes","COD_DIS_TX":"10","BARRIO_MAY":"LOS CARMENES","COD_DISBAR":"101","NUM_BAR":"1","BARRIO_MT":"LOS CÁRMENES","COD_DISB":"10-1","AREA":1291998.86335},"geometry":{"type":"Polygon","coordinates":[[[-3.72181891,40.40850767],[-3.72221892,40.40717763],[-3.72225892,40.40705763],[-3.72236892,40.40674762],[-3.72264893,40.40582759],[-3.72273893,40.40521757],[-3.72271893,40.40454755],[-3.72359896,40.40455755],[-3.72475899,40.40454755],[-3.72476899,40.40503757],[-3.72464898,40.40548758],[-3.725069,40.40551758],[-3.725179,40.40548758],[-3.72551901,40.40539758],[-3.72565901,40.40530757],[-3.72599902,40.40509757],[-3.72618903,40.40494756],[-3.72633903,40.40482756],[-3.72662904,40.40449755],[-3.72681904,40.40434754],[-3.72707905,40.40413754],[-3.72758906,40.40387753],[-3.72778907,40.40369753],[-3.72815908,40.40337752],[-3.72832908,40.40319751],[-3.72832908,40.40319751],[-3.72861909,40.4028975],[-3.72958912,40.40243749],[-3.73030914,40.40189747],[-3.73031914,40.40189747],[-3.73090915,40.40144746],[-3.73212919,40.40052743],[-3.73350922,40.3994874],[-3.73411924,40.39902738],[-3.73476926,40.39853737],[-3.73711932,40.39672731],[-3.73751933,40.3963173],[-3.73760933,40.3962273],[-3.73787934,40.39594729],[-3.73833935,40.39525727],[-3.73844936,40.39508727],[-3.73857936,40.39488726],[-3.73864936,40.39478726],[-3.73872936,40.39470725],[-3.73899937,40.39441724],[-3.73916938,40.39428724],[-3.73917938,40.39427724],[-3.73977939,40.39383723],[-3.74085942,40.3930072],[-3.74089942,40.3929772],[-3.74113943,40.39319721],[-3.74327949,40.39483726],[-3.74343949,40.39499726],[-3.74351949,40.39507726],[-3.7435795,40.39530727],[-3.7436095,40.39550728],[-3.7437195,40.3960873],[-3.7437495,40.3962373],[-3.7437995,40.39646731],[-3.74396951,40.39728733],[-3.74422951,40.39854737],[-3.74434952,40.39912739],[-3.74444952,40.3995874],[-3.74464952,40.40057743],[-3.74465952,40.40069743],[-3.74470953,40.40111745],[-3.74483953,40.40226748],[-3.74484953,40.4028875],[-3.74483953,40.4030275],[-3.74481953,40.40308751],[-3.74442952,40.40375753],[-3.74416951,40.40415754],[-3.74407951,40.40451755],[-3.74302948,40.40451755],[-3.74284948,40.40451755],[-3.74229946,40.40449755],[-3.74103943,40.40446755],[-3.74032941,40.40441755],[-3.73971939,40.40435754],[-3.73908937,40.40425754],[-3.73794934,40.40403754],[-3.73713932,40.40388753],[-3.73682931,40.40385753],[-3.7364393,40.40383753],[-3.7361893,40.40384753],[-3.73585929,40.40387753],[-3.73540928,40.40395753],[-3.73494926,40.40407754],[-3.73463925,40.40418754],[-3.73434925,40.40431754],[-3.73311921,40.40493756],[-3.73289921,40.40505757],[-3.73281921,40.40509757],[-3.73195918,40.40559758],[-3.73058915,40.40637761],[-3.73047914,40.40641761],[-3.73017913,40.40648761],[-3.72865909,40.40679762],[-3.72712905,40.40709763],[-3.72673904,40.40721763],[-3.72644903,40.40734764],[-3.72611902,40.40754764],[-3.72588902,40.40775765],[-3.725209,40.40866768],[-3.72497899,40.40869768],[-3.72466899,40.40874768],[-3.72448898,40.40875768],[-3.72415897,40.40875768],[-3.72385896,40.40875768],[-3.72373896,40.40874768],[-3.72346895,40.40872768],[-3.72252893,40.40856767],[-3.72220892,40.40854767],[-3.72180891,40.40851767],[-3.72181891,40.40850767]]]}},{"type":"Feature","properties":{"CODDIS":"10","NOMDIS":"Latina","COD_BAR":"102","NOMBRE":"Puerta del Ángel","COD_DIS_TX":"10","BARRIO_MAY":"PUERTA DEL ANGEL","COD_DISBAR":"102","NUM_BAR":"2","BARRIO_MT":"PUERTA DEL ÁNGEL","COD_DISB":"10-2","AREA":1375297.54732},"geometry":{"type":"Polygon","coordinates":[[[-3.72295894,40.41397784],[-3.72292894,40.41236779],[-3.72292894,40.41235779],[-3.72291894,40.41200778],[-3.72289894,40.41196777],[-3.72286894,40.41189777],[-3.72275893,40.41170777],[-3.72260893,40.41137776],[-3.72181891,40.40850767],[-3.72220892,40.40854767],[-3.72252893,40.40856767],[-3.72346895,40.40872768],[-3.72373896,40.40874768],[-3.72385896,40.40875768],[-3.72415897,40.40875768],[-3.72448898,40.40875768],[-3.72466899,40.40874768],[-3.72497899,40.40869768],[-3.725209,40.40866768],[-3.72588902,40.40775765],[-3.72611902,40.40754764],[-3.72644903,40.40734764],[-3.72673904,40.40721763],[-3.72712905,40.40709763],[-3.72865909,40.40679762],[-3.73017913,40.40648761],[-3.73047914,40.40641761],[-3.73058915,40.40637761],[-3.73195918,40.40559758],[-3.73281921,40.40509757],[-3.73289921,40.40505757],[-3.73311921,40.40493756],[-3.73434925,40.40431754],[-3.73463925,40.40418754],[-3.73494926,40.40407754],[-3.73540928,40.40395753],[-3.73585929,40.40387753],[-3.7361893,40.40384753],[-3.7364393,40.40383753],[-3.73682931,40.40385753],[-3.73713932,40.40388753],[-3.73794934,40.40403754],[-3.73908937,40.40425754],[-3.73971939,40.40435754],[-3.74032941,40.40441755],[-3.74103943,40.40446755],[-3.74230946,40.40450755],[-3.74229946,40.40470756],[-3.74227946,40.40510757],[-3.74226946,40.40538758],[-3.74226946,40.40542758],[-3.74221946,40.40553758],[-3.74217946,40.40562758],[-3.74216946,40.40563758],[-3.74208946,40.40574759],[-3.74197945,40.40589759],[-3.74193945,40.40600759],[-3.74184945,40.4062876],[-3.74175945,40.40693762],[-3.74165944,40.40754764],[-3.74141944,40.40848767],[-3.74132943,40.40863767],[-3.74107943,40.40895768],[-3.74185945,40.40922769],[-3.73852936,40.41105775],[-3.73791934,40.41146776],[-3.73417924,40.4127978],[-3.7327992,40.41328781],[-3.72957912,40.41443785],[-3.72621903,40.41566789],[-3.72485899,40.4161679],[-3.72237892,40.41717793],[-3.72284894,40.41532788],[-3.72294894,40.41398784],[-3.72295894,40.41397784]]]}},{"type":"Feature","properties":{"CODDIS":"10","NOMDIS":"Latina","COD_BAR":"103","NOMBRE":"Lucero","COD_DIS_TX":"10","BARRIO_MAY":"LUCERO","COD_DISBAR":"103","NUM_BAR":"3","BARRIO_MT":"LUCERO","COD_DISB":"10-3","AREA":1678995.24236},"geometry":{"type":"Polygon","coordinates":[[[-3.74185945,40.40922769],[-3.74107943,40.40895768],[-3.74132943,40.40863767],[-3.74141944,40.40848767],[-3.74165944,40.40754764],[-3.74175945,40.40693762],[-3.74184945,40.4062876],[-3.74193945,40.40600759],[-3.74197945,40.40589759],[-3.74208946,40.40574759],[-3.74216946,40.40563758],[-3.74217946,40.40562758],[-3.74221946,40.40553758],[-3.74226946,40.40542758],[-3.74226946,40.40538758],[-3.74227946,40.40510757],[-3.74229946,40.40470756],[-3.74230946,40.40450755],[-3.74284948,40.40451755],[-3.74302948,40.40451755],[-3.74407951,40.40451755],[-3.74416951,40.40415754],[-3.74442952,40.40375753],[-3.74481953,40.40308751],[-3.74483953,40.4030275],[-3.74484953,40.4028875],[-3.74483953,40.40226748],[-3.74470953,40.40111745],[-3.74465952,40.40069743],[-3.74464952,40.40057743],[-3.74444952,40.3995874],[-3.74434952,40.39912739],[-3.74422951,40.39854737],[-3.74396951,40.39728733],[-3.7437995,40.39646731],[-3.7437495,40.3962373],[-3.7437195,40.3960873],[-3.7435995,40.39551728],[-3.74456952,40.39511727],[-3.74460952,40.39510727],[-3.74475953,40.39508727],[-3.74606956,40.39521727],[-3.74664958,40.39527727],[-3.74718959,40.39533727],[-3.7473996,40.39536727],[-3.75182972,40.39589729],[-3.75248974,40.39597729],[-3.75256974,40.39598729],[-3.75321976,40.39601729],[-3.75348976,40.39595729],[-3.75364977,40.39590729],[-3.75376977,40.39586729],[-3.75417978,40.39647731],[-3.75449979,40.39693732],[-3.7547898,40.39717733],[-3.75514981,40.39741734],[-3.75553982,40.39763734],[-3.75594983,40.39788735],[-3.75640984,40.39809736],[-3.75700986,40.39837736],[-3.75772988,40.39872737],[-3.75818989,40.39904738],[-3.7584499,40.39929739],[-3.75897991,40.40002741],[-3.76020994,40.40195747],[-3.76079996,40.4028975],[-3.76044995,40.40336752],[-3.76022994,40.40364752],[-3.75985993,40.40396753],[-3.75975993,40.40406754],[-3.75765988,40.40528757],[-3.75735987,40.40545758],[-3.75705986,40.40562758],[-3.75687985,40.40568759],[-3.75671985,40.40571759],[-3.75649984,40.40574759],[-3.75627984,40.40575759],[-3.75611983,40.40577759],[-3.75595983,40.40581759],[-3.75569982,40.40590759],[-3.7549198,40.4063176],[-3.75265974,40.40746764],[-3.75206972,40.40774765],[-3.75088969,40.40831766],[-3.75075969,40.40833767],[-3.75064969,40.40835767],[-3.75054968,40.40836767],[-3.74986967,40.40845767],[-3.74788961,40.40872768],[-3.7474796,40.40877768],[-3.74466952,40.40914769],[-3.74460952,40.40922769],[-3.74457952,40.40925769],[-3.74449952,40.40928769],[-3.74446952,40.40929769],[-3.74440952,40.40931769],[-3.74393951,40.4094277],[-3.7438595,40.4094477],[-3.74355949,40.4095177],[-3.74332949,40.4095677],[-3.74325949,40.4095777],[-3.74320949,40.4095777],[-3.74318948,40.4095777],[-3.74313948,40.4095777],[-3.74304948,40.4095677],[-3.74287948,40.4095377],[-3.74253947,40.4094477],[-3.74244946,40.4094177],[-3.74235946,40.4093877],[-3.74222946,40.4093477],[-3.74206945,40.40928769],[-3.74197945,40.40925769],[-3.74184945,40.40920769],[-3.74185945,40.40922769]]]}},{"type":"Feature","properties":{"CODDIS":"10","NOMDIS":"Latina","COD_BAR":"104","NOMBRE":"Aluche","COD_DIS_TX":"10","BARRIO_MAY":"ALUCHE","COD_DISBAR":"104","NUM_BAR":"4","BARRIO_MT":"ALUCHE","COD_DISB":"10-4","AREA":2849809.98164},"geometry":{"type":"Polygon","coordinates":[[[-3.76079996,40.4028975],[-3.76020994,40.40195747],[-3.75897991,40.40002741],[-3.7584499,40.39929739],[-3.75818989,40.39904738],[-3.75772988,40.39872737],[-3.75700986,40.39837736],[-3.75640984,40.39809736],[-3.75594983,40.39788735],[-3.75553982,40.39763734],[-3.75514981,40.39741734],[-3.7547898,40.39717733],[-3.75449979,40.39693732],[-3.75417978,40.39647731],[-3.75376977,40.39586729],[-3.75364977,40.39590729],[-3.75348976,40.39595729],[-3.75321976,40.39601729],[-3.75256974,40.39598729],[-3.75248974,40.39597729],[-3.75182972,40.39589729],[-3.7473996,40.39536727],[-3.74718959,40.39533727],[-3.74664958,40.39527727],[-3.74606956,40.39521727],[-3.74475953,40.39508727],[-3.74460952,40.39510727],[-3.74456952,40.39511727],[-3.7435995,40.39551728],[-3.7435795,40.39530727],[-3.74351949,40.39507726],[-3.74343949,40.39499726],[-3.74327949,40.39483726],[-3.74113943,40.39319721],[-3.74087942,40.3929972],[-3.74224946,40.39189717],[-3.74284948,40.39135715],[-3.74327949,40.39075713],[-3.7435795,40.39041712],[-3.7438195,40.38996711],[-3.74443952,40.38865707],[-3.74473953,40.38801705],[-3.74489953,40.38797705],[-3.74512954,40.38791705],[-3.74534954,40.38786705],[-3.74617957,40.38736703],[-3.74685958,40.38695702],[-3.74950966,40.38535697],[-3.74953966,40.38533697],[-3.75157971,40.38416694],[-3.75169971,40.38411693],[-3.75302975,40.38355692],[-3.75357977,40.38353692],[-3.7547698,40.38359692],[-3.75561982,40.38365692],[-3.7586399,40.38411693],[-3.75929992,40.38363692],[-3.76177999,40.38558698],[-3.76271001,40.386417],[-3.76729013,40.39052713],[-3.76751014,40.39038712],[-3.77009021,40.39259719],[-3.77028022,40.39275719],[-3.77058022,40.3930072],[-3.77157025,40.39383723],[-3.77038022,40.39477726],[-3.76869017,40.3960873],[-3.76781015,40.39675732],[-3.76653011,40.39774735],[-3.76511008,40.39884738],[-3.76506007,40.39888738],[-3.76436006,40.3993974],[-3.76436006,40.3993974],[-3.76274001,40.40068743],[-3.7624,40.40092744],[-3.76228,40.40098744],[-3.76080996,40.4028775],[-3.76079996,40.4028975]]]}},{"type":"Feature","properties":{"CODDIS":"10","NOMDIS":"Latina","COD_BAR":"105","NOMBRE":"Campamento","COD_DIS_TX":"10","BARRIO_MAY":"CAMPAMENTO","COD_DISBAR":"105","NUM_BAR":"5","BARRIO_MT":"CAMPAMENTO","COD_DISB":"10-5","AREA":9174802.09926},"geometry":{"type":"Polygon","coordinates":[[[-3.77462033,40.40030742],[-3.77457033,40.40030742],[-3.77386031,40.40029742],[-3.77371031,40.40027742],[-3.77066023,40.3995274],[-3.76929019,40.3996174],[-3.76702013,40.39922739],[-3.76563009,40.39926739],[-3.76551009,40.39909739],[-3.76475007,40.39929739],[-3.76436006,40.3993974],[-3.76436006,40.3993974],[-3.76506007,40.39888738],[-3.76511008,40.39884738],[-3.76653011,40.39774735],[-3.76781015,40.39675732],[-3.76869017,40.3960873],[-3.77038022,40.39477726],[-3.77156025,40.39383723],[-3.77166025,40.39375722],[-3.77221027,40.39333721],[-3.7733803,40.39244719],[-3.77734041,40.38943709],[-3.78015048,40.38729703],[-3.78326057,40.38486696],[-3.78770069,40.38166686],[-3.78858071,40.38104684],[-3.79217081,40.37824676],[-3.79635092,40.37500666],[-3.80094104,40.37149655],[-3.8069312,40.3664664],[-3.8105113,40.36371632],[-3.81089131,40.36459634],[-3.81142132,40.36562638],[-3.81182134,40.3663764],[-3.81208134,40.36697642],[-3.81220135,40.36733643],[-3.81281136,40.36873647],[-3.81321137,40.3696065],[-3.81329138,40.3698365],[-3.81346138,40.37004651],[-3.8142114,40.37101654],[-3.81495142,40.37191657],[-3.81537143,40.37249658],[-3.81665147,40.37400663],[-3.81707148,40.37447664],[-3.81721148,40.37461665],[-3.81754149,40.37499666],[-3.81770149,40.37515666],[-3.81771149,40.37517666],[-3.8177415,40.37518666],[-3.8178215,40.37527667],[-3.8178715,40.37533667],[-3.8179915,40.37545667],[-3.8180615,40.37556668],[-3.81864152,40.3762067],[-3.81914153,40.37677671],[-3.81938154,40.37705672],[-3.81949154,40.37715672],[-3.82011156,40.37781674],[-3.82075158,40.37850676],[-3.82117159,40.37893678],[-3.82135159,40.37915678],[-3.82143159,40.37921679],[-3.8215916,40.37935679],[-3.82194161,40.3796668],[-3.82212161,40.3797968],[-3.82250162,40.38019682],[-3.82274163,40.38047682],[-3.82291163,40.38069683],[-3.82318164,40.38104684],[-3.82332165,40.38127685],[-3.82337165,40.38133685],[-3.82357165,40.38170686],[-3.82364165,40.38183687],[-3.82364165,40.38190687],[-3.82370166,40.38211687],[-3.82883179,40.38830706],[-3.8289318,40.38842706],[-3.8290618,40.38858707],[-3.8291718,40.38873707],[-3.82934181,40.38895708],[-3.82935181,40.38896708],[-3.82947181,40.38912709],[-3.82947181,40.38913709],[-3.82958181,40.38927709],[-3.82959181,40.38928709],[-3.82970182,40.38943709],[-3.82982182,40.3895871],[-3.82983182,40.3895971],[-3.82993182,40.3897271],[-3.83005183,40.38987711],[-3.83006183,40.38988711],[-3.83015183,40.38999711],[-3.83016183,40.39000711],[-3.83021183,40.39007711],[-3.83022183,40.39008711],[-3.83022183,40.39009711],[-3.83022183,40.39010711],[-3.83019183,40.39012712],[-3.83017183,40.39014712],[-3.83017183,40.39015712],[-3.83017183,40.39016712],[-3.83017183,40.39016712],[-3.83022183,40.39022712],[-3.83023183,40.39024712],[-3.83029183,40.39032712],[-3.83031183,40.39034712],[-3.83051184,40.39060713],[-3.83060184,40.39071713],[-3.83066184,40.39079714],[-3.83075185,40.39091714],[-3.83080185,40.39097714],[-3.83082185,40.39100714],[-3.83084185,40.39102714],[-3.83088185,40.39100714],[-3.83088185,40.39100714],[-3.83088185,40.39100714],[-3.83088185,40.39100714],[-3.83162187,40.39201717],[-3.83165187,40.39204717],[-3.83175187,40.39218718],[-3.83181187,40.39226718],[-3.83190188,40.39238718],[-3.83198188,40.39250719],[-3.83206188,40.39262719],[-3.83209188,40.39267719],[-3.83216188,40.3927872],[-3.83226189,40.3929472],[-3.83234189,40.3930672],[-3.83237189,40.39311721],[-3.83247189,40.39329721],[-3.8326119,40.39355722],[-3.8326219,40.39355722],[-3.8326719,40.39361722],[-3.8327219,40.39371722],[-3.8327819,40.39383723],[-3.8327819,40.39384723],[-3.8328719,40.39404723],[-3.8328719,40.39405723],[-3.8329319,40.39421724],[-3.83298191,40.39433724],[-3.83304191,40.39447725],[-3.83308191,40.39457725],[-3.83312191,40.39467725],[-3.83315191,40.39476726],[-3.83318191,40.39484726],[-3.83320191,40.39491726],[-3.83323191,40.39500726],[-3.83326191,40.39507726],[-3.83331192,40.39520727],[-3.83333192,40.39525727],[-3.83336192,40.39531727],[-3.83339192,40.39538727],[-3.83341192,40.39543728],[-3.83341192,40.39544728],[-3.83412194,40.39602729],[-3.83381193,40.3961073],[-3.83374193,40.3961173],[-3.83367192,40.3961173],[-3.83361192,40.3961173],[-3.83353192,40.3961073],[-3.83348192,40.3961073],[-3.83340192,40.3960973],[-3.83334192,40.3960873],[-3.83327191,40.39607729],[-3.83316191,40.39604729],[-3.8328519,40.39596729],[-3.8326519,40.39592729],[-3.83242189,40.39589729],[-3.83229189,40.39588729],[-3.83221189,40.39587729],[-3.83208188,40.39587729],[-3.83197188,40.39588729],[-3.83182188,40.39590729],[-3.83172187,40.39591729],[-3.83158187,40.39593729],[-3.83150187,40.39595729],[-3.83141186,40.39597729],[-3.83124186,40.39602729],[-3.83083185,40.3961373],[-3.83046184,40.3962073],[-3.82983182,40.3963173],[-3.82940181,40.3963773],[-3.8290018,40.39641731],[-3.82722175,40.3963973],[-3.82709175,40.3963973],[-3.82673174,40.39641731],[-3.82649173,40.39643731],[-3.82626173,40.39645731],[-3.82611172,40.39647731],[-3.82563171,40.39652731],[-3.8252717,40.39655731],[-3.8251617,40.39655731],[-3.82471168,40.39653731],[-3.82417167,40.39650731],[-3.82391166,40.39649731],[-3.82380166,40.39649731],[-3.82369166,40.39649731],[-3.82352165,40.39650731],[-3.82339165,40.39651731],[-3.82321164,40.39651731],[-3.82306164,40.39652731],[-3.82225162,40.39662731],[-3.82083158,40.39656731],[-3.82052157,40.39656731],[-3.82041157,40.39655731],[-3.81997156,40.39644731],[-3.81975155,40.3963973],[-3.81965155,40.3963773],[-3.81957154,40.3963673],[-3.81939154,40.3963573],[-3.81936154,40.3962173],[-3.81850152,40.39593729],[-3.81829151,40.39586729],[-3.81489142,40.39394723],[-3.81260136,40.39326721],[-3.81088131,40.39273719],[-3.80782123,40.39229718],[-3.80429113,40.39196717],[-3.80045103,40.39203717],[-3.79650092,40.39214718],[-3.79379085,40.39351722],[-3.78917072,40.39382723],[-3.78939073,40.39227718],[-3.78685066,40.39269719],[-3.78192053,40.39395723],[-3.78151052,40.39406723],[-3.7807505,40.39521727],[-3.78063049,40.39529727],[-3.78007048,40.39568728],[-3.77992048,40.39593729],[-3.77958047,40.39669731],[-3.77945046,40.39688732],[-3.77935046,40.39697732],[-3.77924046,40.39704732],[-3.77912045,40.39713733],[-3.77882045,40.39726733],[-3.77804042,40.39757734],[-3.77816043,40.39791735],[-3.77759041,40.39904738],[-3.77755041,40.39906739],[-3.77580036,40.40000741],[-3.77458033,40.40025742],[-3.77462033,40.40030742]]]}},{"type":"Feature","properties":{"CODDIS":"10","NOMDIS":"Latina","COD_BAR":"106","NOMBRE":"Cuatro Vientos","COD_DIS_TX":"10","BARRIO_MAY":"CUATRO VIENTOS","COD_DISBAR":"106","NUM_BAR":"6","BARRIO_MT":"CUATRO VIENTOS","COD_DISB":"10-6","AREA":5429881.00832},"geometry":{"type":"Polygon","coordinates":[[[-3.76225,40.37262659],[-3.76259001,40.37086653],[-3.76295002,40.36902648],[-3.76292002,40.36878647],[-3.76217,40.36748643],[-3.76181999,40.36689641],[-3.76370004,40.36577638],[-3.76674012,40.36409633],[-3.76898018,40.36205627],[-3.77054022,40.36062622],[-3.77076023,40.36055622],[-3.77164025,40.3598362],[-3.77235027,40.3597662],[-3.7734303,40.36054622],[-3.77675039,40.36127624],[-3.78032049,40.36186626],[-3.7807705,40.36168626],[-3.7809405,40.36162625],[-3.78102051,40.36160625],[-3.78113051,40.36158625],[-3.78124051,40.36157625],[-3.78135051,40.36155625],[-3.78145052,40.36152625],[-3.78155052,40.36148625],[-3.78163052,40.36144625],[-3.78170052,40.36140625],[-3.78185053,40.36133625],[-3.78199053,40.36126624],[-3.78249054,40.36103624],[-3.78293056,40.36081623],[-3.78339057,40.36058622],[-3.78381058,40.36038622],[-3.78407059,40.36025621],[-3.7844506,40.36006621],[-3.7847006,40.3599262],[-3.78486061,40.3598662],[-3.78513062,40.3597562],[-3.78558063,40.35956619],[-3.78600064,40.35938619],[-3.78666066,40.35908618],[-3.78686066,40.35899618],[-3.78707067,40.35889617],[-3.78721067,40.35883617],[-3.78738068,40.35876617],[-3.78749068,40.35872617],[-3.78775069,40.35866617],[-3.78783069,40.35867617],[-3.78790069,40.35869617],[-3.78804069,40.35873617],[-3.7884107,40.35887617],[-3.78890072,40.35904618],[-3.78954073,40.35929618],[-3.78996075,40.35945619],[-3.79034076,40.35961619],[-3.79083077,40.3598262],[-3.79115078,40.3599662],[-3.79146079,40.36009621],[-3.79160079,40.36016621],[-3.7918308,40.36026621],[-3.7919708,40.36033622],[-3.7921308,40.36041622],[-3.79230081,40.36049622],[-3.79240081,40.36054622],[-3.79251081,40.36060622],[-3.79264082,40.36067623],[-3.79278082,40.36074623],[-3.79300083,40.36086623],[-3.79321083,40.36097624],[-3.79340084,40.36107624],[-3.79356084,40.36115624],[-3.79374085,40.36123624],[-3.79401086,40.36135625],[-3.79426086,40.36145625],[-3.79468087,40.36161625],[-3.79501088,40.36173626],[-3.79514089,40.36177626],[-3.79540089,40.36184626],[-3.7956509,40.36190626],[-3.7958109,40.36193626],[-3.79603091,40.36196627],[-3.79648092,40.36208627],[-3.79671093,40.36213627],[-3.79685093,40.36216627],[-3.79695093,40.36218627],[-3.79712094,40.36221627],[-3.79730094,40.36224627],[-3.79750095,40.36228627],[-3.79783096,40.36233628],[-3.79817097,40.36239628],[-3.79850098,40.36244628],[-3.79874098,40.36247628],[-3.79899099,40.36249628],[-3.799251,40.36253628],[-3.79960101,40.36259628],[-3.79987101,40.36264629],[-3.80019102,40.36271629],[-3.80047103,40.36278629],[-3.80081104,40.36286629],[-3.80111105,40.36292629],[-3.80135105,40.3629763],[-3.80153106,40.3630163],[-3.80183107,40.3630763],[-3.80204107,40.3631263],[-3.80252108,40.3632263],[-3.80266109,40.3632563],[-3.80284109,40.36330631],[-3.80288109,40.36332631],[-3.8029911,40.36340631],[-3.8030711,40.36346631],[-3.8031411,40.36352631],[-3.8032311,40.36359631],[-3.80331111,40.36365632],[-3.80338111,40.36371632],[-3.80345111,40.36377632],[-3.80354111,40.36385632],[-3.80362111,40.36392632],[-3.80373112,40.36401633],[-3.80384112,40.36410633],[-3.80393112,40.36419633],[-3.80408113,40.36433634],[-3.80420113,40.36442634],[-3.8069212,40.3664164],[-3.80094104,40.37149655],[-3.79635092,40.37500666],[-3.79217081,40.37824676],[-3.78858071,40.38104684],[-3.78770069,40.38167686],[-3.78531062,40.38050682],[-3.78529062,40.38048682],[-3.78497061,40.38014681],[-3.7845206,40.3795968],[-3.78425059,40.37889678],[-3.78377058,40.37787675],[-3.78335057,40.37731673],[-3.78264055,40.3763667],[-3.78253055,40.3762567],[-3.78238054,40.37612669],[-3.78227054,40.37602669],[-3.78214054,40.37595669],[-3.78199053,40.37586668],[-3.78179053,40.37577668],[-3.78144052,40.37567668],[-3.7809605,40.37557668],[-3.78056049,40.37551667],[-3.78015048,40.37545667],[-3.77930046,40.37532667],[-3.77800042,40.37511666],[-3.77684039,40.37493666],[-3.77621038,40.37483665],[-3.77527035,40.37468665],[-3.7732703,40.37437664],[-3.77007021,40.37387662],[-3.76931019,40.37375662],[-3.76811016,40.37356662],[-3.76811016,40.37356662],[-3.76563009,40.3731566],[-3.76224,40.37264659],[-3.76225,40.37262659]]]}},{"type":"Feature","properties":{"CODDIS":"10","NOMDIS":"Latina","COD_BAR":"107","NOMBRE":"Águilas","COD_DIS_TX":"10","BARRIO_MAY":"AGUILAS","COD_DISBAR":"107","NUM_BAR":"7","BARRIO_MT":"ÁGUILAS","COD_DISB":"10-7","AREA":3609602.8557},"geometry":{"type":"Polygon","coordinates":[[[-3.77157025,40.39383723],[-3.77058022,40.3930072],[-3.77028022,40.39275719],[-3.77009021,40.39259719],[-3.76751014,40.39038712],[-3.76729013,40.39052713],[-3.76271001,40.386417],[-3.76177999,40.38558698],[-3.75930992,40.38362692],[-3.75885991,40.38322691],[-3.75836989,40.38281689],[-3.75787988,40.38220688],[-3.75743987,40.38146685],[-3.75683985,40.38045682],[-3.75640984,40.3795968],[-3.75595983,40.37855677],[-3.75676985,40.37799675],[-3.75723986,40.37747673],[-3.75741987,40.37717672],[-3.75757987,40.37690672],[-3.75774988,40.37653671],[-3.75780988,40.3763067],[-3.75785988,40.37613669],[-3.75790988,40.37591669],[-3.75792988,40.37582668],[-3.75787988,40.37553667],[-3.75888991,40.37522667],[-3.76001994,40.37487665],[-3.76184999,40.37442664],[-3.76225,40.37261659],[-3.76563009,40.3731566],[-3.76811016,40.37356662],[-3.76811016,40.37356662],[-3.76931019,40.37375662],[-3.77007021,40.37387662],[-3.7732703,40.37437664],[-3.77527035,40.37468665],[-3.77621038,40.37483665],[-3.77684039,40.37493666],[-3.77800042,40.37511666],[-3.77930046,40.37532667],[-3.78015048,40.37545667],[-3.78056049,40.37551667],[-3.7809605,40.37557668],[-3.78144052,40.37567668],[-3.78179053,40.37577668],[-3.78199053,40.37586668],[-3.78214054,40.37595669],[-3.78227054,40.37602669],[-3.78238054,40.37612669],[-3.78253055,40.3762567],[-3.78264055,40.3763667],[-3.78335057,40.37731673],[-3.78377058,40.37787675],[-3.78425059,40.37889678],[-3.7845206,40.3795968],[-3.78497061,40.38014681],[-3.78529062,40.38048682],[-3.78531062,40.38050682],[-3.78770069,40.38167686],[-3.78326057,40.38486696],[-3.78015048,40.38729703],[-3.77734041,40.38943709],[-3.7733803,40.39244719],[-3.77221027,40.39333721],[-3.77166025,40.39375722],[-3.77156025,40.39383723],[-3.77157025,40.39383723]]]}},{"type":"Feature","properties":{"CODDIS":"11","NOMDIS":"Carabanchel","COD_BAR":"111","NOMBRE":"Comillas","COD_DIS_TX":"11","BARRIO_MAY":"COMILLAS","COD_DISBAR":"111","NUM_BAR":"1","BARRIO_MT":"COMILLAS","COD_DISB":"11-1","AREA":666096.196948},"geometry":{"type":"Polygon","coordinates":[[[-3.70463845,40.39523727],[-3.70629849,40.39326721],[-3.7067785,40.39275719],[-3.70722852,40.39229718],[-3.70753852,40.39202717],[-3.70793853,40.39171716],[-3.70813854,40.39158716],[-3.70828854,40.39149716],[-3.70845855,40.39140715],[-3.70869855,40.39128715],[-3.70878856,40.39124715],[-3.70880856,40.39123715],[-3.70901856,40.39114715],[-3.70911857,40.39110714],[-3.70949858,40.39095714],[-3.70949858,40.39095714],[-3.7102586,40.39065713],[-3.71188864,40.39000711],[-3.71201864,40.38995711],[-3.71288867,40.3895371],[-3.71301867,40.38943709],[-3.71335868,40.38918709],[-3.71368869,40.38891708],[-3.71368869,40.38891708],[-3.7138987,40.38871707],[-3.7142287,40.38840706],[-3.71458871,40.38804705],[-3.71501873,40.38764704],[-3.71542874,40.38726703],[-3.71638876,40.386367],[-3.71686878,40.38591699],[-3.71754879,40.38527697],[-3.71740879,40.38568698],[-3.71705878,40.38665701],[-3.71666877,40.38774704],[-3.71651877,40.38815706],[-3.71642876,40.38832706],[-3.71619876,40.38907708],[-3.71619876,40.38908708],[-3.71617876,40.38914709],[-3.71616876,40.38916709],[-3.71590875,40.38996711],[-3.71579875,40.39032712],[-3.71559874,40.39097714],[-3.71533873,40.39180717],[-3.71525873,40.39201717],[-3.71519873,40.39264719],[-3.71520873,40.3929572],[-3.71520873,40.3929572],[-3.71554874,40.39415724],[-3.71559874,40.39433724],[-3.71558874,40.39444725],[-3.71526873,40.39526727],[-3.71506873,40.39599729],[-3.71576875,40.39771734],[-3.71489872,40.3996674],[-3.7140487,40.39935739],[-3.71343868,40.39896738],[-3.71317868,40.39874738],[-3.71272866,40.39835736],[-3.71215865,40.39788735],[-3.71137863,40.39732733],[-3.71079861,40.39700732],[-3.7102886,40.39679732],[-3.70968858,40.39654731],[-3.70877856,40.3962773],[-3.70821854,40.3961073],[-3.70733852,40.39589729],[-3.70463845,40.39523727]]]}},{"type":"Feature","properties":{"CODDIS":"11","NOMDIS":"Carabanchel","COD_BAR":"112","NOMBRE":"Opañel","COD_DIS_TX":"11","BARRIO_MAY":"OPAÑEL","COD_DISBAR":"112","NUM_BAR":"2","BARRIO_MT":"OPAÑEL","COD_DISB":"11-2","AREA":1107286.22713},"geometry":{"type":"Polygon","coordinates":[[[-3.71755879,40.38527697],[-3.72113889,40.38522697],[-3.72182891,40.38523697],[-3.72194891,40.38523697],[-3.72230892,40.38525697],[-3.72275893,40.38529697],[-3.72312894,40.38534697],[-3.72360896,40.38541697],[-3.725049,40.38562698],[-3.72601902,40.38575698],[-3.72689905,40.38595699],[-3.72770907,40.386257],[-3.72960912,40.38708702],[-3.73222919,40.38821706],[-3.73177918,40.38852707],[-3.73008913,40.3896271],[-3.72867909,40.39054713],[-3.72751906,40.39128715],[-3.72670904,40.39180717],[-3.72469899,40.3928972],[-3.72401897,40.39326721],[-3.72269893,40.39399723],[-3.7214289,40.39471725],[-3.72093888,40.39499726],[-3.72041887,40.39527727],[-3.71832881,40.3963973],[-3.7179188,40.39662731],[-3.71720878,40.39701732],[-3.71677877,40.39723733],[-3.71578875,40.39773735],[-3.71506873,40.39599729],[-3.71526873,40.39526727],[-3.71558874,40.39444725],[-3.71559874,40.39433724],[-3.71554874,40.39415724],[-3.71520873,40.3929572],[-3.71520873,40.3929572],[-3.71519873,40.39264719],[-3.71525873,40.39201717],[-3.71533873,40.39180717],[-3.71559874,40.39097714],[-3.71579875,40.39032712],[-3.71590875,40.38996711],[-3.71616876,40.38916709],[-3.71617876,40.38914709],[-3.71619876,40.38908708],[-3.71619876,40.38907708],[-3.71642876,40.38832706],[-3.71651877,40.38815706],[-3.71666877,40.38774704],[-3.71705878,40.38665701],[-3.71740879,40.38568698],[-3.71755879,40.38527697]]]}},{"type":"Feature","properties":{"CODDIS":"11","NOMDIS":"Carabanchel","COD_BAR":"113","NOMBRE":"San Isidro","COD_DIS_TX":"11","BARRIO_MAY":"SAN ISIDRO","COD_DISBAR":"113","NUM_BAR":"3","BARRIO_MT":"SAN ISIDRO","COD_DISB":"11-3","AREA":1899331.78175},"geometry":{"type":"Polygon","coordinates":[[[-3.72270893,40.40453755],[-3.72264893,40.40417754],[-3.72256893,40.40377753],[-3.72238892,40.40255749],[-3.72223892,40.40206748],[-3.72220892,40.40195747],[-3.72193891,40.40132745],[-3.72182891,40.40114745],[-3.72169891,40.40094744],[-3.72111889,40.40051743],[-3.72033887,40.40008742],[-3.71997886,40.39994741],[-3.71972885,40.39989741],[-3.71930884,40.39983741],[-3.71899883,40.39982741],[-3.71895883,40.39982741],[-3.71730879,40.39995741],[-3.71706878,40.39997741],[-3.71676877,40.39999741],[-3.71641876,40.39998741],[-3.71589875,40.39991741],[-3.71489872,40.3996674],[-3.71579875,40.39771734],[-3.71677877,40.39723733],[-3.71720878,40.39701732],[-3.7179188,40.39662731],[-3.71832881,40.3963973],[-3.72041887,40.39527727],[-3.72093888,40.39499726],[-3.7214289,40.39471725],[-3.72269893,40.39399723],[-3.72401897,40.39326721],[-3.72469899,40.3928972],[-3.72670904,40.39180717],[-3.72751906,40.39128715],[-3.72867909,40.39054713],[-3.73008913,40.3896271],[-3.73176918,40.38852707],[-3.73495926,40.38988711],[-3.73608929,40.39047713],[-3.73735933,40.39109714],[-3.73851936,40.39168716],[-3.74022941,40.39252719],[-3.74086942,40.3930072],[-3.74085942,40.3930072],[-3.73977939,40.39383723],[-3.73917938,40.39427724],[-3.73916938,40.39428724],[-3.73899937,40.39441724],[-3.73872936,40.39470725],[-3.73864936,40.39478726],[-3.73857936,40.39488726],[-3.73844936,40.39508727],[-3.73833935,40.39525727],[-3.73787934,40.39594729],[-3.73760933,40.3962273],[-3.73751933,40.3963173],[-3.73711932,40.39672731],[-3.73476926,40.39853737],[-3.73411924,40.39902738],[-3.73350922,40.3994874],[-3.73212919,40.40052743],[-3.73090915,40.40144746],[-3.73031914,40.40189747],[-3.73030914,40.40189747],[-3.72958912,40.40243749],[-3.72861909,40.4028975],[-3.72832908,40.40319751],[-3.72832908,40.40319751],[-3.72815908,40.40337752],[-3.72778907,40.40369753],[-3.72758906,40.40387753],[-3.72707905,40.40413754],[-3.72681904,40.40434754],[-3.72662904,40.40449755],[-3.72633903,40.40482756],[-3.72618903,40.40494756],[-3.72599902,40.40509757],[-3.72565901,40.40530757],[-3.72551901,40.40539758],[-3.725179,40.40548758],[-3.725069,40.40551758],[-3.72464898,40.40548758],[-3.72476899,40.40503757],[-3.72475899,40.40454755],[-3.72359896,40.40455755],[-3.72271893,40.40454755],[-3.72270893,40.40453755]]]}},{"type":"Feature","properties":{"CODDIS":"11","NOMDIS":"Carabanchel","COD_BAR":"114","NOMBRE":"Vista Alegre","COD_DIS_TX":"11","BARRIO_MAY":"VISTA ALEGRE","COD_DISBAR":"114","NUM_BAR":"4","BARRIO_MT":"VISTA ALEGRE","COD_DISB":"11-4","AREA":1589225.32687},"geometry":{"type":"Polygon","coordinates":[[[-3.73223919,40.38821706],[-3.73355923,40.38733703],[-3.73371923,40.38722703],[-3.73450925,40.38670701],[-3.73486926,40.386467],[-3.73576928,40.38587699],[-3.73658931,40.38538697],[-3.73697932,40.38527697],[-3.73947938,40.38464695],[-3.74099943,40.38358692],[-3.74181945,40.3829669],[-3.74137944,40.38236688],[-3.74194945,40.38221688],[-3.74255947,40.38207687],[-3.74272947,40.38202687],[-3.74289948,40.38194687],[-3.74316948,40.38180686],[-3.7435695,40.38156686],[-3.7437395,40.38145685],[-3.74402951,40.38118685],[-3.74451952,40.38087684],[-3.74524954,40.38053683],[-3.74581956,40.38031682],[-3.74655958,40.3796468],[-3.74708959,40.37916678],[-3.74844963,40.37791675],[-3.74857963,40.37779674],[-3.74859963,40.37776674],[-3.74861963,40.37774674],[-3.74947965,40.37695672],[-3.74952966,40.37688672],[-3.74970966,40.37670671],[-3.74992967,40.3763667],[-3.74998967,40.3763367],[-3.75029968,40.37618669],[-3.75062969,40.37583668],[-3.75078969,40.37579668],[-3.75204972,40.3763567],[-3.75325976,40.37687672],[-3.75319975,40.37697672],[-3.75339976,40.37701672],[-3.75349976,40.37703672],[-3.75352976,40.37704672],[-3.75385977,40.37716672],[-3.75425978,40.37736673],[-3.7548498,40.37765674],[-3.7549398,40.37770674],[-3.75513981,40.37783674],[-3.75549982,40.37809675],[-3.75551982,40.37811675],[-3.75593983,40.37854677],[-3.75593983,40.37854677],[-3.75640984,40.3795968],[-3.75683985,40.38045682],[-3.75743987,40.38146685],[-3.75787988,40.38220688],[-3.75836989,40.38281689],[-3.75885991,40.38322691],[-3.75930992,40.38362692],[-3.7586399,40.38411693],[-3.75561982,40.38365692],[-3.7547698,40.38359692],[-3.75357977,40.38353692],[-3.75302975,40.38355692],[-3.75169971,40.38411693],[-3.75157971,40.38416694],[-3.74953966,40.38533697],[-3.74950966,40.38535697],[-3.74685958,40.38695702],[-3.74617957,40.38736703],[-3.74534954,40.38786705],[-3.74512954,40.38791705],[-3.74489953,40.38797705],[-3.74473953,40.38801705],[-3.74443952,40.38865707],[-3.7438195,40.38996711],[-3.7435795,40.39041712],[-3.74327949,40.39075713],[-3.74284948,40.39135715],[-3.74224946,40.39189717],[-3.74087942,40.3929972],[-3.74022941,40.39252719],[-3.73851936,40.39168716],[-3.73735933,40.39109714],[-3.73608929,40.39047713],[-3.73495926,40.38988711],[-3.73176918,40.38852707],[-3.73223919,40.38821706]]]}},{"type":"Feature","properties":{"CODDIS":"11","NOMDIS":"Carabanchel","COD_BAR":"115","NOMBRE":"Puerta Bonita","COD_DIS_TX":"11","BARRIO_MAY":"PUERTA BONITA","COD_DISBAR":"115","NUM_BAR":"5","BARRIO_MT":"PUERTA BONITA","COD_DISB":"11-5","AREA":1608625.58911},"geometry":{"type":"Polygon","coordinates":[[[-3.72769907,40.386267],[-3.72793907,40.38562698],[-3.72814908,40.38529697],[-3.72826908,40.38509696],[-3.72855909,40.38467695],[-3.72870909,40.38444694],[-3.72926911,40.38360692],[-3.72958912,40.3831369],[-3.72978912,40.3828369],[-3.73030914,40.38221688],[-3.73036914,40.38214687],[-3.73129916,40.38104684],[-3.73230919,40.3797468],[-3.7326992,40.37924679],[-3.73522927,40.37843676],[-3.73716932,40.37781674],[-3.73439925,40.37588669],[-3.73575928,40.37475665],[-3.7364293,40.37386662],[-3.7364393,40.37385662],[-3.73669931,40.37385662],[-3.73679931,40.37385662],[-3.73732933,40.37383662],[-3.73755933,40.37382662],[-3.73830935,40.37379662],[-3.73838936,40.37379662],[-3.73872936,40.37378662],[-3.73918938,40.37377662],[-3.73964939,40.37373662],[-3.74047941,40.37362662],[-3.74060942,40.37359662],[-3.74074942,40.37356662],[-3.74129943,40.37343661],[-3.74144944,40.37340661],[-3.74204945,40.37328661],[-3.74266947,40.3731366],[-3.74337949,40.3729666],[-3.7439295,40.37284659],[-3.74432952,40.37286659],[-3.74457952,40.37288659],[-3.74470953,40.3728966],[-3.74478953,40.3729066],[-3.74496953,40.3729166],[-3.74558955,40.3729266],[-3.74664958,40.37287659],[-3.74676958,40.3728966],[-3.74700959,40.3729366],[-3.74714959,40.3729966],[-3.74772961,40.37324661],[-3.74823962,40.37338661],[-3.74890964,40.37356662],[-3.74898964,40.37359662],[-3.74917965,40.37368662],[-3.74943965,40.37384662],[-3.74951966,40.37389663],[-3.74963966,40.37396663],[-3.74963966,40.37396663],[-3.74964966,40.37397663],[-3.74974966,40.37411663],[-3.74976966,40.37414663],[-3.75035968,40.37412663],[-3.75034968,40.37414663],[-3.75029968,40.37426664],[-3.75026968,40.37434664],[-3.75025968,40.37438664],[-3.75020967,40.37454664],[-3.75017967,40.37469665],[-3.75017967,40.37471665],[-3.75024968,40.37482665],[-3.75032968,40.37492666],[-3.75076969,40.37550667],[-3.75078969,40.37583668],[-3.75062969,40.37583668],[-3.75029968,40.37618669],[-3.74998967,40.3763367],[-3.74992967,40.3763667],[-3.74970966,40.37670671],[-3.74952966,40.37688672],[-3.74947965,40.37695672],[-3.74861963,40.37774674],[-3.74859963,40.37776674],[-3.74857963,40.37779674],[-3.74844963,40.37791675],[-3.74708959,40.37916678],[-3.74655958,40.3796468],[-3.74581956,40.38031682],[-3.74524954,40.38053683],[-3.74451952,40.38087684],[-3.74402951,40.38118685],[-3.7437395,40.38145685],[-3.7435695,40.38156686],[-3.74316948,40.38180686],[-3.74289948,40.38194687],[-3.74272947,40.38202687],[-3.74255947,40.38207687],[-3.74194945,40.38221688],[-3.74137944,40.38236688],[-3.74181945,40.3829669],[-3.74099943,40.38358692],[-3.73947938,40.38464695],[-3.73697932,40.38527697],[-3.73658931,40.38538697],[-3.73576928,40.38587699],[-3.73486926,40.386467],[-3.73450925,40.38670701],[-3.73371923,40.38722703],[-3.73355923,40.38733703],[-3.73223919,40.38821706],[-3.72960912,40.38708702],[-3.72769907,40.386267]]]}},{"type":"Feature","properties":{"CODDIS":"11","NOMDIS":"Carabanchel","COD_BAR":"116","NOMBRE":"Buenavista","COD_DIS_TX":"11","BARRIO_MAY":"BUENAVISTA","COD_DISBAR":"116","NUM_BAR":"6","BARRIO_MT":"BUENAVISTA","COD_DISB":"11-6","AREA":5613180.34089},"geometry":{"type":"Polygon","coordinates":[[[-3.75078969,40.37583668],[-3.75076969,40.37550667],[-3.75032968,40.37492666],[-3.75024968,40.37482665],[-3.75017967,40.37471665],[-3.75017967,40.37469665],[-3.75020967,40.37454664],[-3.75025968,40.37438664],[-3.75026968,40.37434664],[-3.75029968,40.37426664],[-3.75034968,40.37414663],[-3.75035968,40.37412663],[-3.74976966,40.37414663],[-3.74974966,40.37411663],[-3.74964966,40.37397663],[-3.74963966,40.37396663],[-3.74963966,40.37396663],[-3.74951966,40.37389663],[-3.74943965,40.37384662],[-3.74917965,40.37368662],[-3.74898964,40.37359662],[-3.74890964,40.37356662],[-3.74823962,40.37338661],[-3.74772961,40.37324661],[-3.74714959,40.3729966],[-3.74700959,40.3729366],[-3.74676958,40.3728966],[-3.74664958,40.37287659],[-3.74558955,40.3729266],[-3.74496953,40.3729166],[-3.74478953,40.3729066],[-3.74470953,40.3728966],[-3.74457952,40.37288659],[-3.74432952,40.37286659],[-3.7439295,40.37284659],[-3.74337949,40.3729666],[-3.74266947,40.3731366],[-3.74204945,40.37328661],[-3.74144944,40.37340661],[-3.74129943,40.37343661],[-3.74074942,40.37356662],[-3.74060942,40.37359662],[-3.74047941,40.37362662],[-3.73964939,40.37373662],[-3.73918938,40.37377662],[-3.73872936,40.37378662],[-3.73838936,40.37379662],[-3.73830935,40.37379662],[-3.73755933,40.37382662],[-3.73732933,40.37383662],[-3.73679931,40.37385662],[-3.73669931,40.37385662],[-3.7364393,40.37385662],[-3.7362493,40.37385662],[-3.73610929,40.37385662],[-3.73606929,40.37385662],[-3.73602929,40.37385662],[-3.73577929,40.37383662],[-3.73485926,40.37375662],[-3.73465925,40.37374662],[-3.73391923,40.37369662],[-3.73391923,40.37369662],[-3.73194918,40.37350661],[-3.73165917,40.37347661],[-3.73142917,40.37345661],[-3.72997913,40.37331661],[-3.72936911,40.37325661],[-3.7288691,40.3732066],[-3.72761907,40.37328661],[-3.72641903,40.37335661],[-3.72269893,40.37361662],[-3.71974885,40.37381662],[-3.72019886,40.37068653],[-3.72043887,40.36786644],[-3.72071888,40.3664364],[-3.72088888,40.36554637],[-3.72088888,40.36554637],[-3.72345895,40.36536637],[-3.72710905,40.36453634],[-3.73054914,40.36333631],[-3.73411924,40.36254628],[-3.73854936,40.36154625],[-3.74337949,40.36046622],[-3.74666958,40.3597762],[-3.75035968,40.35895617],[-3.75440979,40.35798614],[-3.75441979,40.35798614],[-3.75769988,40.35726612],[-3.76150998,40.35794614],[-3.76624011,40.35877617],[-3.77114024,40.3598762],[-3.77162025,40.3598362],[-3.77076023,40.36055622],[-3.77054022,40.36062622],[-3.76898018,40.36205627],[-3.76674012,40.36409633],[-3.76370004,40.36577638],[-3.76181999,40.36689641],[-3.76217,40.36748643],[-3.76292002,40.36878647],[-3.76295002,40.36902648],[-3.76259001,40.37086653],[-3.76225,40.37262659],[-3.76184999,40.37442664],[-3.76001994,40.37487665],[-3.75888991,40.37522667],[-3.75787988,40.37553667],[-3.75792988,40.37582668],[-3.75790988,40.37591669],[-3.75785988,40.37613669],[-3.75780988,40.3763067],[-3.75774988,40.37653671],[-3.75757987,40.37690672],[-3.75741987,40.37717672],[-3.75723986,40.37747673],[-3.75676985,40.37799675],[-3.75594983,40.37855677],[-3.75593983,40.37854677],[-3.75551982,40.37811675],[-3.75549982,40.37809675],[-3.75513981,40.37783674],[-3.7549398,40.37770674],[-3.7548498,40.37765674],[-3.75425978,40.37736673],[-3.75385977,40.37716672],[-3.75352976,40.37704672],[-3.75349976,40.37703672],[-3.75339976,40.37701672],[-3.75319975,40.37697672],[-3.75325976,40.37687672],[-3.75204972,40.3763567],[-3.75078969,40.37582668],[-3.75078969,40.37583668]]]}},{"type":"Feature","properties":{"CODDIS":"11","NOMDIS":"Carabanchel","COD_BAR":"117","NOMBRE":"Abrantes","COD_DIS_TX":"11","BARRIO_MAY":"ABRANTES","COD_DISBAR":"117","NUM_BAR":"7","BARRIO_MT":"ABRANTES","COD_DISB":"11-7","AREA":1564570.39011},"geometry":{"type":"Polygon","coordinates":[[[-3.72770907,40.386257],[-3.72689905,40.38595699],[-3.72601902,40.38575698],[-3.725049,40.38562698],[-3.72360896,40.38541697],[-3.72312894,40.38534697],[-3.72275893,40.38529697],[-3.72230892,40.38525697],[-3.72194891,40.38523697],[-3.72182891,40.38523697],[-3.72113889,40.38522697],[-3.71755879,40.38527697],[-3.71821881,40.38330691],[-3.71835882,40.3828869],[-3.71873883,40.38153686],[-3.71896883,40.38038682],[-3.71904883,40.3796468],[-3.71937884,40.3763867],[-3.71972885,40.37413663],[-3.71972885,40.37413663],[-3.71977885,40.37379662],[-3.72269893,40.37361662],[-3.72641903,40.37335661],[-3.72761907,40.37328661],[-3.7288691,40.3732066],[-3.72936911,40.37325661],[-3.72997913,40.37331661],[-3.73142917,40.37345661],[-3.73165917,40.37347661],[-3.73194918,40.37350661],[-3.73391923,40.37369662],[-3.73391923,40.37369662],[-3.73465925,40.37374662],[-3.73485926,40.37375662],[-3.73577929,40.37383662],[-3.73602929,40.37385662],[-3.73606929,40.37385662],[-3.73610929,40.37385662],[-3.7362493,40.37385662],[-3.7364393,40.37385662],[-3.7364293,40.37386662],[-3.73575928,40.37475665],[-3.73439925,40.37588669],[-3.73716932,40.37781674],[-3.73522927,40.37843676],[-3.7326992,40.37924679],[-3.73230919,40.3797468],[-3.73129916,40.38104684],[-3.73036914,40.38214687],[-3.73030914,40.38221688],[-3.72978912,40.3828369],[-3.72958912,40.3831369],[-3.72926911,40.38360692],[-3.72870909,40.38444694],[-3.72855909,40.38467695],[-3.72826908,40.38509696],[-3.72814908,40.38529697],[-3.72793907,40.38562698],[-3.72769907,40.386267],[-3.72770907,40.386257]]]}},{"type":"Feature","properties":{"CODDIS":"12","NOMDIS":"Usera","COD_BAR":"121","NOMBRE":"Orcasitas","COD_DIS_TX":"12","BARRIO_MAY":"ORCASITAS","COD_DISBAR":"121","NUM_BAR":"1","BARRIO_MT":"ORCASITAS","COD_DISB":"12-1","AREA":1356362.456},"geometry":{"type":"Polygon","coordinates":[[[-3.70344841,40.37115654],[-3.7031084,40.37056652],[-3.70339841,40.36950649],[-3.70345841,40.36927649],[-3.70384842,40.36763644],[-3.70413843,40.3664064],[-3.70436844,40.36552637],[-3.70489845,40.36364632],[-3.70513846,40.36368632],[-3.70636849,40.36381632],[-3.70709851,40.36387632],[-3.70709851,40.36387632],[-3.70798854,40.36393632],[-3.70809854,40.36393632],[-3.70976858,40.36401633],[-3.7141587,40.36435634],[-3.72098889,40.36478635],[-3.72098889,40.36478635],[-3.72089888,40.36554637],[-3.72088888,40.36554637],[-3.72071888,40.3664364],[-3.72043887,40.36786644],[-3.72019886,40.37068653],[-3.71976885,40.37380662],[-3.71849882,40.37382662],[-3.71688878,40.37381662],[-3.71668877,40.37381662],[-3.71448871,40.37378662],[-3.71328868,40.37353661],[-3.71262866,40.37339661],[-3.71231865,40.37333661],[-3.71076861,40.3729366],[-3.70877856,40.37240658],[-3.7067985,40.37187656],[-3.70489845,40.37136655],[-3.70414843,40.37120654],[-3.70343841,40.37116654],[-3.70344841,40.37115654]]]}},{"type":"Feature","properties":{"CODDIS":"12","NOMDIS":"Usera","COD_BAR":"122","NOMBRE":"Orcasur","COD_DIS_TX":"12","BARRIO_MAY":"ORCASUR","COD_DISBAR":"122","NUM_BAR":"2","BARRIO_MT":"ORCASUR","COD_DISB":"12-2","AREA":1387350.47147},"geometry":{"type":"Polygon","coordinates":[[[-3.69400816,40.36452634],[-3.6955282,40.36451634],[-3.69622822,40.36449634],[-3.69659823,40.36447634],[-3.69675823,40.36446634],[-3.69689824,40.36445634],[-3.69712824,40.36443634],[-3.69743825,40.36441634],[-3.69814827,40.36432634],[-3.69873829,40.36423633],[-3.6991083,40.36416633],[-3.6993283,40.36412633],[-3.70003832,40.36396633],[-3.70068834,40.36382632],[-3.70077834,40.36380632],[-3.70105835,40.36375632],[-3.70110835,40.36374632],[-3.70163836,40.36366632],[-3.70208838,40.36361631],[-3.70259839,40.36357631],[-3.70321841,40.36355631],[-3.70363842,40.36356631],[-3.70399843,40.36358631],[-3.70399843,40.36358631],[-3.70406843,40.36358631],[-3.70426844,40.36360631],[-3.70448844,40.36362632],[-3.70488845,40.36366632],[-3.70436844,40.36552637],[-3.70413843,40.3664064],[-3.70384842,40.36763644],[-3.70345841,40.36927649],[-3.70339841,40.36950649],[-3.7031084,40.37056652],[-3.70344841,40.37115654],[-3.70318841,40.37172656],[-3.7028384,40.37267659],[-3.70271839,40.3731266],[-3.70261839,40.37408663],[-3.70251839,40.37503666],[-3.70165837,40.37686671],[-3.70093835,40.37783674],[-3.70006832,40.37852677],[-3.69679823,40.37989681],[-3.6955382,40.38037682],[-3.6955682,40.38071683],[-3.69513819,40.38110684],[-3.69401816,40.38223688],[-3.69330814,40.3829569],[-3.69214811,40.38411693],[-3.68974804,40.38232688],[-3.69030806,40.38197687],[-3.69060807,40.38173686],[-3.69090808,40.38145685],[-3.69114808,40.38122685],[-3.69130809,40.38103684],[-3.69151809,40.38074683],[-3.69206811,40.37993681],[-3.69288813,40.37872677],[-3.69354815,40.37773674],[-3.69423816,40.37671671],[-3.69452817,40.3762567],[-3.69460817,40.37611669],[-3.69470818,40.37592669],[-3.69476818,40.37578668],[-3.69481818,40.37564668],[-3.69487818,40.37542667],[-3.69492818,40.37517666],[-3.69494818,40.37500666],[-3.69494818,40.37483665],[-3.69493818,40.37466665],[-3.69482818,40.37346661],[-3.69460817,40.37113654],[-3.69456817,40.37082653],[-3.69444817,40.37008651],[-3.69435817,40.36931649],[-3.69427817,40.36873647],[-3.69415816,40.36704642],[-3.69401816,40.36456634],[-3.69400816,40.36451634],[-3.69400816,40.36452634]]]}},{"type":"Feature","properties":{"CODDIS":"12","NOMDIS":"Usera","COD_BAR":"123","NOMBRE":"San Fermín","COD_DIS_TX":"12","BARRIO_MAY":"SAN FERMIN","COD_DISBAR":"123","NUM_BAR":"3","BARRIO_MT":"SAN FERMÍN","COD_DISB":"12-3","AREA":1475398.92734},"geometry":{"type":"Polygon","coordinates":[[[-3.68974804,40.38232688],[-3.68954804,40.38206687],[-3.68943804,40.38186687],[-3.68932803,40.38164686],[-3.68918803,40.38135685],[-3.68901802,40.38073683],[-3.68895802,40.38044682],[-3.68890802,40.38019682],[-3.68889802,40.38002681],[-3.68887802,40.3798268],[-3.68883802,40.3796968],[-3.68876802,40.3795868],[-3.68865801,40.37940679],[-3.68854801,40.37919679],[-3.68837801,40.37898678],[-3.688208,40.37885678],[-3.687978,40.37869677],[-3.68788799,40.37857677],[-3.68785799,40.37840676],[-3.68787799,40.37822676],[-3.68783799,40.37806675],[-3.68735798,40.37701672],[-3.68727798,40.37678671],[-3.68724798,40.37662671],[-3.68726798,40.3764367],[-3.68731798,40.37614669],[-3.68760799,40.37529667],[-3.68772799,40.37484665],[-3.68775799,40.37460665],[-3.68773799,40.37439664],[-3.68767799,40.37416663],[-3.68760799,40.37408663],[-3.68759799,40.37407663],[-3.68759799,40.37407663],[-3.68734798,40.37388662],[-3.68713797,40.37367662],[-3.68705797,40.37360662],[-3.68698797,40.37352661],[-3.68689797,40.37334661],[-3.68680796,40.3730266],[-3.68663796,40.37257659],[-3.68651796,40.37233658],[-3.68642795,40.37217657],[-3.68633795,40.37206657],[-3.68623795,40.37195657],[-3.68616795,40.37189656],[-3.68605794,40.37181656],[-3.68588794,40.37174656],[-3.68574794,40.37169656],[-3.68555793,40.37164656],[-3.68531792,40.37159656],[-3.68490791,40.37148655],[-3.6842679,40.37129655],[-3.68351788,40.37102654],[-3.68303786,40.37079653],[-3.68276786,40.37059653],[-3.68257785,40.37042652],[-3.68245785,40.37027652],[-3.68233784,40.37003651],[-3.68227784,40.3698465],[-3.68226784,40.3696765],[-3.68228784,40.36950649],[-3.68233784,40.36934649],[-3.68234784,40.36916648],[-3.68233784,40.36899648],[-3.68225784,40.36865647],[-3.68184783,40.36752643],[-3.68177783,40.36736643],[-3.68173783,40.36707642],[-3.68171783,40.36681641],[-3.68173783,40.36663641],[-3.68179783,40.3664164],[-3.68198783,40.36617639],[-3.68224784,40.36599639],[-3.68252785,40.36583638],[-3.68268785,40.36568638],[-3.68277786,40.36556637],[-3.68286786,40.36545637],[-3.68300786,40.36517636],[-3.68310786,40.36492635],[-3.68314787,40.36474635],[-3.68314787,40.36449634],[-3.68308786,40.36418633],[-3.68275786,40.36336631],[-3.68192783,40.36130625],[-3.68314787,40.36172626],[-3.68540793,40.36253628],[-3.68724798,40.3631963],[-3.68903802,40.36378632],[-3.68945804,40.36390632],[-3.69005805,40.36405633],[-3.69062807,40.36416633],[-3.69125808,40.36426633],[-3.6916581,40.36431634],[-3.69223811,40.36438634],[-3.69325814,40.36446634],[-3.69388816,40.36451634],[-3.69401816,40.36452634],[-3.69401816,40.36456634],[-3.69415816,40.36704642],[-3.69427817,40.36873647],[-3.69435817,40.36931649],[-3.69444817,40.37008651],[-3.69456817,40.37082653],[-3.69460817,40.37113654],[-3.69482818,40.37346661],[-3.69493818,40.37466665],[-3.69494818,40.37483665],[-3.69494818,40.37500666],[-3.69492818,40.37517666],[-3.69487818,40.37542667],[-3.69481818,40.37564668],[-3.69476818,40.37578668],[-3.69470818,40.37592669],[-3.69460817,40.37611669],[-3.69452817,40.3762567],[-3.69423816,40.37671671],[-3.69354815,40.37773674],[-3.69288813,40.37872677],[-3.69206811,40.37993681],[-3.69151809,40.38074683],[-3.69130809,40.38103684],[-3.69114808,40.38122685],[-3.69090808,40.38145685],[-3.69060807,40.38173686],[-3.69030806,40.38197687],[-3.68974804,40.38232688]]]}},{"type":"Feature","properties":{"CODDIS":"12","NOMDIS":"Usera","COD_BAR":"124","NOMBRE":"Almendrales","COD_DIS_TX":"12","BARRIO_MAY":"ALMENDRALES","COD_DISBAR":"124","NUM_BAR":"4","BARRIO_MT":"ALMENDRALES","COD_DISB":"12-4","AREA":780140.089093},"geometry":{"type":"Polygon","coordinates":[[[-3.69214811,40.38411693],[-3.69330814,40.3829569],[-3.69401816,40.38223688],[-3.69513819,40.38110684],[-3.6955682,40.38071683],[-3.6955382,40.38037682],[-3.69679823,40.37989681],[-3.70008832,40.37853677],[-3.70022833,40.37868677],[-3.70027833,40.37944679],[-3.70160836,40.37945679],[-3.70222838,40.38027682],[-3.70276839,40.38083683],[-3.7030884,40.38118685],[-3.70475845,40.38022682],[-3.70489845,40.38111684],[-3.70496845,40.38148685],[-3.70507846,40.38207687],[-3.70530846,40.38335691],[-3.70557847,40.38482696],[-3.70576848,40.38587699],[-3.70336841,40.38609699],[-3.70250839,40.386207],[-3.70233838,40.386267],[-3.70052833,40.38746704],[-3.6994083,40.38817706],[-3.6994083,40.38817706],[-3.69809827,40.38909708],[-3.6956182,40.38697702],[-3.69463818,40.386167],[-3.69214811,40.38410693],[-3.69214811,40.38411693]]]}},{"type":"Feature","properties":{"CODDIS":"12","NOMDIS":"Usera","COD_BAR":"125","NOMBRE":"Moscardó","COD_DIS_TX":"12","BARRIO_MAY":"MOSCARDO","COD_DISBAR":"125","NUM_BAR":"5","BARRIO_MT":"MOSCARDÓ","COD_DISB":"12-5","AREA":908787.303279},"geometry":{"type":"Polygon","coordinates":[[[-3.70575848,40.38584699],[-3.70821854,40.38556698],[-3.70879856,40.38549698],[-3.71076861,40.38527697],[-3.71183864,40.38512696],[-3.71471872,40.38517697],[-3.71601875,40.38519697],[-3.71628876,40.38519697],[-3.71695878,40.38520697],[-3.71754879,40.38528697],[-3.71686878,40.38591699],[-3.71638876,40.386367],[-3.71542874,40.38726703],[-3.71501873,40.38764704],[-3.71458871,40.38804705],[-3.7142287,40.38840706],[-3.7138987,40.38871707],[-3.71368869,40.38891708],[-3.71368869,40.38891708],[-3.71335868,40.38918709],[-3.71301867,40.38943709],[-3.71288867,40.3895371],[-3.71201864,40.38995711],[-3.71188864,40.39000711],[-3.7102586,40.39065713],[-3.70949858,40.39095714],[-3.70949858,40.39095714],[-3.70911857,40.39110714],[-3.70901856,40.39114715],[-3.70880856,40.39123715],[-3.70878856,40.39124715],[-3.70869855,40.39128715],[-3.70845855,40.39140715],[-3.70828854,40.39149716],[-3.70813854,40.39158716],[-3.70793853,40.39171716],[-3.70753852,40.39202717],[-3.70722852,40.39229718],[-3.7067785,40.39275719],[-3.70629849,40.39326721],[-3.70463845,40.39523727],[-3.70439844,40.39508727],[-3.70337841,40.39445725],[-3.70239838,40.39364722],[-3.69955831,40.39064713],[-3.69808827,40.38909708],[-3.6994083,40.38817706],[-3.6994083,40.38817706],[-3.70052833,40.38746704],[-3.70233838,40.386267],[-3.70250839,40.386207],[-3.70336841,40.38609699],[-3.70575848,40.38584699]]]}},{"type":"Feature","properties":{"CODDIS":"12","NOMDIS":"Usera","COD_BAR":"126","NOMBRE":"Zofío","COD_DIS_TX":"12","BARRIO_MAY":"ZOFIO","COD_DISBAR":"126","NUM_BAR":"6","BARRIO_MT":"ZOFÍO","COD_DISB":"12-6","AREA":774025.402247},"geometry":{"type":"Polygon","coordinates":[[[-3.71183864,40.38513696],[-3.71167864,40.38498696],[-3.71164863,40.38495696],[-3.71142863,40.38447694],[-3.71133863,40.38413693],[-3.71132863,40.38398693],[-3.71129862,40.38369692],[-3.71129862,40.38368692],[-3.71126862,40.38327691],[-3.71125862,40.38316691],[-3.71125862,40.38281689],[-3.71125862,40.38280689],[-3.71124862,40.38267689],[-3.71124862,40.38189687],[-3.71124862,40.38179686],[-3.71124862,40.38097684],[-3.71131863,40.38054683],[-3.71163863,40.37925679],[-3.71184864,40.37868677],[-3.71211865,40.37794675],[-3.71211865,40.37778674],[-3.71232865,40.37332661],[-3.71262866,40.37339661],[-3.71328868,40.37353661],[-3.71448871,40.37378662],[-3.71668877,40.37381662],[-3.71688878,40.37381662],[-3.71849882,40.37382662],[-3.71976885,40.37380662],[-3.71972885,40.37413663],[-3.71972885,40.37413663],[-3.71937884,40.3763867],[-3.71904883,40.3796468],[-3.71896883,40.38038682],[-3.71873883,40.38153686],[-3.71835882,40.3828869],[-3.71821881,40.38330691],[-3.71755879,40.38527697],[-3.71695878,40.38520697],[-3.71628876,40.38519697],[-3.71601875,40.38519697],[-3.71471872,40.38517697],[-3.71183864,40.38513696]]]}},{"type":"Feature","properties":{"CODDIS":"12","NOMDIS":"Usera","COD_BAR":"127","NOMBRE":"Pradolongo","COD_DIS_TX":"12","BARRIO_MAY":"PRADOLONGO","COD_DISBAR":"127","NUM_BAR":"7","BARRIO_MT":"PRADOLONGO","COD_DISB":"12-7","AREA":1095652.10497},"geometry":{"type":"Polygon","coordinates":[[[-3.70576848,40.38587699],[-3.70557847,40.38482696],[-3.70530846,40.38335691],[-3.70507846,40.38207687],[-3.70496845,40.38148685],[-3.70489845,40.38111684],[-3.70475845,40.38022682],[-3.7030884,40.38118685],[-3.70276839,40.38083683],[-3.70222838,40.38027682],[-3.70160836,40.37945679],[-3.70027833,40.37944679],[-3.70022833,40.37868677],[-3.70008832,40.37853677],[-3.70093835,40.37783674],[-3.70165837,40.37686671],[-3.70251839,40.37503666],[-3.70261839,40.37408663],[-3.70271839,40.3731266],[-3.7028384,40.37267659],[-3.70318841,40.37172656],[-3.70344841,40.37115654],[-3.70414843,40.37120654],[-3.70489845,40.37136655],[-3.7067985,40.37187656],[-3.70877856,40.37240658],[-3.71076861,40.3729366],[-3.71231865,40.37334661],[-3.71211865,40.37778674],[-3.71211865,40.37794675],[-3.71184864,40.37868677],[-3.71163863,40.37925679],[-3.71131863,40.38054683],[-3.71124862,40.38097684],[-3.71124862,40.38179686],[-3.71124862,40.38189687],[-3.71124862,40.38267689],[-3.71125862,40.38280689],[-3.71125862,40.38281689],[-3.71125862,40.38316691],[-3.71126862,40.38327691],[-3.71129862,40.38368692],[-3.71129862,40.38369692],[-3.71132863,40.38398693],[-3.71133863,40.38413693],[-3.71142863,40.38447694],[-3.71164863,40.38495696],[-3.71167864,40.38498696],[-3.71183864,40.38513696],[-3.71076861,40.38527697],[-3.70879856,40.38549698],[-3.70821854,40.38556698],[-3.70575848,40.38584699],[-3.70576848,40.38587699]]]}},{"type":"Feature","properties":{"CODDIS":"13","NOMDIS":"Puente de Vallecas","COD_BAR":"131","NOMBRE":"Entrevías","COD_DIS_TX":"13","BARRIO_MAY":"ENTREVÍAS","COD_DISBAR":"131","NUM_BAR":"1","BARRIO_MT":"ENTREVÍAS","COD_DISB":"13-1","AREA":5971941.41817},"geometry":{"type":"Polygon","coordinates":[[[-3.65438709,40.37602669],[-3.65281705,40.37601669],[-3.65236704,40.37604669],[-3.65275705,40.37564668],[-3.65329706,40.37432664],[-3.65357707,40.37362662],[-3.65439709,40.37088653],[-3.6547071,40.37035652],[-3.65559712,40.3695865],[-3.65598713,40.36936649],[-3.65705716,40.36876647],[-3.66443736,40.36413633],[-3.6660174,40.3632763],[-3.66649742,40.3630263],[-3.66668742,40.36292629],[-3.66716743,40.36269629],[-3.66723744,40.36266629],[-3.66755745,40.36252628],[-3.66788745,40.36239628],[-3.66824746,40.36225627],[-3.66887748,40.36203627],[-3.6694475,40.36186626],[-3.6695475,40.36183626],[-3.67012751,40.36167626],[-3.67081753,40.36152625],[-3.67117754,40.36145625],[-3.67151755,40.36138625],[-3.67215757,40.36127624],[-3.67302759,40.36113624],[-3.67370761,40.36103624],[-3.67446763,40.36095623],[-3.67516765,40.36088623],[-3.67593767,40.36081623],[-3.67667769,40.36076623],[-3.6770277,40.36074623],[-3.67757772,40.36072623],[-3.67807773,40.36070623],[-3.67875775,40.36069623],[-3.67935776,40.36071623],[-3.67980778,40.36076623],[-3.68033779,40.36083623],[-3.6807878,40.36093623],[-3.68121781,40.36105624],[-3.68193783,40.36130625],[-3.68275786,40.36336631],[-3.68308786,40.36418633],[-3.68314787,40.36449634],[-3.68314787,40.36474635],[-3.68310786,40.36492635],[-3.68300786,40.36517636],[-3.68286786,40.36545637],[-3.68277786,40.36556637],[-3.68268785,40.36568638],[-3.68252785,40.36583638],[-3.68224784,40.36599639],[-3.68198783,40.36617639],[-3.68179783,40.3664164],[-3.68173783,40.36663641],[-3.68171783,40.36681641],[-3.68173783,40.36707642],[-3.68177783,40.36736643],[-3.68184783,40.36752643],[-3.68225784,40.36865647],[-3.68233784,40.36899648],[-3.68234784,40.36916648],[-3.68233784,40.36934649],[-3.68228784,40.36950649],[-3.68226784,40.3696765],[-3.68227784,40.3698465],[-3.68233784,40.37003651],[-3.68245785,40.37027652],[-3.68257785,40.37042652],[-3.68276786,40.37059653],[-3.68303786,40.37079653],[-3.68351788,40.37102654],[-3.6842679,40.37129655],[-3.68490791,40.37148655],[-3.68531792,40.37159656],[-3.68555793,40.37164656],[-3.68574794,40.37169656],[-3.68588794,40.37174656],[-3.68605794,40.37181656],[-3.68616795,40.37189656],[-3.68623795,40.37195657],[-3.68633795,40.37206657],[-3.68642795,40.37217657],[-3.68651796,40.37233658],[-3.68663796,40.37257659],[-3.68680796,40.3730266],[-3.68689797,40.37334661],[-3.68698797,40.37352661],[-3.68705797,40.37360662],[-3.68713797,40.37367662],[-3.68734798,40.37388662],[-3.68759799,40.37407663],[-3.68759799,40.37407663],[-3.68760799,40.37408663],[-3.68767799,40.37416663],[-3.68773799,40.37439664],[-3.68775799,40.37460665],[-3.68772799,40.37484665],[-3.68760799,40.37529667],[-3.68731798,40.37614669],[-3.68726798,40.3764367],[-3.68724798,40.37662671],[-3.68727798,40.37678671],[-3.68735798,40.37701672],[-3.68783799,40.37806675],[-3.68787799,40.37822676],[-3.68785799,40.37840676],[-3.68788799,40.37857677],[-3.687978,40.37869677],[-3.688208,40.37885678],[-3.68837801,40.37898678],[-3.68854801,40.37919679],[-3.68865801,40.37940679],[-3.68876802,40.3795868],[-3.68883802,40.3796968],[-3.68887802,40.3798268],[-3.68889802,40.38002681],[-3.68890802,40.38019682],[-3.68895802,40.38044682],[-3.68901802,40.38073683],[-3.68918803,40.38135685],[-3.68932803,40.38164686],[-3.68943804,40.38186687],[-3.68954804,40.38206687],[-3.68974804,40.38232688],[-3.68948804,40.38248688],[-3.68911803,40.38265689],[-3.68875802,40.38279689],[-3.688228,40.3829769],[-3.68745798,40.38316691],[-3.68697797,40.38327691],[-3.68486791,40.38367692],[-3.6843179,40.38378692],[-3.68397789,40.38387693],[-3.68360788,40.38399693],[-3.68335787,40.38413693],[-3.68315787,40.38427694],[-3.68294786,40.38443694],[-3.68272785,40.38464695],[-3.68234784,40.38511696],[-3.67914776,40.38998711],[-3.67871775,40.39049713],[-3.67828773,40.39090714],[-3.67756772,40.39147716],[-3.67644769,40.39232718],[-3.67525765,40.39326721],[-3.67453763,40.39375722],[-3.67351761,40.39431724],[-3.6731476,40.39355722],[-3.67249758,40.39174716],[-3.67243758,40.39143715],[-3.67220757,40.39042712],[-3.67214757,40.39022712],[-3.67212757,40.39013712],[-3.67206757,40.38992711],[-3.67201757,40.3897571],[-3.67196756,40.3895971],[-3.67164756,40.38846707],[-3.67140755,40.38768704],[-3.67122754,40.38709702],[-3.67108754,40.38669701],[-3.67077753,40.38580698],[-3.67039752,40.38505696],[-3.67027752,40.38482696],[-3.67006751,40.38443694],[-3.6696975,40.38387693],[-3.66936749,40.38337691],[-3.66906749,40.3829669],[-3.66888748,40.38271689],[-3.66876748,40.38256689],[-3.66869748,40.38248688],[-3.66863747,40.38241688],[-3.66829747,40.38202687],[-3.66821746,40.38193687],[-3.66798746,40.38166686],[-3.66770745,40.38138685],[-3.66723744,40.38091684],[-3.66694743,40.38062683],[-3.66637741,40.38019682],[-3.66633741,40.38016681],[-3.66561739,40.3796168],[-3.66545739,40.37951679],[-3.66524738,40.37937679],[-3.66506738,40.37925679],[-3.66429736,40.37877677],[-3.66366734,40.37842676],[-3.66304732,40.37810675],[-3.66242731,40.37782674],[-3.6621473,40.37770674],[-3.66183729,40.37757674],[-3.66152728,40.37744673],[-3.66123728,40.37733673],[-3.66035725,40.37705672],[-3.65994724,40.37694672],[-3.65930722,40.37677671],[-3.65898721,40.37668671],[-3.65867721,40.37659671],[-3.65813719,40.3764467],[-3.65686716,40.3762467],[-3.65665715,40.3762167],[-3.65636714,40.37617669],[-3.65580713,40.37610669],[-3.65568713,40.37609669],[-3.6547371,40.37601669],[-3.65436709,40.37601669],[-3.65438709,40.37602669]]]}},{"type":"Feature","properties":{"CODDIS":"13","NOMDIS":"Puente de Vallecas","COD_BAR":"132","NOMBRE":"San Diego","COD_DIS_TX":"13","BARRIO_MAY":"SAN DIEGO","COD_DISBAR":"132","NUM_BAR":"2","BARRIO_MT":"SAN DIEGO","COD_DISB":"13-2","AREA":1069868.3825},"geometry":{"type":"Polygon","coordinates":[[[-3.66238731,40.39471725],[-3.66383735,40.3930872],[-3.66383735,40.3930072],[-3.66384735,40.3929472],[-3.66416735,40.39208717],[-3.66442736,40.39145716],[-3.66455736,40.39123715],[-3.66512738,40.39032712],[-3.66475737,40.38925709],[-3.66467737,40.38901708],[-3.66426736,40.38748704],[-3.66426736,40.38746704],[-3.66432736,40.38739703],[-3.66420736,40.38676701],[-3.66413735,40.386357],[-3.66398735,40.38550698],[-3.66372734,40.38429694],[-3.66346734,40.3830669],[-3.66395735,40.38245688],[-3.66420736,40.38267689],[-3.66661742,40.38083683],[-3.66697743,40.38063683],[-3.66723744,40.38091684],[-3.66770745,40.38138685],[-3.66798746,40.38166686],[-3.66821746,40.38193687],[-3.66829747,40.38202687],[-3.66863747,40.38241688],[-3.66869748,40.38248688],[-3.66876748,40.38256689],[-3.66888748,40.38271689],[-3.66906749,40.3829669],[-3.66936749,40.38337691],[-3.6696975,40.38387693],[-3.67006751,40.38443694],[-3.67027752,40.38482696],[-3.67039752,40.38505696],[-3.67077753,40.38580698],[-3.67108754,40.38669701],[-3.67122754,40.38709702],[-3.67140755,40.38768704],[-3.67164756,40.38846707],[-3.67196756,40.3895971],[-3.67201757,40.3897571],[-3.67206757,40.38992711],[-3.67212757,40.39013712],[-3.67214757,40.39022712],[-3.67220757,40.39042712],[-3.67243758,40.39143715],[-3.67249758,40.39174716],[-3.6731476,40.39355722],[-3.67351761,40.39431724],[-3.67292759,40.39466725],[-3.67204757,40.39530727],[-3.67108754,40.39643731],[-3.67096754,40.39657731],[-3.67039752,40.39707733],[-3.67005751,40.39739733],[-3.6696275,40.39783735],[-3.66925749,40.39832736],[-3.66748744,40.39741734],[-3.66534739,40.3962873],[-3.66527738,40.3962473],[-3.66409735,40.39561728],[-3.66358734,40.39534727],[-3.66291732,40.39499726],[-3.66238731,40.39471725]]]}},{"type":"Feature","properties":{"CODDIS":"13","NOMDIS":"Puente de Vallecas","COD_BAR":"133","NOMBRE":"Palomeras Bajas","COD_DIS_TX":"13","BARRIO_MAY":"PALOMENAS  BAJAS","COD_DISBAR":"133","NUM_BAR":"3","BARRIO_MT":"PALOMERAS BAJAS","COD_DISB":"13-3","AREA":1723868.65501},"geometry":{"type":"Polygon","coordinates":[[[-3.65406708,40.39158716],[-3.65372707,40.39155716],[-3.65292705,40.38936709],[-3.65298705,40.38827706],[-3.65306705,40.38691702],[-3.65307705,40.38493696],[-3.65307705,40.38406693],[-3.65307705,40.38406693],[-3.65307705,40.38362692],[-3.65295705,40.38229688],[-3.65287705,40.38143685],[-3.65286705,40.3796668],[-3.65283705,40.37787675],[-3.65299705,40.37737673],[-3.65311706,40.37713672],[-3.65330706,40.37692672],[-3.65349707,40.37676671],[-3.65372707,40.37662671],[-3.65393708,40.37653671],[-3.65411708,40.3764867],[-3.65431709,40.3764567],[-3.65438709,40.37603669],[-3.6547371,40.37601669],[-3.65568713,40.37609669],[-3.65580713,40.37610669],[-3.65636714,40.37617669],[-3.65665715,40.3762167],[-3.65686716,40.3762467],[-3.65813719,40.3764467],[-3.65867721,40.37659671],[-3.65898721,40.37668671],[-3.65930722,40.37677671],[-3.65994724,40.37694672],[-3.66035725,40.37705672],[-3.66123728,40.37733673],[-3.66152728,40.37744673],[-3.66183729,40.37757674],[-3.6621473,40.37770674],[-3.66242731,40.37782674],[-3.66304732,40.37810675],[-3.66366734,40.37842676],[-3.66429736,40.37877677],[-3.66506738,40.37925679],[-3.66524738,40.37937679],[-3.66545739,40.37951679],[-3.66561739,40.3796168],[-3.66633741,40.38016681],[-3.66637741,40.38019682],[-3.66695743,40.38064683],[-3.66661742,40.38083683],[-3.66420736,40.38267689],[-3.66395735,40.38245688],[-3.66346734,40.3830669],[-3.66372734,40.38429694],[-3.66398735,40.38550698],[-3.66413735,40.386357],[-3.66420736,40.38676701],[-3.66432736,40.38739703],[-3.66426736,40.38746704],[-3.66426736,40.38748704],[-3.66467737,40.38901708],[-3.66475737,40.38925709],[-3.66512738,40.39032712],[-3.66455736,40.39123715],[-3.66442736,40.39145716],[-3.66416735,40.39208717],[-3.66384735,40.3929472],[-3.66383735,40.3930072],[-3.66383735,40.3930872],[-3.66238731,40.39471725],[-3.66002724,40.39347722],[-3.65886721,40.3928372],[-3.65823719,40.39251719],[-3.65723717,40.39199717],[-3.65720717,40.39197717],[-3.65699716,40.39187717],[-3.65695716,40.39186717],[-3.65692716,40.39185717],[-3.65680716,40.39183717],[-3.65525711,40.39166716],[-3.65436709,40.39159716],[-3.65406708,40.39157716],[-3.65406708,40.39158716]]]}},{"type":"Feature","properties":{"CODDIS":"13","NOMDIS":"Puente de Vallecas","COD_BAR":"134","NOMBRE":"Palomeras Sureste","COD_DIS_TX":"13","BARRIO_MAY":"PALOMERAS SURESTE","COD_DISBAR":"134","NUM_BAR":"4","BARRIO_MT":"PALOMERAS SURESTE","COD_DISB":"13-4","AREA":3108597.63986},"geometry":{"type":"Polygon","coordinates":[[[-3.65236704,40.37604669],[-3.65281705,40.37601669],[-3.65438709,40.37602669],[-3.65431709,40.3764567],[-3.65411708,40.3764867],[-3.65393708,40.37653671],[-3.65372707,40.37662671],[-3.65349707,40.37676671],[-3.65330706,40.37692672],[-3.65311706,40.37713672],[-3.65299705,40.37737673],[-3.65283705,40.37787675],[-3.65286705,40.3796668],[-3.65288705,40.38142685],[-3.65244704,40.38147685],[-3.65170702,40.38164686],[-3.65082699,40.38192687],[-3.65057699,40.38202687],[-3.65019698,40.38219688],[-3.64968696,40.38245688],[-3.64922695,40.38274689],[-3.64860693,40.38321691],[-3.64815692,40.38362692],[-3.64788692,40.38396693],[-3.64703689,40.38503696],[-3.64651688,40.38569698],[-3.64591686,40.386467],[-3.64499684,40.38765704],[-3.64393681,40.38904708],[-3.64331679,40.38987711],[-3.64275678,40.39056713],[-3.64195676,40.39170716],[-3.64101673,40.3929172],[-3.64043671,40.39371722],[-3.6399867,40.39478726],[-3.63946669,40.39469725],[-3.63901668,40.39460725],[-3.6326165,40.39325721],[-3.62979643,40.39256719],[-3.62746636,40.39205717],[-3.6251163,40.39154716],[-3.62301624,40.39108714],[-3.62188621,40.39083714],[-3.62369626,40.386427],[-3.62432628,40.38500696],[-3.62476629,40.38415694],[-3.62532631,40.38322691],[-3.62458629,40.38208687],[-3.62590632,40.38179686],[-3.62716636,40.38150686],[-3.63019644,40.38077683],[-3.6325865,40.38020682],[-3.63302651,40.38009681],[-3.63437655,40.3797668],[-3.64150674,40.37794675],[-3.64506684,40.37722673],[-3.64857693,40.3765167],[-3.64990697,40.3763067],[-3.65150701,40.37609669],[-3.65236704,40.37604669]]]}},{"type":"Feature","properties":{"CODDIS":"13","NOMDIS":"Puente de Vallecas","COD_BAR":"135","NOMBRE":"Portazgo","COD_DIS_TX":"13","BARRIO_MAY":"PORTAZGO","COD_DISBAR":"135","NUM_BAR":"5","BARRIO_MT":"PORTAZGO","COD_DISB":"13-5","AREA":1245260.49291},"geometry":{"type":"Polygon","coordinates":[[[-3.6399867,40.39478726],[-3.64043671,40.39371722],[-3.64101673,40.3929172],[-3.64195676,40.39170716],[-3.64275678,40.39056713],[-3.64331679,40.38987711],[-3.64393681,40.38904708],[-3.64499684,40.38765704],[-3.64591686,40.386467],[-3.64651688,40.38569698],[-3.64703689,40.38503696],[-3.64788692,40.38396693],[-3.64815692,40.38362692],[-3.64860693,40.38321691],[-3.64922695,40.38274689],[-3.64968696,40.38245688],[-3.65019698,40.38219688],[-3.65057699,40.38202687],[-3.65082699,40.38192687],[-3.65170702,40.38164686],[-3.65244704,40.38147685],[-3.65288705,40.38142685],[-3.65295705,40.38229688],[-3.65307705,40.38362692],[-3.65307705,40.38406693],[-3.65307705,40.38406693],[-3.65307705,40.38493696],[-3.65306705,40.38691702],[-3.65298705,40.38827706],[-3.65292705,40.38936709],[-3.65372707,40.39155716],[-3.65406708,40.39158716],[-3.65384708,40.39313721],[-3.65381707,40.39324721],[-3.65377707,40.39337721],[-3.65369707,40.39350722],[-3.65348707,40.39384723],[-3.65347707,40.39385723],[-3.65346707,40.39386723],[-3.65335706,40.39399723],[-3.65308706,40.39429724],[-3.65262704,40.39470725],[-3.65227703,40.39504726],[-3.65171702,40.39547728],[-3.64919695,40.39713733],[-3.64872694,40.39744734],[-3.64834693,40.39769734],[-3.64707689,40.39853737],[-3.64543685,40.39707733],[-3.64543685,40.39707733],[-3.64490683,40.39662731],[-3.64490683,40.39662731],[-3.64428682,40.3962073],[-3.6437568,40.39593729],[-3.64340679,40.39576729],[-3.64309679,40.39562728],[-3.64262677,40.39544728],[-3.64227676,40.39534727],[-3.6399767,40.39479726],[-3.6399867,40.39478726]]]}},{"type":"Feature","properties":{"CODDIS":"13","NOMDIS":"Puente de Vallecas","COD_BAR":"136","NOMBRE":"Numancia","COD_DIS_TX":"13","BARRIO_MAY":"NUMANCIA","COD_DISBAR":"136","NUM_BAR":"6","BARRIO_MT":"NUMANCIA","COD_DISB":"13-6","AREA":1849069.28294},"geometry":{"type":"Polygon","coordinates":[[[-3.64707689,40.39853737],[-3.64834693,40.39769734],[-3.64872694,40.39744734],[-3.64919695,40.39713733],[-3.65171702,40.39547728],[-3.65227703,40.39504726],[-3.65262704,40.39470725],[-3.65308706,40.39429724],[-3.65335706,40.39399723],[-3.65346707,40.39386723],[-3.65347707,40.39385723],[-3.65348707,40.39384723],[-3.65369707,40.39350722],[-3.65377707,40.39337721],[-3.65381707,40.39324721],[-3.65384708,40.39313721],[-3.65406708,40.39158716],[-3.65436709,40.39159716],[-3.65525711,40.39166716],[-3.65680716,40.39183717],[-3.65692716,40.39185717],[-3.65695716,40.39186717],[-3.65699716,40.39187717],[-3.65720717,40.39197717],[-3.65723717,40.39199717],[-3.65823719,40.39251719],[-3.65886721,40.3928372],[-3.66002724,40.39347722],[-3.66238731,40.39471725],[-3.66291732,40.39499726],[-3.66358734,40.39534727],[-3.66409735,40.39561728],[-3.66527738,40.3962473],[-3.66534739,40.3962873],[-3.66748744,40.39741734],[-3.66925749,40.39832736],[-3.66826746,40.3996374],[-3.66677742,40.40262749],[-3.66668742,40.4028975],[-3.66632741,40.40386753],[-3.66555739,40.40555758],[-3.66520738,40.4063376],[-3.65887721,40.40589759],[-3.65866721,40.40588759],[-3.6585472,40.40587759],[-3.65776718,40.40580759],[-3.65736717,40.40577759],[-3.65670715,40.40569759],[-3.65641715,40.40563758],[-3.65610714,40.40554758],[-3.65595713,40.40548758],[-3.65580713,40.40542758],[-3.65531712,40.40522757],[-3.6548471,40.40503757],[-3.65441709,40.40479756],[-3.65400708,40.40455755],[-3.65295705,40.40371753],[-3.65295705,40.40371753],[-3.65131701,40.40239749],[-3.64890694,40.40031742],[-3.64704689,40.39855737],[-3.64707689,40.39853737]]]}},{"type":"Feature","properties":{"CODDIS":"14","NOMDIS":"Moratalaz","COD_BAR":"141","NOMBRE":"Pavones","COD_DIS_TX":"14","BARRIO_MAY":"PAVONES","COD_DISBAR":"141","NUM_BAR":"1","BARRIO_MT":"PAVONES","COD_DISB":"14-1","AREA":1009652.25747},"geometry":{"type":"Polygon","coordinates":[[[-3.63428655,40.40375753],[-3.63225649,40.40379753],[-3.63157648,40.40380753],[-3.62923641,40.40382753],[-3.62819638,40.40383753],[-3.62810638,40.40382753],[-3.62801638,40.40380753],[-3.62800638,40.40380753],[-3.62791638,40.40377753],[-3.62786638,40.40374753],[-3.62786638,40.40374753],[-3.62762637,40.40394753],[-3.62725636,40.40421754],[-3.62698635,40.40437755],[-3.62694635,40.40434754],[-3.62687635,40.40430754],[-3.62672634,40.40420754],[-3.62621633,40.40395753],[-3.62526631,40.40363752],[-3.62544631,40.40331751],[-3.62566632,40.4028675],[-3.62591632,40.40227748],[-3.62610633,40.40176747],[-3.62624633,40.40131745],[-3.62640634,40.40074744],[-3.62660634,40.39987741],[-3.62679635,40.39902738],[-3.62688635,40.39859737],[-3.62707635,40.39794735],[-3.62729636,40.39730733],[-3.62749637,40.39682732],[-3.62771637,40.3963373],[-3.62797638,40.39580729],[-3.62978643,40.39256719],[-3.6326165,40.39325721],[-3.63901668,40.39460725],[-3.63946669,40.39469725],[-3.6399767,40.39479726],[-3.63968669,40.39560728],[-3.63851666,40.39743734],[-3.63795665,40.39827736],[-3.6361666,40.40095744],[-3.63485656,40.4028875],[-3.63429655,40.40374753],[-3.63428655,40.40375753]]]}},{"type":"Feature","properties":{"CODDIS":"14","NOMDIS":"Moratalaz","COD_BAR":"142","NOMBRE":"Horcajo","COD_DIS_TX":"14","BARRIO_MAY":"HORCAJO","COD_DISBAR":"142","NUM_BAR":"2","BARRIO_MT":"HORCAJO","COD_DISB":"14-2","AREA":745945.383543},"geometry":{"type":"Polygon","coordinates":[[[-3.62758637,40.41437785],[-3.62669634,40.41406784],[-3.62564632,40.41370783],[-3.6250763,40.41353782],[-3.62423628,40.41334782],[-3.62330625,40.41318781],[-3.62247623,40.41310781],[-3.62215622,40.41308781],[-3.62180621,40.41307781],[-3.6213662,40.41306781],[-3.62035617,40.41308781],[-3.62393627,40.4062176],[-3.62395627,40.4061876],[-3.62526631,40.40365752],[-3.62621633,40.40395753],[-3.62672634,40.40420754],[-3.62687635,40.40430754],[-3.62694635,40.40434754],[-3.62698635,40.40437755],[-3.62725636,40.40421754],[-3.62762637,40.40394753],[-3.62786638,40.40374753],[-3.62786638,40.40374753],[-3.62791638,40.40377753],[-3.62800638,40.40380753],[-3.62801638,40.40380753],[-3.62810638,40.40382753],[-3.62819638,40.40383753],[-3.62923641,40.40382753],[-3.63157648,40.40380753],[-3.63225649,40.40379753],[-3.63428655,40.40375753],[-3.63389654,40.40436755],[-3.63365653,40.40471756],[-3.63347653,40.40495756],[-3.63326652,40.40521757],[-3.63308652,40.40541758],[-3.63282651,40.40568759],[-3.6324765,40.4060676],[-3.63217649,40.40643761],[-3.63170648,40.40703763],[-3.63126647,40.40762764],[-3.63042644,40.40917769],[-3.62969642,40.41051773],[-3.62758637,40.41437785]]]}},{"type":"Feature","properties":{"CODDIS":"14","NOMDIS":"Moratalaz","COD_BAR":"143","NOMBRE":"Marroquina","COD_DIS_TX":"14","BARRIO_MAY":"MARROQUINA","COD_DISBAR":"143","NUM_BAR":"3","BARRIO_MT":"MARROQUINA","COD_DISB":"14-3","AREA":1790110.55161},"geometry":{"type":"Polygon","coordinates":[[[-3.65013698,40.4160879],[-3.64772691,40.41535788],[-3.64647688,40.41504787],[-3.64608687,40.41497787],[-3.64541685,40.41484786],[-3.64410681,40.41463786],[-3.64288678,40.41449785],[-3.64094673,40.41440785],[-3.63908668,40.41444785],[-3.63753664,40.41457785],[-3.63490657,40.41494786],[-3.63450655,40.41500787],[-3.63380654,40.41510787],[-3.63343653,40.41512787],[-3.6324865,40.41517787],[-3.63189648,40.41516787],[-3.63189648,40.41516787],[-3.63144647,40.41515787],[-3.63066645,40.41508787],[-3.62993643,40.41498787],[-3.62903641,40.41479786],[-3.6286164,40.41467786],[-3.62805638,40.41451785],[-3.62759637,40.41436785],[-3.62969642,40.41051773],[-3.63042644,40.40917769],[-3.63126647,40.40762764],[-3.63170648,40.40703763],[-3.63217649,40.40643761],[-3.6324765,40.4060676],[-3.63282651,40.40568759],[-3.63308652,40.40541758],[-3.63326652,40.40521757],[-3.63347653,40.40495756],[-3.63365653,40.40471756],[-3.63389654,40.40436755],[-3.63428655,40.40375753],[-3.63471656,40.40375753],[-3.63516657,40.40375753],[-3.63549658,40.40376753],[-3.63582659,40.40379753],[-3.6361466,40.40385753],[-3.6363866,40.40391753],[-3.63664661,40.40399753],[-3.63718663,40.40423754],[-3.63763664,40.40452755],[-3.63819665,40.40499756],[-3.63849666,40.40532757],[-3.63870667,40.40558758],[-3.63902668,40.40599759],[-3.63927668,40.40591759],[-3.63939669,40.40587759],[-3.63943669,40.4062076],[-3.63953669,40.40702763],[-3.6397767,40.40752764],[-3.6400767,40.40816766],[-3.64021671,40.40846767],[-3.64024671,40.40852767],[-3.64062672,40.40911769],[-3.64063672,40.40912769],[-3.64091673,40.4094877],[-3.64115673,40.40973771],[-3.64123674,40.40982771],[-3.64170675,40.4095777],[-3.64324679,40.40895768],[-3.6437168,40.40876768],[-3.64583686,40.40790765],[-3.64774691,40.40709763],[-3.64782691,40.40706763],[-3.64906695,40.40654761],[-3.651037,40.40572759],[-3.65128701,40.4060876],[-3.65157701,40.40650761],[-3.65160702,40.40655761],[-3.65209703,40.40719763],[-3.65252704,40.40779765],[-3.65278705,40.40822766],[-3.65303705,40.40868768],[-3.65306705,40.40875768],[-3.65308706,40.40883768],[-3.65308706,40.40890768],[-3.65304705,40.40903769],[-3.65256704,40.41021772],[-3.65255704,40.41023772],[-3.65248704,40.41038773],[-3.65238704,40.41060773],[-3.65168702,40.41228778],[-3.65231703,40.41225778],[-3.65297705,40.41224778],[-3.65306705,40.41224778],[-3.65317706,40.41224778],[-3.65338706,40.41225778],[-3.65354707,40.41227778],[-3.65357707,40.41228778],[-3.65367707,40.41230778],[-3.65380707,40.41233779],[-3.65394708,40.41236779],[-3.65287705,40.41333782],[-3.65278705,40.41342782],[-3.65156701,40.41457785],[-3.65039698,40.41569789],[-3.65026698,40.41584789],[-3.65013698,40.4161079],[-3.65013698,40.4160879]]]}},{"type":"Feature","properties":{"CODDIS":"14","NOMDIS":"Moratalaz","COD_BAR":"144","NOMBRE":"Media Legua","COD_DIS_TX":"14","BARRIO_MAY":"MEDIA LEGUA","COD_DISBAR":"144","NUM_BAR":"4","BARRIO_MT":"MEDIA LEGUA","COD_DISB":"14-4","AREA":998967.777784},"geometry":{"type":"Polygon","coordinates":[[[-3.65013698,40.4161079],[-3.65026698,40.41584789],[-3.65039698,40.41569789],[-3.65156701,40.41457785],[-3.65278705,40.41342782],[-3.65287705,40.41333782],[-3.65394708,40.41236779],[-3.65380707,40.41233779],[-3.65367707,40.41230778],[-3.65357707,40.41228778],[-3.65354707,40.41227778],[-3.65338706,40.41225778],[-3.65317706,40.41224778],[-3.65306705,40.41224778],[-3.65297705,40.41224778],[-3.65231703,40.41225778],[-3.65168702,40.41228778],[-3.65238704,40.41060773],[-3.65248704,40.41038773],[-3.65255704,40.41023772],[-3.65256704,40.41021772],[-3.65304705,40.40903769],[-3.65308706,40.40890768],[-3.65308706,40.40883768],[-3.65306705,40.40875768],[-3.65303705,40.40868768],[-3.65278705,40.40822766],[-3.65252704,40.40779765],[-3.65209703,40.40719763],[-3.65160702,40.40655761],[-3.65157701,40.40650761],[-3.65128701,40.4060876],[-3.651037,40.40572759],[-3.65124701,40.40566758],[-3.65133701,40.40564758],[-3.65159702,40.40562758],[-3.65181702,40.40561758],[-3.65184702,40.40561758],[-3.65196703,40.40561758],[-3.65245704,40.40561758],[-3.65258704,40.40563758],[-3.65312706,40.40570759],[-3.65364707,40.40579759],[-3.65387708,40.40585759],[-3.65409708,40.40590759],[-3.6546871,40.4060576],[-3.65505711,40.4061776],[-3.65512711,40.4061976],[-3.65517711,40.4062176],[-3.65534712,40.4062776],[-3.65569713,40.40638761],[-3.65629714,40.40656761],[-3.65669715,40.40664761],[-3.65697716,40.40670762],[-3.65766718,40.40682762],[-3.6584272,40.40701763],[-3.65899721,40.40718763],[-3.65943723,40.40729763],[-3.66049726,40.40755764],[-3.6619873,40.40795765],[-3.66408735,40.40852767],[-3.66376734,40.40917769],[-3.66339733,40.40990771],[-3.66292732,40.41096774],[-3.66292732,40.41096774],[-3.66254731,40.41157776],[-3.66249731,40.41164777],[-3.66148728,40.41324781],[-3.66116727,40.41376783],[-3.66105727,40.41393783],[-3.66058726,40.41469786],[-3.65944723,40.41654791],[-3.65897721,40.41744794],[-3.65869721,40.41867798],[-3.65629714,40.41805796],[-3.65401708,40.41745794],[-3.65013698,40.4160979],[-3.65013698,40.4161079]]]}},{"type":"Feature","properties":{"CODDIS":"14","NOMDIS":"Moratalaz","COD_BAR":"145","NOMBRE":"Fontarrón","COD_DIS_TX":"14","BARRIO_MAY":"FONTARRON","COD_DISBAR":"145","NUM_BAR":"5","BARRIO_MT":"FONTARRÓN","COD_DISB":"14-5","AREA":964573.767321},"geometry":{"type":"Polygon","coordinates":[[[-3.66408735,40.40852767],[-3.6619873,40.40795765],[-3.66049726,40.40755764],[-3.65943723,40.40729763],[-3.65899721,40.40718763],[-3.6584272,40.40701763],[-3.65766718,40.40682762],[-3.65697716,40.40670762],[-3.65669715,40.40664761],[-3.65629714,40.40656761],[-3.65569713,40.40638761],[-3.65534712,40.4062776],[-3.65517711,40.4062176],[-3.65512711,40.4061976],[-3.65505711,40.4061776],[-3.6546871,40.4060576],[-3.65409708,40.40590759],[-3.65387708,40.40585759],[-3.65364707,40.40579759],[-3.65312706,40.40570759],[-3.65258704,40.40563758],[-3.65245704,40.40561758],[-3.65196703,40.40561758],[-3.65184702,40.40561758],[-3.65181702,40.40561758],[-3.65159702,40.40562758],[-3.65133701,40.40564758],[-3.65124701,40.40566758],[-3.651037,40.40572759],[-3.65083699,40.40536758],[-3.65057699,40.40522757],[-3.64951696,40.40474756],[-3.64916695,40.40458755],[-3.64832693,40.40420754],[-3.64826693,40.40417754],[-3.64813692,40.40412754],[-3.64806692,40.40409754],[-3.64780691,40.40397753],[-3.64775691,40.40395753],[-3.64754691,40.40388753],[-3.6474869,40.40386753],[-3.64709689,40.40374753],[-3.64667688,40.40366752],[-3.64633687,40.40363752],[-3.64441682,40.40357752],[-3.64435682,40.40351752],[-3.64423682,40.40342752],[-3.64385681,40.40327751],[-3.64317679,40.4030175],[-3.64281678,40.4028675],[-3.64223676,40.40266749],[-3.64178675,40.40258749],[-3.64127674,40.40255749],[-3.64088673,40.40256749],[-3.64052672,40.40256749],[-3.64025671,40.40253749],[-3.64010671,40.40250749],[-3.6400067,40.40248749],[-3.63960669,40.40235748],[-3.63960669,40.40235748],[-3.63894667,40.40208748],[-3.63848666,40.40188747],[-3.63779664,40.40160746],[-3.63648661,40.40106745],[-3.6361766,40.40096744],[-3.63795665,40.39827736],[-3.63851666,40.39743734],[-3.63968669,40.39560728],[-3.6399767,40.39479726],[-3.64227676,40.39534727],[-3.64262677,40.39544728],[-3.64309679,40.39562728],[-3.64340679,40.39576729],[-3.6437568,40.39593729],[-3.64428682,40.3962073],[-3.64490683,40.39662731],[-3.64490683,40.39662731],[-3.64543685,40.39707733],[-3.64543685,40.39707733],[-3.64705689,40.39853737],[-3.64890694,40.40031742],[-3.65131701,40.40239749],[-3.65295705,40.40371753],[-3.65295705,40.40371753],[-3.65400708,40.40455755],[-3.65441709,40.40479756],[-3.6548471,40.40503757],[-3.65531712,40.40522757],[-3.65580713,40.40542758],[-3.65595713,40.40548758],[-3.65610714,40.40554758],[-3.65641715,40.40563758],[-3.65670715,40.40569759],[-3.65736717,40.40577759],[-3.65776718,40.40580759],[-3.6585472,40.40587759],[-3.65866721,40.40588759],[-3.65887721,40.40589759],[-3.66520738,40.4063376],[-3.66515738,40.40645761],[-3.66409735,40.40852767],[-3.66408735,40.40852767]]]}},{"type":"Feature","properties":{"CODDIS":"14","NOMDIS":"Moratalaz","COD_BAR":"146","NOMBRE":"Vinateros","COD_DIS_TX":"14","BARRIO_MAY":"VINATEROS","COD_DISBAR":"146","NUM_BAR":"6","BARRIO_MT":"VINATEROS","COD_DISB":"14-6","AREA":593918.01657},"geometry":{"type":"Polygon","coordinates":[[[-3.651037,40.40572759],[-3.64906695,40.40654761],[-3.64782691,40.40706763],[-3.64774691,40.40709763],[-3.64583686,40.40790765],[-3.6437168,40.40876768],[-3.64324679,40.40895768],[-3.64170675,40.4095777],[-3.64123674,40.40982771],[-3.64115673,40.40973771],[-3.64091673,40.4094877],[-3.64063672,40.40912769],[-3.64062672,40.40911769],[-3.64024671,40.40852767],[-3.64021671,40.40846767],[-3.6400767,40.40816766],[-3.6397767,40.40752764],[-3.63953669,40.40702763],[-3.63943669,40.4062076],[-3.63939669,40.40587759],[-3.63927668,40.40591759],[-3.63902668,40.40599759],[-3.63870667,40.40558758],[-3.63849666,40.40532757],[-3.63819665,40.40499756],[-3.63763664,40.40452755],[-3.63718663,40.40423754],[-3.63664661,40.40399753],[-3.6363866,40.40391753],[-3.6361466,40.40385753],[-3.63582659,40.40379753],[-3.63549658,40.40376753],[-3.63516657,40.40375753],[-3.63471656,40.40375753],[-3.63428655,40.40375753],[-3.63485656,40.4028875],[-3.6361666,40.40095744],[-3.63648661,40.40106745],[-3.63779664,40.40160746],[-3.63848666,40.40188747],[-3.63894667,40.40208748],[-3.63960669,40.40235748],[-3.63960669,40.40235748],[-3.6400067,40.40248749],[-3.64010671,40.40250749],[-3.64025671,40.40253749],[-3.64052672,40.40256749],[-3.64088673,40.40256749],[-3.64127674,40.40255749],[-3.64178675,40.40258749],[-3.64223676,40.40266749],[-3.64281678,40.4028675],[-3.64317679,40.4030175],[-3.64385681,40.40327751],[-3.64423682,40.40342752],[-3.64435682,40.40351752],[-3.64441682,40.40357752],[-3.64633687,40.40363752],[-3.64667688,40.40366752],[-3.64709689,40.40374753],[-3.6474869,40.40386753],[-3.64754691,40.40388753],[-3.64775691,40.40395753],[-3.64780691,40.40397753],[-3.64806692,40.40409754],[-3.64813692,40.40412754],[-3.64826693,40.40417754],[-3.64832693,40.40420754],[-3.64916695,40.40458755],[-3.64951696,40.40474756],[-3.65057699,40.40522757],[-3.65083699,40.40536758],[-3.651037,40.40572759]]]}},{"type":"Feature","properties":{"CODDIS":"15","NOMDIS":"Ciudad Lineal","COD_BAR":"151","NOMBRE":"Ventas","COD_DIS_TX":"15","BARRIO_MAY":"VENTAS","COD_DISBAR":"151","NUM_BAR":"1","BARRIO_MT":"VENTAS","COD_DISB":"15-1","AREA":3198035.19394},"geometry":{"type":"Polygon","coordinates":[[[-3.64823692,40.43311841],[-3.64615687,40.43040833],[-3.64611687,40.43020833],[-3.64577686,40.42851827],[-3.64555685,40.42740824],[-3.64557685,40.42727824],[-3.64568686,40.42656822],[-3.63957669,40.42324812],[-3.63893667,40.4228981],[-3.63570659,40.42116805],[-3.63469656,40.42061804],[-3.63081645,40.41851797],[-3.62992643,40.41801796],[-3.62812638,40.41676792],[-3.62776637,40.41654791],[-3.62679635,40.41585789],[-3.62760637,40.41437785],[-3.62805638,40.41451785],[-3.6286164,40.41467786],[-3.62903641,40.41479786],[-3.62993643,40.41498787],[-3.63066645,40.41508787],[-3.63144647,40.41515787],[-3.63189648,40.41516787],[-3.63189648,40.41516787],[-3.6324865,40.41517787],[-3.63343653,40.41512787],[-3.63380654,40.41510787],[-3.63450655,40.41500787],[-3.63490657,40.41494786],[-3.63753664,40.41457785],[-3.63908668,40.41444785],[-3.64094673,40.41440785],[-3.64288678,40.41449785],[-3.64410681,40.41463786],[-3.64541685,40.41484786],[-3.64608687,40.41497787],[-3.64647688,40.41504787],[-3.64772691,40.41535788],[-3.65013698,40.4160879],[-3.65401708,40.41745794],[-3.65629714,40.41805796],[-3.65869721,40.41867798],[-3.65914722,40.42145806],[-3.65953723,40.42382813],[-3.65964723,40.42450815],[-3.66010724,40.42693823],[-3.66058726,40.4294583],[-3.66080726,40.43141836],[-3.65973723,40.43153837],[-3.65707716,40.43188838],[-3.65691716,40.43190838],[-3.65535712,40.43210838],[-3.65501711,40.43216838],[-3.65415708,40.43227839],[-3.65327706,40.43239839],[-3.65240704,40.4325184],[-3.65222703,40.4325484],[-3.65030698,40.4328284],[-3.64880694,40.43303841],[-3.64864694,40.43305841],[-3.64822692,40.43312841],[-3.64823692,40.43311841]]]}},{"type":"Feature","properties":{"CODDIS":"15","NOMDIS":"Ciudad Lineal","COD_BAR":"152","NOMBRE":"Pueblo Nuevo","COD_DIS_TX":"15","BARRIO_MAY":"PUEBLO NUEVO","COD_DISBAR":"152","NUM_BAR":"2","BARRIO_MT":"PUEBLO NUEVO","COD_DISB":"15-2","AREA":2319216.83792},"geometry":{"type":"Polygon","coordinates":[[[-3.62035617,40.41308781],[-3.6213662,40.41306781],[-3.62180621,40.41307781],[-3.62215622,40.41308781],[-3.62247623,40.41310781],[-3.62330625,40.41318781],[-3.62423628,40.41334782],[-3.6250763,40.41353782],[-3.62564632,40.41370783],[-3.62669634,40.41406784],[-3.62758637,40.41437785],[-3.62679635,40.41585789],[-3.62776637,40.41654791],[-3.62812638,40.41676792],[-3.62992643,40.41801796],[-3.63081645,40.41851797],[-3.63469656,40.42061804],[-3.63570659,40.42116805],[-3.63893667,40.4228981],[-3.63957669,40.42324812],[-3.64568686,40.42656822],[-3.64557685,40.42727824],[-3.64555685,40.42740824],[-3.64577686,40.42851827],[-3.64611687,40.43020833],[-3.64615687,40.43040833],[-3.64823692,40.43311841],[-3.64769691,40.43331842],[-3.6471969,40.43353843],[-3.64633687,40.43396844],[-3.64556685,40.43433845],[-3.64542685,40.43440845],[-3.64493684,40.43463846],[-3.64417681,40.43500847],[-3.64277678,40.43568849],[-3.64127674,40.43641851],[-3.64024671,40.43691853],[-3.6399467,40.43706853],[-3.63947669,40.43730854],[-3.63802665,40.43788856],[-3.63656661,40.4358685],[-3.63568659,40.43464846],[-3.63516657,40.43395844],[-3.63485656,40.43351843],[-3.63444655,40.43293841],[-3.63392654,40.43221839],[-3.63384654,40.43210838],[-3.63371653,40.43191838],[-3.63308652,40.43102835],[-3.6323765,40.43005832],[-3.63211649,40.42970831],[-3.63203649,40.42959831],[-3.63165648,40.42907829],[-3.63128647,40.42855828],[-3.63071645,40.42775825],[-3.63007643,40.42686822],[-3.62953642,40.4261582],[-3.62941642,40.4259782],[-3.62842639,40.42446815],[-3.62741636,40.42324812],[-3.62659634,40.42211808],[-3.62616633,40.42151806],[-3.62540631,40.42045803],[-3.62457629,40.419328],[-3.62446628,40.41916799],[-3.62430628,40.41895799],[-3.62417628,40.41876798],[-3.62411627,40.41867798],[-3.62385627,40.41823796],[-3.62283624,40.41687792],[-3.62233623,40.4161579],[-3.62211622,40.41585789],[-3.62190621,40.41553788],[-3.62163621,40.41516787],[-3.6213762,40.41479786],[-3.62037617,40.41309781],[-3.62035617,40.41308781]]]}},{"type":"Feature","properties":{"CODDIS":"15","NOMDIS":"Ciudad Lineal","COD_BAR":"153","NOMBRE":"Quintana","COD_DIS_TX":"15","BARRIO_MAY":"QUINTANA","COD_DISBAR":"153","NUM_BAR":"3","BARRIO_MT":"QUINTANA","COD_DISB":"15-3","AREA":723117.480726},"geometry":{"type":"Polygon","coordinates":[[[-3.63802665,40.43788856],[-3.63947669,40.43730854],[-3.6399467,40.43706853],[-3.64024671,40.43691853],[-3.64127674,40.43641851],[-3.64277678,40.43568849],[-3.64417681,40.43500847],[-3.64493684,40.43463846],[-3.64542685,40.43440845],[-3.64556685,40.43433845],[-3.64633687,40.43396844],[-3.6471969,40.43353843],[-3.64769691,40.43331842],[-3.64823692,40.43311841],[-3.64864694,40.43305841],[-3.64880694,40.43303841],[-3.65030698,40.4328284],[-3.65222703,40.4325484],[-3.65240704,40.4325184],[-3.65327706,40.43239839],[-3.65415708,40.43227839],[-3.65501711,40.43216838],[-3.65537712,40.43211838],[-3.65544712,40.43241839],[-3.65564712,40.43324842],[-3.65589713,40.43423845],[-3.65588713,40.43425845],[-3.65581713,40.43455846],[-3.65494711,40.43448845],[-3.65341706,40.43468846],[-3.65203703,40.43536848],[-3.65082699,40.4359685],[-3.64969696,40.43650852],[-3.64844693,40.43710853],[-3.64655688,40.43801856],[-3.64599686,40.4393686],[-3.64466683,40.43992862],[-3.64443682,40.44002862],[-3.64338679,40.44046864],[-3.64318679,40.44055864],[-3.64070672,40.44162867],[-3.6399467,40.44193868],[-3.63836666,40.4425887],[-3.63751664,40.44141866],[-3.63730663,40.44112866],[-3.63657661,40.44012862],[-3.63545658,40.43857858],[-3.63802665,40.43788856]]]}},{"type":"Feature","properties":{"CODDIS":"15","NOMDIS":"Ciudad Lineal","COD_BAR":"154","NOMBRE":"La Concepción","COD_DIS_TX":"15","BARRIO_MAY":"LA CONCEPCION","COD_DISBAR":"154","NUM_BAR":"4","BARRIO_MT":"LA CONCEPCIÓN","COD_DISB":"15-4","AREA":885910.782203},"geometry":{"type":"Polygon","coordinates":[[[-3.63836666,40.4425887],[-3.6399467,40.44193868],[-3.64070672,40.44162867],[-3.64318679,40.44055864],[-3.64338679,40.44046864],[-3.64443682,40.44002862],[-3.64466683,40.43992862],[-3.64599686,40.4393686],[-3.64655688,40.43801856],[-3.64844693,40.43710853],[-3.64969696,40.43650852],[-3.65082699,40.4359685],[-3.65203703,40.43536848],[-3.65341706,40.43468846],[-3.65494711,40.43448845],[-3.65581713,40.43455846],[-3.65588713,40.43425845],[-3.65589713,40.43423845],[-3.65564712,40.43324842],[-3.65544712,40.43241839],[-3.65537712,40.43211838],[-3.65691716,40.43190838],[-3.65707716,40.43188838],[-3.65973723,40.43153837],[-3.66080726,40.43141836],[-3.66017725,40.43392844],[-3.66000724,40.43464846],[-3.65989724,40.43510847],[-3.65981724,40.43557849],[-3.65970723,40.43623851],[-3.65968723,40.43638851],[-3.65770718,40.4361485],[-3.65639714,40.4359785],[-3.65497711,40.43680852],[-3.65450709,40.43660852],[-3.65432709,40.43709853],[-3.65399708,40.43798856],[-3.65384708,40.43807856],[-3.65182702,40.43905859],[-3.651117,40.4394086],[-3.65069699,40.43960861],[-3.65042698,40.43976861],[-3.65000697,40.44001862],[-3.64996697,40.44003862],[-3.64988697,40.44007862],[-3.64977697,40.44039863],[-3.64942696,40.44140866],[-3.64848693,40.44243869],[-3.64772691,40.44341872],[-3.64708689,40.44418875],[-3.64488683,40.44690883],[-3.64312679,40.4460688],[-3.64047672,40.44477877],[-3.64022671,40.44461876],[-3.6400167,40.44444876],[-3.63972669,40.44419875],[-3.63945669,40.44392874],[-3.63917668,40.44365873],[-3.63899668,40.44341872],[-3.63836666,40.4425687],[-3.63836666,40.4425887]]]}},{"type":"Feature","properties":{"CODDIS":"15","NOMDIS":"Ciudad Lineal","COD_BAR":"155","NOMBRE":"San Pascual","COD_DIS_TX":"15","BARRIO_MAY":"SAN PASCUAL","COD_DISBAR":"155","NUM_BAR":"5","BARRIO_MT":"SAN PASCUAL","COD_DISB":"15-5","AREA":1052724.61182},"geometry":{"type":"Polygon","coordinates":[[[-3.64488683,40.44690883],[-3.64708689,40.44418875],[-3.64772691,40.44341872],[-3.64848693,40.44243869],[-3.64942696,40.44140866],[-3.64977697,40.44039863],[-3.64988697,40.44007862],[-3.64996697,40.44003862],[-3.65000697,40.44001862],[-3.65042698,40.43976861],[-3.65069699,40.43960861],[-3.651117,40.4394086],[-3.65182702,40.43905859],[-3.65384708,40.43807856],[-3.65399708,40.43798856],[-3.65432709,40.43709853],[-3.65450709,40.43660852],[-3.65497711,40.43680852],[-3.65639714,40.4359785],[-3.65770718,40.4361485],[-3.65968723,40.43638851],[-3.65958723,40.43691853],[-3.65957723,40.43697853],[-3.65938723,40.43826857],[-3.65928722,40.43892859],[-3.65927722,40.4392386],[-3.65921722,40.44049864],[-3.65922722,40.44067864],[-3.65923722,40.44082865],[-3.65930722,40.44173867],[-3.65934722,40.44213869],[-3.65947723,40.4426287],[-3.65974723,40.44328872],[-3.66011724,40.44394874],[-3.66059726,40.44460876],[-3.65681716,40.4459188],[-3.65585713,40.44624881],[-3.65284705,40.44745885],[-3.64810692,40.44945891],[-3.6474469,40.44856888],[-3.64647688,40.44768885],[-3.64490683,40.44690883],[-3.64488683,40.44690883]]]}},{"type":"Feature","properties":{"CODDIS":"15","NOMDIS":"Ciudad Lineal","COD_BAR":"156","NOMBRE":"San Juan Bautista","COD_DIS_TX":"15","BARRIO_MAY":"SAN JUAN BAUTISTA","COD_DISBAR":"156","NUM_BAR":"6","BARRIO_MT":"SAN JUAN BAUTISTA","COD_DISB":"15-6","AREA":1010844.21171},"geometry":{"type":"Polygon","coordinates":[[[-3.64810692,40.44945891],[-3.65284705,40.44745885],[-3.65585713,40.44624881],[-3.65681716,40.4459188],[-3.66059726,40.44460876],[-3.66119727,40.44566879],[-3.66147728,40.44637881],[-3.66168729,40.44697883],[-3.66188729,40.44766885],[-3.6621573,40.44845888],[-3.6622973,40.44893889],[-3.6623373,40.4490889],[-3.66257731,40.45012893],[-3.66283732,40.45135896],[-3.66289732,40.45171897],[-3.66312733,40.45315902],[-3.66069726,40.45378904],[-3.65866721,40.45471907],[-3.65642715,40.4558391],[-3.65420709,40.45690913],[-3.65286705,40.45544909],[-3.65130701,40.45370903],[-3.65007697,40.45207899],[-3.64998697,40.45203898],[-3.64992697,40.45194898],[-3.64965696,40.45159897],[-3.64965696,40.45159897],[-3.64931695,40.45114896],[-3.64810692,40.44945891]]]}},{"type":"Feature","properties":{"CODDIS":"15","NOMDIS":"Ciudad Lineal","COD_BAR":"157","NOMBRE":"Colina","COD_DIS_TX":"15","BARRIO_MAY":"COLINA","COD_DISBAR":"157","NUM_BAR":"7","BARRIO_MT":"COLINA","COD_DISB":"15-7","AREA":559699.357702},"geometry":{"type":"Polygon","coordinates":[[[-3.65420709,40.45690913],[-3.65642715,40.4558391],[-3.65866721,40.45471907],[-3.66069726,40.45378904],[-3.66312733,40.45315902],[-3.66328733,40.45429905],[-3.66340733,40.45507908],[-3.66379734,40.45680913],[-3.66434736,40.45852918],[-3.66484737,40.45981922],[-3.66493737,40.46002923],[-3.66455736,40.46018923],[-3.66422736,40.46033924],[-3.66380734,40.46055924],[-3.66343733,40.46080925],[-3.66287732,40.46127926],[-3.66372734,40.46187928],[-3.6620473,40.46335933],[-3.66042725,40.46225929],[-3.66033725,40.46219929],[-3.65628714,40.45943921],[-3.65625714,40.45934921],[-3.65587713,40.45890919],[-3.65545712,40.45837918],[-3.65514711,40.45801917],[-3.65420709,40.45692913],[-3.65420709,40.45690913]]]}},{"type":"Feature","properties":{"CODDIS":"15","NOMDIS":"Ciudad Lineal","COD_BAR":"158","NOMBRE":"Atalaya","COD_DIS_TX":"15","BARRIO_MAY":"ATALAYA","COD_DISBAR":"158","NUM_BAR":"8","BARRIO_MT":"ATALAYA","COD_DISB":"15-8","AREA":248882.861747},"geometry":{"type":"Polygon","coordinates":[[[-3.66344733,40.46747945],[-3.66293732,40.4656694],[-3.66248731,40.46405935],[-3.6620373,40.46336933],[-3.66372734,40.46187928],[-3.66287732,40.46127926],[-3.66343733,40.46080925],[-3.66380734,40.46055924],[-3.66422736,40.46033924],[-3.66455736,40.46018923],[-3.66493737,40.46002923],[-3.66771745,40.46537939],[-3.66822746,40.46635942],[-3.66840747,40.46669943],[-3.66450736,40.46730945],[-3.66344733,40.46746945],[-3.66344733,40.46747945]]]}},{"type":"Feature","properties":{"CODDIS":"15","NOMDIS":"Ciudad Lineal","COD_BAR":"159","NOMBRE":"Costillares","COD_DIS_TX":"15","BARRIO_MAY":"COSTILLARES","COD_DISBAR":"159","NUM_BAR":"9","BARRIO_MT":"COSTILLARES","COD_DISB":"15-9","AREA":1427246.62166},"geometry":{"type":"Polygon","coordinates":[[[-3.66344733,40.46746945],[-3.66450736,40.46730945],[-3.66840747,40.46669943],[-3.67108754,40.47027954],[-3.67197756,40.47144957],[-3.6732276,40.47308962],[-3.67354761,40.47376964],[-3.67372761,40.47415965],[-3.67406762,40.47516968],[-3.67416762,40.47546969],[-3.67420762,40.4755997],[-3.67431763,40.47612971],[-3.67434763,40.47642972],[-3.67434763,40.47642972],[-3.67436763,40.47661973],[-3.67440763,40.47721974],[-3.67441763,40.47779976],[-3.67438763,40.47819977],[-3.67437763,40.47836978],[-3.67434763,40.47874979],[-3.67421763,40.47938981],[-3.67418762,40.47957982],[-3.67415762,40.47976982],[-3.67406762,40.48024984],[-3.67402762,40.48043984],[-3.67386762,40.48120987],[-3.67369761,40.48205989],[-3.67366761,40.4821999],[-3.67363761,40.4824599],[-3.67360761,40.48270991],[-3.67351761,40.48341993],[-3.6734576,40.48405995],[-3.67133755,40.48413995],[-3.67107754,40.48414995],[-3.67025752,40.48418996],[-3.66903749,40.48418996],[-3.66720744,40.48410995],[-3.66626741,40.48399995],[-3.66611741,40.48397995],[-3.66472737,40.48376994],[-3.66469737,40.48376994],[-3.66400735,40.48366994],[-3.66372734,40.48362994],[-3.65934722,40.48291992],[-3.65958723,40.48278991],[-3.66100727,40.48209989],[-3.66117727,40.48199989],[-3.66341733,40.47983982],[-3.66486737,40.47836978],[-3.66521738,40.47795977],[-3.66551739,40.47747975],[-3.66551739,40.47747975],[-3.66562739,40.47714974],[-3.66565739,40.47704974],[-3.6657374,40.47678973],[-3.6657074,40.47635972],[-3.66552739,40.47533969],[-3.66540739,40.47480967],[-3.66539739,40.47478967],[-3.66538739,40.47475967],[-3.66511738,40.47379964],[-3.66460737,40.47194959],[-3.66341733,40.46747945],[-3.66344733,40.46746945]]]}},{"type":"Feature","properties":{"CODDIS":"16","NOMDIS":"Hortaleza","COD_BAR":"161","NOMBRE":"Palomas","COD_DIS_TX":"16","BARRIO_MAY":"PALOMAS","COD_DISBAR":"161","NUM_BAR":"1","BARRIO_MT":"PALOMAS","COD_DISB":"16-1","AREA":1068837.50026},"geometry":{"type":"Polygon","coordinates":[[[-3.61738609,40.45814917],[-3.613896,40.45615911],[-3.61233596,40.45528908],[-3.60897587,40.45421905],[-3.60771583,40.45387904],[-3.6066258,40.45349903],[-3.60618579,40.45327902],[-3.60570578,40.45297901],[-3.60543577,40.45275901],[-3.60541577,40.45277901],[-3.60540577,40.45276901],[-3.60526577,40.452659],[-3.60518576,40.452589],[-3.60508576,40.452489],[-3.60497576,40.45237899],[-3.60488576,40.45228899],[-3.60477575,40.45216899],[-3.60467575,40.45203898],[-3.60459575,40.45191898],[-3.60453575,40.45182898],[-3.60449574,40.45175898],[-3.60530577,40.45122896],[-3.60623579,40.45061894],[-3.60686581,40.45020893],[-3.60698581,40.45013893],[-3.60703581,40.45010893],[-3.60776583,40.44966891],[-3.60907587,40.44968891],[-3.61478602,40.44970891],[-3.61666607,40.44969891],[-3.61992616,40.44968891],[-3.62230623,40.44966891],[-3.62628633,40.44951891],[-3.62629633,40.44958891],[-3.62663634,40.45192898],[-3.62656634,40.452389],[-3.62642634,40.452689],[-3.62619633,40.45295901],[-3.62582632,40.45322902],[-3.62551631,40.45339903],[-3.62266623,40.45443906],[-3.62238623,40.45453906],[-3.6214462,40.45487907],[-3.62044618,40.45524908],[-3.62013617,40.45538909],[-3.61974616,40.45560909],[-3.61948615,40.4557791],[-3.61928614,40.4559191],[-3.61879613,40.45636912],[-3.61850612,40.45672913],[-3.61846612,40.45677913],[-3.61802611,40.45732914],[-3.6176561,40.45778916],[-3.61737609,40.45813917],[-3.61738609,40.45814917]]]}},{"type":"Feature","properties":{"CODDIS":"16","NOMDIS":"Hortaleza","COD_BAR":"162","NOMBRE":"Piovera","COD_DIS_TX":"16","BARRIO_MAY":"PIOVERA","COD_DISBAR":"162","NUM_BAR":"2","BARRIO_MT":"PIOVERA","COD_DISB":"16-2","AREA":3139650.4194},"geometry":{"type":"Polygon","coordinates":[[[-3.65420709,40.45691913],[-3.65390708,40.45699913],[-3.65360707,40.45706914],[-3.65323706,40.45710914],[-3.65250704,40.45714914],[-3.64919695,40.45713914],[-3.64768691,40.45710914],[-3.64448682,40.45723914],[-3.64421682,40.45746915],[-3.64401681,40.45763915],[-3.6437668,40.45798916],[-3.64324679,40.45866918],[-3.64254677,40.45948921],[-3.64208676,40.45998922],[-3.64186675,40.46022923],[-3.64167675,40.46041924],[-3.64146674,40.46058924],[-3.63963669,40.46179928],[-3.63914668,40.46213929],[-3.63889667,40.46229929],[-3.63873667,40.4623793],[-3.63842666,40.4624893],[-3.63812665,40.4625693],[-3.63787665,40.4626293],[-3.63757664,40.46267931],[-3.63725663,40.46270931],[-3.6362266,40.46270931],[-3.63536658,40.46270931],[-3.63325652,40.46268931],[-3.62964642,40.46265931],[-3.62458629,40.4625993],[-3.62341626,40.46268931],[-3.62275624,40.46184928],[-3.62217622,40.46121926],[-3.6215162,40.46058924],[-3.62092619,40.46014923],[-3.62024617,40.45974922],[-3.61738609,40.45815917],[-3.6176561,40.45778916],[-3.61802611,40.45732914],[-3.61846612,40.45677913],[-3.61850612,40.45672913],[-3.61879613,40.45636912],[-3.61928614,40.4559191],[-3.61948615,40.4557791],[-3.61974616,40.45560909],[-3.62013617,40.45538909],[-3.62044618,40.45524908],[-3.6214462,40.45487907],[-3.62238623,40.45453906],[-3.62266623,40.45443906],[-3.62551631,40.45339903],[-3.62582632,40.45322902],[-3.62619633,40.45295901],[-3.62642634,40.452689],[-3.62656634,40.452389],[-3.62663634,40.45192898],[-3.62629633,40.44958891],[-3.62628633,40.44952891],[-3.62766637,40.44948891],[-3.62841639,40.44946891],[-3.62944642,40.44942891],[-3.63068645,40.4493889],[-3.63196649,40.4492489],[-3.63349653,40.44900889],[-3.63439655,40.44886889],[-3.63510657,40.44874889],[-3.63573659,40.44865888],[-3.6360966,40.44861888],[-3.63665661,40.44857888],[-3.63730663,40.44857888],[-3.63799665,40.44860888],[-3.6398367,40.44886889],[-3.64275678,40.4493389],[-3.64383681,40.44951891],[-3.64507684,40.44971891],[-3.64605687,40.44982892],[-3.64669688,40.44980892],[-3.6472769,40.44969891],[-3.64782691,40.44954891],[-3.64782691,40.44954891],[-3.64811692,40.44946891],[-3.64931695,40.45114896],[-3.64965696,40.45159897],[-3.64965696,40.45159897],[-3.64992697,40.45194898],[-3.64998697,40.45203898],[-3.65007697,40.45207899],[-3.65130701,40.45370903],[-3.65286705,40.45544909],[-3.65420709,40.45691913]]]}},{"type":"Feature","properties":{"CODDIS":"16","NOMDIS":"Hortaleza","COD_BAR":"163","NOMBRE":"Canillas","COD_DIS_TX":"16","BARRIO_MAY":"CANILLAS","COD_DISBAR":"163","NUM_BAR":"3","BARRIO_MT":"CANILLAS","COD_DISB":"16-3","AREA":2522508.53239},"geometry":{"type":"Polygon","coordinates":[[[-3.66033725,40.46218929],[-3.65916722,40.46320932],[-3.65916722,40.46341933],[-3.65918722,40.46357933],[-3.65922722,40.46370934],[-3.65931722,40.46387934],[-3.65944723,40.46411935],[-3.65953723,40.46424935],[-3.65780718,40.4657094],[-3.65755718,40.4658794],[-3.65739717,40.46596941],[-3.65698716,40.46617941],[-3.65655715,40.46637942],[-3.65614714,40.46651942],[-3.65574713,40.46663943],[-3.65533712,40.46672943],[-3.6548171,40.46681943],[-3.65409708,40.46689943],[-3.65279705,40.46704944],[-3.65237704,40.46708944],[-3.65180702,40.46715944],[-3.65128701,40.46722944],[-3.65084699,40.46728944],[-3.65058699,40.46733945],[-3.65019698,40.46743945],[-3.64871694,40.46782946],[-3.64578686,40.46859948],[-3.64409681,40.4690495],[-3.64251677,40.46946951],[-3.64185675,40.4690195],[-3.63881667,40.4689895],[-3.63820665,40.4689795],[-3.63796665,40.4689595],[-3.63693662,40.46885949],[-3.63411654,40.46857948],[-3.63391654,40.46858948],[-3.63371653,40.46861949],[-3.63357653,40.46864949],[-3.63335652,40.46870949],[-3.63319652,40.46875949],[-3.63305652,40.46878949],[-3.63298651,40.46879949],[-3.63293651,40.46888949],[-3.63121647,40.46871949],[-3.63012644,40.46860948],[-3.62943642,40.46849948],[-3.6286464,40.46834948],[-3.62797638,40.46845948],[-3.62767637,40.46812947],[-3.62341626,40.46266931],[-3.62458629,40.4625993],[-3.62964642,40.46265931],[-3.63325652,40.46268931],[-3.63536658,40.46270931],[-3.6362266,40.46270931],[-3.63725663,40.46270931],[-3.63757664,40.46267931],[-3.63787665,40.4626293],[-3.63812665,40.4625693],[-3.63842666,40.4624893],[-3.63873667,40.4623793],[-3.63889667,40.46229929],[-3.63914668,40.46213929],[-3.63963669,40.46179928],[-3.64146674,40.46058924],[-3.64167675,40.46041924],[-3.64186675,40.46022923],[-3.64208676,40.45998922],[-3.64254677,40.45948921],[-3.64324679,40.45866918],[-3.6437668,40.45798916],[-3.64401681,40.45763915],[-3.64421682,40.45746915],[-3.64448682,40.45723914],[-3.64768691,40.45710914],[-3.64919695,40.45713914],[-3.65250704,40.45714914],[-3.65323706,40.45710914],[-3.65360707,40.45706914],[-3.65390708,40.45699913],[-3.65420709,40.45691913],[-3.65514711,40.45801917],[-3.65545712,40.45837918],[-3.65587713,40.45890919],[-3.65625714,40.45934921],[-3.65628714,40.45943921],[-3.66033725,40.46218929]]]}},{"type":"Feature","properties":{"CODDIS":"16","NOMDIS":"Hortaleza","COD_BAR":"164","NOMBRE":"Pinar del Rey","COD_DIS_TX":"16","BARRIO_MAY":"PINAR DEL REY","COD_DISBAR":"164","NUM_BAR":"4","BARRIO_MT":"PINAR DEL REY","COD_DISB":"16-4","AREA":2664767.47583},"geometry":{"type":"Polygon","coordinates":[[[-3.65001697,40.48125987],[-3.64854693,40.48097986],[-3.64678689,40.48064985],[-3.64496684,40.48030984],[-3.64398681,40.48011983],[-3.64269678,40.47987983],[-3.64199676,40.47974982],[-3.64140674,40.47930981],[-3.6399167,40.47823978],[-3.63794665,40.47681973],[-3.63734663,40.47638972],[-3.63401654,40.47401965],[-3.63213649,40.4724796],[-3.63052645,40.47109956],[-3.62934642,40.46998953],[-3.6286764,40.46928951],[-3.62796638,40.46847948],[-3.6286464,40.46834948],[-3.62943642,40.46849948],[-3.63012644,40.46860948],[-3.63121647,40.46871949],[-3.63293651,40.46888949],[-3.63298651,40.46879949],[-3.63305652,40.46878949],[-3.63319652,40.46875949],[-3.63335652,40.46870949],[-3.63357653,40.46864949],[-3.63371653,40.46861949],[-3.63391654,40.46858948],[-3.63411654,40.46857948],[-3.63693662,40.46885949],[-3.63796665,40.4689595],[-3.63820665,40.4689795],[-3.63881667,40.4689895],[-3.64185675,40.4690195],[-3.64251677,40.46946951],[-3.64409681,40.4690495],[-3.64578686,40.46859948],[-3.64871694,40.46782946],[-3.65019698,40.46743945],[-3.65058699,40.46733945],[-3.65084699,40.46728944],[-3.65128701,40.46722944],[-3.65180702,40.46715944],[-3.65237704,40.46708944],[-3.65279705,40.46704944],[-3.65409708,40.46689943],[-3.6548171,40.46681943],[-3.65533712,40.46672943],[-3.65574713,40.46663943],[-3.65614714,40.46651942],[-3.65655715,40.46637942],[-3.65698716,40.46617941],[-3.65739717,40.46596941],[-3.65755718,40.4658794],[-3.65780718,40.4657094],[-3.65953723,40.46424935],[-3.65944723,40.46411935],[-3.65931722,40.46387934],[-3.65922722,40.46370934],[-3.65918722,40.46357933],[-3.65916722,40.46341933],[-3.65916722,40.46320932],[-3.66033725,40.46218929],[-3.66042725,40.46225929],[-3.6620373,40.46337933],[-3.66248731,40.46405935],[-3.66293732,40.4656694],[-3.66344733,40.46747945],[-3.66289732,40.46760945],[-3.66247731,40.46777946],[-3.6621273,40.46796947],[-3.66129728,40.46866949],[-3.6584772,40.47105956],[-3.6583572,40.47102956],[-3.65796719,40.47100956],[-3.65772718,40.47102956],[-3.65656715,40.47278961],[-3.65635714,40.47308962],[-3.65603713,40.47360964],[-3.65582713,40.47404965],[-3.65556712,40.47475967],[-3.65551712,40.47486967],[-3.65541712,40.47509968],[-3.65540712,40.47511968],[-3.65513711,40.47554969],[-3.65433709,40.47681973],[-3.65414708,40.47701974],[-3.65370707,40.47748975],[-3.65003697,40.48123987],[-3.65001697,40.48125987]]]}},{"type":"Feature","properties":{"CODDIS":"16","NOMDIS":"Hortaleza","COD_BAR":"165","NOMBRE":"Apóstol Santiago","COD_DIS_TX":"16","BARRIO_MAY":"APOSTOL SANTIAGO","COD_DISBAR":"165","NUM_BAR":"5","BARRIO_MT":"APÓSTOL SANTIAGO","COD_DISB":"16-5","AREA":1205070.03022},"geometry":{"type":"Polygon","coordinates":[[[-3.65001697,40.48125987],[-3.65003697,40.48123987],[-3.65370707,40.47748975],[-3.65414708,40.47701974],[-3.65433709,40.47681973],[-3.65513711,40.47554969],[-3.65540712,40.47511968],[-3.65541712,40.47509968],[-3.65551712,40.47486967],[-3.65556712,40.47475967],[-3.65582713,40.47404965],[-3.65603713,40.47360964],[-3.65635714,40.47308962],[-3.65656715,40.47278961],[-3.65772718,40.47102956],[-3.65796719,40.47100956],[-3.6583572,40.47102956],[-3.6584772,40.47105956],[-3.66129728,40.46866949],[-3.6621273,40.46796947],[-3.66247731,40.46777946],[-3.66289732,40.46760945],[-3.66344733,40.46747945],[-3.66460737,40.47194959],[-3.66511738,40.47379964],[-3.66538739,40.47475967],[-3.66539739,40.47478967],[-3.66540739,40.47480967],[-3.66552739,40.47533969],[-3.6657074,40.47635972],[-3.6657374,40.47678973],[-3.66565739,40.47704974],[-3.66562739,40.47714974],[-3.66551739,40.47747975],[-3.66551739,40.47747975],[-3.66521738,40.47795977],[-3.66486737,40.47836978],[-3.66341733,40.47983982],[-3.66117727,40.48199989],[-3.66100727,40.48209989],[-3.65958723,40.48278991],[-3.65934722,40.48290992],[-3.65784718,40.48267991],[-3.65587713,40.4823199],[-3.65521711,40.4821999],[-3.65044698,40.48132987],[-3.65001697,40.48124987],[-3.65001697,40.48125987]]]}},{"type":"Feature","properties":{"CODDIS":"16","NOMDIS":"Hortaleza","COD_BAR":"166","NOMBRE":"Valdefuentes","COD_DIS_TX":"16","BARRIO_MAY":"VALDEFUENTES","COD_DISBAR":"166","NUM_BAR":"6","BARRIO_MT":"VALDEFUENTES","COD_DISB":"16-6","AREA":17023150.0258},"geometry":{"type":"Polygon","coordinates":[[[-3.65761718,40.51172079],[-3.65617714,40.51310083],[-3.65453709,40.51279082],[-3.65238704,40.51144078],[-3.65245704,40.51112077],[-3.65234704,40.51113077],[-3.65227703,40.51113077],[-3.65220703,40.51113077],[-3.65211703,40.51113077],[-3.65199703,40.51112077],[-3.65179702,40.51109077],[-3.65169702,40.51107077],[-3.65159702,40.51106077],[-3.650867,40.51099076],[-3.65039698,40.51094076],[-3.64987697,40.51089076],[-3.64958696,40.51086076],[-3.64922695,40.51083076],[-3.64911695,40.51082076],[-3.64904695,40.51081076],[-3.64898694,40.51080076],[-3.64889694,40.51078076],[-3.64878694,40.51075076],[-3.64864694,40.51070076],[-3.64847693,40.51063075],[-3.64822692,40.51053075],[-3.64811692,40.51049075],[-3.64802692,40.51045075],[-3.64795692,40.51042075],[-3.64790692,40.51039075],[-3.64783691,40.51034074],[-3.64778691,40.51030074],[-3.64774691,40.51027074],[-3.6475069,40.51006074],[-3.6471669,40.50967072],[-3.64684689,40.50936072],[-3.64664688,40.50917071],[-3.64639687,40.5089307],[-3.64626687,40.5088107],[-3.64604687,40.50861069],[-3.64595686,40.50853069],[-3.64586686,40.50845069],[-3.64578686,40.50839069],[-3.64571686,40.50835068],[-3.64562685,40.50829068],[-3.64554685,40.50825068],[-3.64501684,40.50799067],[-3.64485683,40.50791067],[-3.64482683,40.50792067],[-3.64438682,40.50808068],[-3.64435682,40.50814068],[-3.64415681,40.50808068],[-3.64388681,40.50803068],[-3.6436368,40.50799067],[-3.6434668,40.50796067],[-3.64337679,40.50795067],[-3.64326679,40.50796067],[-3.64306679,40.50802067],[-3.64270678,40.50812068],[-3.64249677,40.50817068],[-3.64240677,40.50819068],[-3.64233677,40.50820068],[-3.64225676,40.50821068],[-3.64218676,40.50822068],[-3.64210676,40.50822068],[-3.64202676,40.50821068],[-3.64191675,40.50820068],[-3.64175675,40.50818068],[-3.64161675,40.50817068],[-3.64146674,40.50816068],[-3.64135674,40.50815068],[-3.64128674,40.50813068],[-3.64119673,40.50810068],[-3.64108673,40.50807068],[-3.64110673,40.50802067],[-3.63955669,40.50790067],[-3.63364653,40.50784067],[-3.63327652,40.50767066],[-3.63326652,40.50769066],[-3.63320652,40.50768066],[-3.63316652,40.50768066],[-3.63314652,40.50768066],[-3.63307652,40.50769066],[-3.63293651,40.50774067],[-3.63274651,40.50783067],[-3.6325265,40.50794067],[-3.6324065,40.50802067],[-3.63230649,40.50809068],[-3.63217649,40.50815068],[-3.63209649,40.50818068],[-3.63195649,40.50822068],[-3.63159648,40.50837069],[-3.63130647,40.50840069],[-3.63110646,40.50844069],[-3.63093646,40.50844069],[-3.63077645,40.50844069],[-3.63036644,40.50844069],[-3.62993643,40.50844069],[-3.62980643,40.50843069],[-3.62966642,40.50841069],[-3.62941642,40.50838069],[-3.62924641,40.50836069],[-3.62912641,40.50835068],[-3.62901641,40.50835068],[-3.6288464,40.50836069],[-3.6287364,40.50836069],[-3.6286064,40.50837069],[-3.62844639,40.50838069],[-3.62836639,40.50838069],[-3.62826639,40.50839069],[-3.62814638,40.50842069],[-3.62802638,40.50846069],[-3.62790638,40.50850069],[-3.62778637,40.50856069],[-3.62756637,40.50869069],[-3.62748636,40.5087307],[-3.62735636,40.5087607],[-3.62715636,40.5088407],[-3.62698635,40.5089107],[-3.62668634,40.50904071],[-3.62652634,40.50911071],[-3.62636633,40.50917071],[-3.62623633,40.50921071],[-3.62595632,40.50929071],[-3.62583632,40.50933071],[-3.62566632,40.50934071],[-3.62553631,40.50935071],[-3.62537631,40.50937072],[-3.6252263,40.50940072],[-3.6251063,40.50941072],[-3.6250563,40.50942072],[-3.6249463,40.50938072],[-3.62487629,40.50936072],[-3.62476629,40.50933071],[-3.62462629,40.50932071],[-3.62452629,40.50931071],[-3.62442628,40.50930071],[-3.62428628,40.50927071],[-3.62417628,40.50923071],[-3.62400627,40.50917071],[-3.62394627,40.50914071],[-3.62381627,40.50909071],[-3.62366626,40.50903071],[-3.62354626,40.5090007],[-3.62341626,40.5089807],[-3.62329625,40.5089707],[-3.62317625,40.5089707],[-3.62305625,40.5089807],[-3.62295624,40.5089907],[-3.62284624,40.5090207],[-3.62273624,40.50906071],[-3.62257623,40.50911071],[-3.62249623,40.50914071],[-3.62238623,40.50919071],[-3.62229622,40.50923071],[-3.62217622,40.50931071],[-3.62208622,40.50938072],[-3.62196622,40.50951072],[-3.62185621,40.50961072],[-3.62173621,40.50971073],[-3.62165621,40.50979073],[-3.62159621,40.50984073],[-3.6215562,40.50986073],[-3.6214262,40.50995073],[-3.6213762,40.50998073],[-3.6213362,40.51000073],[-3.6212762,40.51003074],[-3.6211962,40.51005074],[-3.62113619,40.51007074],[-3.62098619,40.51011074],[-3.62087619,40.51013074],[-3.62077618,40.51014074],[-3.62066618,40.51015074],[-3.62050618,40.51017074],[-3.62030617,40.51019074],[-3.62012617,40.51021074],[-3.61991616,40.51022074],[-3.61974616,40.51022074],[-3.61961615,40.51022074],[-3.61948615,40.51021074],[-3.61934615,40.51019074],[-3.61914614,40.51016074],[-3.61894613,40.51013074],[-3.61879613,40.51010074],[-3.61870613,40.51009074],[-3.61857612,40.51008074],[-3.61845612,40.51007074],[-3.61835612,40.51007074],[-3.61822612,40.51008074],[-3.61812611,40.51010074],[-3.61801611,40.51014074],[-3.61787611,40.51022074],[-3.6177061,40.51030074],[-3.6175761,40.51036075],[-3.61745609,40.51042075],[-3.61734609,40.51047075],[-3.61724609,40.51050075],[-3.61714609,40.51053075],[-3.61704608,40.51055075],[-3.61695608,40.51057075],[-3.61684608,40.51060075],[-3.61667607,40.51066075],[-3.61648607,40.51072076],[-3.61636607,40.51076076],[-3.61629606,40.51078076],[-3.61607606,40.51084076],[-3.61594605,40.51088076],[-3.61578605,40.51091076],[-3.61560604,40.51094076],[-3.61550604,40.51095076],[-3.61538604,40.51096076],[-3.61522603,40.51095076],[-3.61510603,40.51094076],[-3.61494603,40.51090076],[-3.61477602,40.51085076],[-3.61454602,40.51079076],[-3.61446601,40.51078076],[-3.61437601,40.51076076],[-3.61428601,40.51072076],[-3.61424601,40.51069076],[-3.61423601,40.51067075],[-3.61423601,40.51063075],[-3.61427601,40.51045075],[-3.61427601,40.51037075],[-3.61425601,40.51029074],[-3.61422601,40.51022074],[-3.61419601,40.51017074],[-3.61416601,40.51012074],[-3.614116,40.51007074],[-3.614026,40.50999073],[-3.613936,40.50992073],[-3.61375599,40.50979073],[-3.61360599,40.50969073],[-3.61344599,40.50958072],[-3.61329598,40.50950072],[-3.61312598,40.50940072],[-3.61297597,40.50932071],[-3.61285597,40.50927071],[-3.61266597,40.50919071],[-3.61252596,40.50913071],[-3.61240596,40.50909071],[-3.61226595,40.50906071],[-3.61209595,40.50903071],[-3.61182594,40.5089807],[-3.61170594,40.5089707],[-3.61153593,40.5089507],[-3.61145593,40.5089407],[-3.61139593,40.5089407],[-3.61130593,40.5089407],[-3.61120593,40.5089107],[-3.61108592,40.5088407],[-3.61101592,40.5087907],[-3.61083592,40.50866069],[-3.61065591,40.50849069],[-3.61044591,40.50830068],[-3.6102759,40.50815068],[-3.6101259,40.50799067],[-3.60993589,40.50781067],[-3.60960588,40.50755066],[-3.60938588,40.50738066],[-3.60913587,40.50722065],[-3.60881586,40.50700064],[-3.60853585,40.50682064],[-3.60824585,40.50665063],[-3.60802584,40.50653063],[-3.60782583,40.50643063],[-3.60755583,40.50631062],[-3.60715582,40.50616062],[-3.60697581,40.50609062],[-3.60680581,40.50599061],[-3.6066458,40.50587061],[-3.6065358,40.50578061],[-3.6064458,40.5056906],[-3.6063558,40.5056006],[-3.60629579,40.5055306],[-3.60625579,40.5054706],[-3.60620579,40.50529059],[-3.60613579,40.50503058],[-3.60609579,40.50480058],[-3.60606579,40.50463057],[-3.60603579,40.50448057],[-3.60598579,40.50431056],[-3.60594578,40.50420056],[-3.60587578,40.50410056],[-3.60578578,40.50400055],[-3.60568578,40.50389055],[-3.60566578,40.50387055],[-3.60556577,40.50376055],[-3.60542577,40.50361054],[-3.60526577,40.50347054],[-3.60496576,40.50324053],[-3.60480575,40.50311053],[-3.60465575,40.50302052],[-3.60466575,40.50301052],[-3.60335571,40.50175049],[-3.6028057,40.50144048],[-3.6028357,40.50133047],[-3.60241569,40.50127047],[-3.60234569,40.50126047],[-3.60230569,40.50126047],[-3.60228569,40.50126047],[-3.60227569,40.50126047],[-3.60226568,40.50126047],[-3.60225568,40.50126047],[-3.60224568,40.50126047],[-3.60223568,40.50126047],[-3.60222568,40.50126047],[-3.60221568,40.50127047],[-3.60220568,40.50128047],[-3.60220568,40.50129047],[-3.60218568,40.50134047],[-3.60217568,40.50137047],[-3.60216568,40.50140047],[-3.60214568,40.50143048],[-3.60213568,40.50144048],[-3.60211568,40.50146048],[-3.60209568,40.50147048],[-3.60207568,40.50148048],[-3.60205568,40.50149048],[-3.60203568,40.50149048],[-3.60200568,40.50149048],[-3.60194568,40.50148048],[-3.60190568,40.50147048],[-3.60192568,40.50039044],[-3.60192568,40.49936041],[-3.60191568,40.49870039],[-3.60190568,40.49820038],[-3.60189567,40.49781037],[-3.60187567,40.49737035],[-3.60184567,40.49687034],[-3.60182567,40.49638032],[-3.60180567,40.49592031],[-3.60179567,40.49521029],[-3.60178567,40.49495028],[-3.60177567,40.49460027],[-3.60178567,40.49399025],[-3.60178567,40.49367024],[-3.60178567,40.49352024],[-3.60178567,40.49336023],[-3.60179567,40.49287022],[-3.60183567,40.49174018],[-3.60184567,40.49132017],[-3.60184567,40.49127017],[-3.60185567,40.49088016],[-3.60186567,40.49058015],[-3.60187567,40.49037014],[-3.60187567,40.49014013],[-3.60187567,40.48991013],[-3.60187567,40.48981012],[-3.60187567,40.48972012],[-3.60187567,40.48955012],[-3.60187567,40.48930011],[-3.60186567,40.4889301],[-3.60182567,40.48791007],[-3.60178567,40.48736005],[-3.60175567,40.48665003],[-3.60175567,40.48616001],[-3.60174567,40.48543999],[-3.60173567,40.48499998],[-3.60446574,40.48500998],[-3.61154594,40.48496998],[-3.61489603,40.48494998],[-3.61554604,40.48494998],[-3.61554604,40.48494998],[-3.61647607,40.48398995],[-3.61661607,40.48386995],[-3.61675608,40.48375994],[-3.61689608,40.48362994],[-3.6176461,40.48283991],[-3.61820611,40.4822699],[-3.62583632,40.4822299],[-3.62565632,40.48156988],[-3.62574632,40.47721974],[-3.62574632,40.47705974],[-3.62575632,40.47695974],[-3.62587632,40.47656973],[-3.62577632,40.47648972],[-3.62570632,40.47641972],[-3.62567632,40.47632972],[-3.62570632,40.47623972],[-3.62577632,40.47616971],[-3.62589632,40.47608971],[-3.62579632,40.47553969],[-3.62579632,40.47544969],[-3.62579632,40.47533969],[-3.62579632,40.47524969],[-3.62577632,40.47516968],[-3.62571632,40.47507968],[-3.62562631,40.47499968],[-3.62548631,40.47490968],[-3.62536631,40.47482967],[-3.62533631,40.47472967],[-3.62533631,40.47468967],[-3.62530631,40.47463967],[-3.6252563,40.47458967],[-3.6252163,40.47456966],[-3.6251463,40.47454966],[-3.6251063,40.47451966],[-3.62488629,40.47377964],[-3.62482629,40.47360964],[-3.62473629,40.47339963],[-3.62469629,40.47334963],[-3.62460629,40.47327963],[-3.62457629,40.47322962],[-3.62458629,40.47314962],[-3.62456629,40.47306962],[-3.62451628,40.47299962],[-3.62444628,40.47294962],[-3.62436628,40.47292962],[-3.62427628,40.47288961],[-3.62412627,40.4725196],[-3.62399627,40.47219959],[-3.62385627,40.47181958],[-3.62407627,40.47155957],[-3.62413627,40.47147957],[-3.62421628,40.47137957],[-3.62428628,40.47126957],[-3.62437628,40.47112956],[-3.62443628,40.47099956],[-3.62450628,40.47084955],[-3.62455629,40.47071955],[-3.62459629,40.47059954],[-3.62463629,40.47047954],[-3.62466629,40.47033954],[-3.62468629,40.47022953],[-3.62469629,40.47014953],[-3.62470629,40.47003953],[-3.62470629,40.46991952],[-3.62470629,40.46980952],[-3.62469629,40.46968952],[-3.62467629,40.46953951],[-3.62465629,40.46941951],[-3.62461629,40.4692695],[-3.62457629,40.4691495],[-3.62452629,40.4690195],[-3.62444628,40.46869949],[-3.62799638,40.46847948],[-3.6286764,40.46928951],[-3.62934642,40.46998953],[-3.63052645,40.47109956],[-3.63213649,40.4724796],[-3.63401654,40.47401965],[-3.63734663,40.47638972],[-3.63794665,40.47681973],[-3.6399167,40.47823978],[-3.64140674,40.47930981],[-3.64199676,40.47974982],[-3.64269678,40.47987983],[-3.64398681,40.48011983],[-3.64496684,40.48030984],[-3.64678689,40.48064985],[-3.64854693,40.48097986],[-3.65001697,40.48125987],[-3.65044698,40.48132987],[-3.65521711,40.4821999],[-3.65587713,40.4823199],[-3.65784718,40.48267991],[-3.65934722,40.48290992],[-3.66372734,40.48362994],[-3.66400735,40.48366994],[-3.66469737,40.48376994],[-3.66472737,40.48376994],[-3.66611741,40.48397995],[-3.66626741,40.48399995],[-3.66720744,40.48410995],[-3.66903749,40.48418996],[-3.67025752,40.48418996],[-3.67107754,40.48414995],[-3.67133755,40.48413995],[-3.6734576,40.48405995],[-3.6734276,40.48449996],[-3.6733676,40.48519999],[-3.6733376,40.48556],[-3.6732276,40.48669003],[-3.6731776,40.48716004],[-3.6731476,40.48738005],[-3.67306759,40.48790007],[-3.67298759,40.48833008],[-3.67289759,40.48872009],[-3.67283759,40.4889501],[-3.67279759,40.4890901],[-3.67270758,40.48937011],[-3.67259758,40.48968012],[-3.67245758,40.49002013],[-3.67233757,40.49027014],[-3.67220757,40.49053015],[-3.67209757,40.49074015],[-3.67194756,40.49098016],[-3.67179756,40.49121017],[-3.67162756,40.49144017],[-3.67143755,40.49168018],[-3.67117754,40.49196019],[-3.67097754,40.4921602],[-3.67063753,40.49247021],[-3.67045752,40.49262021],[-3.67017752,40.49286022],[-3.67000751,40.49299022],[-3.66923749,40.49361024],[-3.66852747,40.49416026],[-3.66787745,40.49467027],[-3.66756745,40.49492028],[-3.66709743,40.49529029],[-3.66696743,40.49539029],[-3.66647742,40.49578031],[-3.6659874,40.49617032],[-3.66483737,40.49710035],[-3.66408735,40.49772036],[-3.66343733,40.49826038],[-3.66285732,40.4987604],[-3.6622373,40.49935041],[-3.66174729,40.49988043],[-3.66149728,40.50016044],[-3.66104727,40.50067045],[-3.66038725,40.50145048],[-3.66002724,40.50189049],[-3.65955723,40.50247051],[-3.65918722,40.50295052],[-3.65909722,40.50308053],[-3.65891721,40.50334053],[-3.65880721,40.50351054],[-3.65871721,40.50367054],[-3.6586272,40.50385055],[-3.6585472,40.50402055],[-3.6584472,40.50422056],[-3.6583772,40.50440057],[-3.6583172,40.50461057],[-3.65822719,40.50496058],[-3.65818719,40.50522059],[-3.65815719,40.5055006],[-3.65814719,40.50583061],[-3.65815719,40.50619062],[-3.65816719,40.50659063],[-3.65819719,40.50700064],[-3.65821719,40.50741066],[-3.65822719,40.50758066],[-3.65823719,40.50777067],[-3.65825719,40.50800067],[-3.65826719,40.50819068],[-3.6582772,40.50839069],[-3.6582872,40.50859069],[-3.6582872,40.5087707],[-3.6582972,40.5089907],[-3.6582972,40.50913071],[-3.6582972,40.50932071],[-3.6582972,40.50938072],[-3.6582972,40.50946072],[-3.6582872,40.50960072],[-3.65826719,40.50976073],[-3.65824719,40.50992073],[-3.65821719,40.51010074],[-3.65817719,40.51031074],[-3.65814719,40.51045075],[-3.65807719,40.51068076],[-3.65801719,40.51087076],[-3.65795719,40.51102077],[-3.65786718,40.51123077],[-3.65775718,40.51147078],[-3.65761718,40.51172079],[-3.65761718,40.51172079]]]}},{"type":"Feature","properties":{"CODDIS":"17","NOMDIS":"Villaverde","COD_BAR":"171","NOMBRE":"Villaverde Alto - Casco Histórico de Villaverde","COD_DIS_TX":"17","BARRIO_MAY":"VILLAVERDE ALTO - CASCO HISTORICO DE VILLAVERDE","COD_DISBAR":"171","NUM_BAR":"1","BARRIO_MT":"VILLAVERDE ALTO - CASCO HISTÓRICO DE VILLAVERDE","COD_DISB":"17-1","AREA":9254047.98462},"geometry":{"type":"Polygon","coordinates":[[[-3.70514846,40.36367632],[-3.70605848,40.3598262],[-3.7064885,40.35815615],[-3.7065985,40.35768614],[-3.7068285,40.35687611],[-3.70698851,40.35601609],[-3.70705851,40.35551607],[-3.70705851,40.35489605],[-3.70688851,40.35420603],[-3.7067185,40.35376602],[-3.70631849,40.353096],[-3.70597848,40.35272599],[-3.70575848,40.35251598],[-3.70540847,40.35225597],[-3.70512846,40.35204597],[-3.70486845,40.35183596],[-3.7031284,40.35044592],[-3.70253839,40.3499859],[-3.70253839,40.3499859],[-3.70068834,40.34855586],[-3.69902829,40.34725582],[-3.69833828,40.3467258],[-3.69788826,40.3464458],[-3.69755825,40.34627579],[-3.69716824,40.34610579],[-3.69680823,40.34597578],[-3.69631822,40.34583578],[-3.69578821,40.34575578],[-3.69492818,40.34566577],[-3.69448817,40.34564577],[-3.69409816,40.34562577],[-3.69337814,40.34577578],[-3.69295813,40.34583578],[-3.69294813,40.34512576],[-3.69292813,40.34419573],[-3.69282813,40.34188566],[-3.69275813,40.33959559],[-3.69266812,40.33633549],[-3.69266812,40.33629549],[-3.69266812,40.33615549],[-3.69260812,40.33408542],[-3.69256812,40.33274538],[-3.69251812,40.33159535],[-3.69249812,40.33087533],[-3.69244812,40.32913527],[-3.69234811,40.32582517],[-3.69230811,40.32411512],[-3.69228811,40.32317509],[-3.69233811,40.32187505],[-3.69229811,40.32059502],[-3.69230811,40.32059502],[-3.69230811,40.32050501],[-3.69232811,40.32049501],[-3.69253812,40.32036501],[-3.69273812,40.320205],[-3.69285813,40.320115],[-3.69298813,40.320055],[-3.69300813,40.320115],[-3.69614822,40.32222507],[-3.69960831,40.32235507],[-3.7031084,40.32212506],[-3.70802854,40.32301509],[-3.71006859,40.3234051],[-3.71252866,40.3234951],[-3.71289867,40.32562517],[-3.71443871,40.32805524],[-3.72015886,40.33080532],[-3.72267893,40.33278538],[-3.72365896,40.33355541],[-3.72491899,40.33498545],[-3.72440898,40.33874556],[-3.72397897,40.34188566],[-3.72348895,40.34554577],[-3.72239892,40.35433603],[-3.72176891,40.35893617],[-3.72115889,40.36332631],[-3.72097889,40.36478635],[-3.72098889,40.36478635],[-3.7141587,40.36435634],[-3.70976858,40.36401633],[-3.70809854,40.36393632],[-3.70798854,40.36393632],[-3.70709851,40.36387632],[-3.70709851,40.36387632],[-3.70636849,40.36381632],[-3.70514846,40.36367632]]]}},{"type":"Feature","properties":{"CODDIS":"17","NOMDIS":"Villaverde","COD_BAR":"172","NOMBRE":"San Cristóbal","COD_DIS_TX":"17","BARRIO_MAY":"SAN CRISTOBAL","COD_DISBAR":"172","NUM_BAR":"2","BARRIO_MT":"SAN CRISTÓBAL","COD_DISB":"17-2","AREA":1082492.29522},"geometry":{"type":"Polygon","coordinates":[[[-3.68378788,40.35021591],[-3.68378788,40.34887587],[-3.68378788,40.34720582],[-3.68378788,40.34611579],[-3.68378788,40.34502575],[-3.68377788,40.34431573],[-3.68376788,40.34354571],[-3.68376788,40.34273568],[-3.68375788,40.34262568],[-3.68374788,40.34149565],[-3.68374788,40.34027561],[-3.68374788,40.34027561],[-3.68378788,40.33969559],[-3.68384788,40.33932558],[-3.68392789,40.33897557],[-3.68397789,40.33875556],[-3.68406789,40.33847556],[-3.68415789,40.33822555],[-3.6842979,40.33787554],[-3.6845279,40.33740552],[-3.68475791,40.33700551],[-3.68496791,40.3367055],[-3.68533792,40.33621549],[-3.68572794,40.33578547],[-3.68618795,40.33535546],[-3.68651796,40.33506545],[-3.68693797,40.33475544],[-3.68732798,40.33448544],[-3.68769799,40.33425543],[-3.688138,40.33401542],[-3.68860801,40.33378541],[-3.68898802,40.33361541],[-3.68948804,40.3334254],[-3.68996805,40.3332754],[-3.69032806,40.3331554],[-3.69068807,40.33305539],[-3.69111808,40.33295539],[-3.69148809,40.33287539],[-3.6919281,40.33280538],[-3.69254812,40.33273538],[-3.69260812,40.33408542],[-3.69266812,40.33615549],[-3.69266812,40.33629549],[-3.69266812,40.33633549],[-3.69275813,40.33959559],[-3.69282813,40.34188566],[-3.69292813,40.34419573],[-3.69294813,40.34512576],[-3.69296813,40.34584578],[-3.69246812,40.34591578],[-3.69032806,40.3464558],[-3.688008,40.34706582],[-3.68722798,40.34734582],[-3.68711797,40.34739583],[-3.68665796,40.34760583],[-3.68626795,40.34779584],[-3.68609795,40.34789584],[-3.68592794,40.34799584],[-3.68571794,40.34812585],[-3.68555793,40.34823585],[-3.68529792,40.34843586],[-3.68508792,40.34861586],[-3.68483791,40.34885587],[-3.68476791,40.34893587],[-3.68471791,40.34899587],[-3.68466791,40.34904587],[-3.6844979,40.34925588],[-3.6844579,40.34931588],[-3.6844279,40.34936588],[-3.6843379,40.34951589],[-3.6842679,40.34962589],[-3.68417789,40.3498059],[-3.68409789,40.3499859],[-3.68400789,40.35022591],[-3.68378788,40.35020591],[-3.68378788,40.35021591]]]}},{"type":"Feature","properties":{"CODDIS":"17","NOMDIS":"Villaverde","COD_BAR":"173","NOMBRE":"Butarque","COD_DIS_TX":"17","BARRIO_MAY":"BUTARQUE","COD_DISBAR":"173","NUM_BAR":"3","BARRIO_MT":"BUTARQUE","COD_DISB":"17-3","AREA":6381763.82121},"geometry":{"type":"Polygon","coordinates":[[[-3.65751717,40.32928528],[-3.65750717,40.32892527],[-3.65750717,40.32892527],[-3.65990724,40.32786524],[-3.65988724,40.32775523],[-3.66033725,40.32774523],[-3.66053726,40.32773523],[-3.66070726,40.32770523],[-3.66085726,40.32769523],[-3.66100727,40.32770523],[-3.66112727,40.32770523],[-3.66124728,40.32773523],[-3.66138728,40.32778523],[-3.66149728,40.32783523],[-3.66158728,40.32792524],[-3.66168729,40.32799524],[-3.66182729,40.32808524],[-3.66197729,40.32819525],[-3.6622073,40.32836525],[-3.6622873,40.32843525],[-3.6623373,40.32845525],[-3.66245731,40.32848525],[-3.66249731,40.32852526],[-3.66255731,40.32854526],[-3.66265731,40.32854526],[-3.66271731,40.32857526],[-3.66275732,40.32861526],[-3.66290732,40.32873526],[-3.66303732,40.32881526],[-3.66317733,40.32889527],[-3.66329733,40.32891527],[-3.66342733,40.32893527],[-3.66354734,40.32892527],[-3.66366734,40.32892527],[-3.66374734,40.32893527],[-3.66378734,40.32897527],[-3.66383735,40.32903527],[-3.66413735,40.32886527],[-3.66504738,40.32845525],[-3.66494738,40.32839525],[-3.66509738,40.32823525],[-3.66521738,40.32812524],[-3.66532739,40.32803524],[-3.66547739,40.32793524],[-3.66558739,40.32785524],[-3.6657574,40.32776523],[-3.6660174,40.32761523],[-3.66619741,40.32749522],[-3.66644742,40.32731522],[-3.66664742,40.32718521],[-3.66670742,40.32713521],[-3.66671742,40.32711521],[-3.66673742,40.32708521],[-3.66676742,40.32703521],[-3.66679742,40.32698521],[-3.66682743,40.32692521],[-3.66684743,40.32686521],[-3.66689743,40.3267452],[-3.66699743,40.3265952],[-3.66704743,40.3265352],[-3.66711743,40.32643519],[-3.66721744,40.32630519],[-3.66725744,40.32627519],[-3.66729744,40.32624519],[-3.66735744,40.32620519],[-3.66748744,40.32612518],[-3.66770745,40.32601518],[-3.66783745,40.32595518],[-3.66792746,40.32591518],[-3.66801746,40.32585517],[-3.66812746,40.32576517],[-3.66828747,40.32564517],[-3.66835747,40.32560517],[-3.66849747,40.32552516],[-3.66873748,40.32538516],[-3.66884748,40.32532516],[-3.66900748,40.32524516],[-3.66917749,40.32516515],[-3.66936749,40.32510515],[-3.6695175,40.32505515],[-3.6696475,40.32502515],[-3.66985751,40.32500515],[-3.67014752,40.32497515],[-3.67044752,40.32500515],[-3.67114754,40.32524516],[-3.67143755,40.32531516],[-3.67214757,40.32553517],[-3.67284759,40.32569517],[-3.67361761,40.32592518],[-3.67427763,40.32607518],[-3.67487764,40.32606518],[-3.67540766,40.32608518],[-3.67590767,40.32608518],[-3.67629768,40.32617518],[-3.6768577,40.32633519],[-3.6771277,40.32640519],[-3.67771772,40.32644519],[-3.67798773,40.32646519],[-3.67824773,40.32644519],[-3.67854774,40.32636519],[-3.67890775,40.32632519],[-3.67920776,40.32632519],[-3.67948777,40.32621519],[-3.67992778,40.32604518],[-3.68022779,40.32584517],[-3.68050779,40.32561517],[-3.6806678,40.32535516],[-3.6807578,40.32516515],[-3.6808378,40.32492515],[-3.68091781,40.32473514],[-3.68095781,40.32459514],[-3.68104781,40.32450513],[-3.68126782,40.32435513],[-3.68160782,40.32410512],[-3.68181783,40.32393512],[-3.68210784,40.32373511],[-3.68243785,40.32356511],[-3.68272785,40.3234751],[-3.68298786,40.3234251],[-3.68321787,40.3233651],[-3.68335787,40.3233051],[-3.68358788,40.32318509],[-3.68386789,40.32301509],[-3.6842479,40.32272508],[-3.6844279,40.32258508],[-3.68469791,40.32243507],[-3.68491791,40.32233507],[-3.68506792,40.32224507],[-3.68523792,40.32218506],[-3.68573794,40.32208506],[-3.68624795,40.32201506],[-3.68660796,40.32197506],[-3.68694797,40.32191506],[-3.68750798,40.32192506],[-3.68783799,40.32189506],[-3.68879802,40.32163505],[-3.68987805,40.32134504],[-3.69101808,40.32100503],[-3.69128809,40.32091503],[-3.6918981,40.32059502],[-3.69215811,40.32049501],[-3.69231811,40.32047501],[-3.69230811,40.32059502],[-3.69229811,40.32059502],[-3.69233811,40.32187505],[-3.69228811,40.32317509],[-3.69230811,40.32411512],[-3.69234811,40.32582517],[-3.69244812,40.32913527],[-3.69249812,40.33087533],[-3.69251812,40.33159535],[-3.69254812,40.33273538],[-3.6919281,40.33280538],[-3.69148809,40.33287539],[-3.69111808,40.33295539],[-3.69068807,40.33305539],[-3.69032806,40.3331554],[-3.68996805,40.3332754],[-3.68948804,40.3334254],[-3.68898802,40.33361541],[-3.68860801,40.33378541],[-3.688138,40.33401542],[-3.68769799,40.33425543],[-3.68732798,40.33448544],[-3.68693797,40.33475544],[-3.68651796,40.33506545],[-3.68618795,40.33535546],[-3.68572794,40.33578547],[-3.68533792,40.33621549],[-3.68496791,40.3367055],[-3.68475791,40.33700551],[-3.6845279,40.33740552],[-3.6842979,40.33787554],[-3.68415789,40.33822555],[-3.68406789,40.33847556],[-3.68397789,40.33875556],[-3.68392789,40.33897557],[-3.68384788,40.33932558],[-3.68378788,40.33969559],[-3.68374788,40.34027561],[-3.68374788,40.34027561],[-3.68374788,40.34149565],[-3.68375788,40.34262568],[-3.68376788,40.34273568],[-3.68376788,40.34354571],[-3.68377788,40.34431573],[-3.68378788,40.34502575],[-3.68378788,40.34611579],[-3.68378788,40.34720582],[-3.68378788,40.34887587],[-3.68378788,40.35021591],[-3.68366788,40.35130594],[-3.68356788,40.35147595],[-3.68357788,40.35273599],[-3.68358788,40.35360601],[-3.68362788,40.35373602],[-3.68363788,40.35386602],[-3.68364788,40.35456604],[-3.68384788,40.35482605],[-3.68381788,40.35514606],[-3.68376788,40.35549607],[-3.68368788,40.35583608],[-3.68357788,40.35620609],[-3.68344787,40.3565361],[-3.68331787,40.35680611],[-3.68320787,40.35700612],[-3.68301786,40.35732612],[-3.68281786,40.35760613],[-3.68260785,40.35787614],[-3.68236784,40.35815615],[-3.68206784,40.35847616],[-3.68179783,40.35878617],[-3.68134782,40.35930618],[-3.68094781,40.3597262],[-3.6806778,40.35953619],[-3.67998778,40.35880617],[-3.67958777,40.35841616],[-3.67934776,40.35822615],[-3.67918776,40.35811615],[-3.67877775,40.35791614],[-3.67841774,40.35777614],[-3.67805773,40.35763613],[-3.67778772,40.35748613],[-3.67766772,40.35741613],[-3.67741771,40.35714612],[-3.67739771,40.35711612],[-3.67720771,40.35682611],[-3.6770877,40.3563661],[-3.6768277,40.35548607],[-3.67666769,40.35495605],[-3.67651769,40.35459604],[-3.67633768,40.35421603],[-3.67617768,40.35399602],[-3.67593767,40.35381602],[-3.67570767,40.35374602],[-3.67549766,40.35368602],[-3.67511765,40.35363601],[-3.67504765,40.35362601],[-3.67504765,40.35362601],[-3.67461764,40.35349601],[-3.67424763,40.35335601],[-3.67415762,40.353326],[-3.67385762,40.353036],[-3.67376761,40.35279599],[-3.67372761,40.35249598],[-3.67367761,40.35215597],[-3.67361761,40.35189596],[-3.6734276,40.35138595],[-3.6732576,40.35092593],[-3.6731476,40.35068592],[-3.6731176,40.35063592],[-3.67304759,40.35057592],[-3.67291759,40.35045592],[-3.67271758,40.35032591],[-3.67251758,40.35022591],[-3.67206757,40.35004591],[-3.67130755,40.3497859],[-3.67054753,40.34960589],[-3.67015752,40.34946589],[-3.66995751,40.34935588],[-3.6697375,40.34921588],[-3.6695875,40.34900587],[-3.6694275,40.34865586],[-3.66911749,40.34773584],[-3.66903749,40.34744583],[-3.66901748,40.34717582],[-3.66902749,40.34681581],[-3.66913749,40.34621579],[-3.66925749,40.34583578],[-3.66938749,40.34568577],[-3.6694575,40.34553577],[-3.6694575,40.34539576],[-3.66938749,40.34526576],[-3.66926749,40.34516576],[-3.66915749,40.34507576],[-3.66895748,40.34495575],[-3.66854747,40.34482575],[-3.66799746,40.34469574],[-3.66739744,40.34454574],[-3.66660742,40.34434573],[-3.66552739,40.34417573],[-3.66526738,40.34412573],[-3.66496738,40.34399572],[-3.66460737,40.34377572],[-3.66436736,40.34349571],[-3.66424736,40.3432157],[-3.66413735,40.34285569],[-3.66404735,40.34264568],[-3.66403735,40.34262568],[-3.66385735,40.34237567],[-3.66368734,40.34214567],[-3.66357734,40.34191566],[-3.66330733,40.34137564],[-3.66311733,40.34085563],[-3.66305732,40.34060562],[-3.66305732,40.3399156],[-3.66304732,40.33951559],[-3.66298732,40.33921558],[-3.66286732,40.33901557],[-3.66268731,40.33888557],[-3.66240731,40.33870556],[-3.6622273,40.33858556],[-3.6620273,40.33840555],[-3.66171729,40.33812555],[-3.66155728,40.33789554],[-3.66145728,40.33763553],[-3.66147728,40.33708551],[-3.66133728,40.3365255],[-3.66097727,40.33599548],[-3.66055726,40.33544546],[-3.65995724,40.33491545],[-3.65921722,40.33423543],[-3.65887721,40.33385542],[-3.65866721,40.3334154],[-3.6586172,40.33283539],[-3.6585472,40.33252538],[-3.6584372,40.33216537],[-3.6584072,40.33188536],[-3.6583272,40.33162535],[-3.65799719,40.33106533],[-3.65778718,40.33058532],[-3.65763718,40.3298653],[-3.65754718,40.32931528],[-3.65751717,40.32928528]]]}},{"type":"Feature","properties":{"CODDIS":"17","NOMDIS":"Villaverde","COD_BAR":"174","NOMBRE":"Los Rosales","COD_DIS_TX":"17","BARRIO_MAY":"LOS ROSALES","COD_DISBAR":"174","NUM_BAR":"4","BARRIO_MT":"LOS ROSALES","COD_DISB":"17-4","AREA":1540747.06489},"geometry":{"type":"Polygon","coordinates":[[[-3.68094781,40.3597262],[-3.68134782,40.35930618],[-3.68179783,40.35878617],[-3.68206784,40.35847616],[-3.68236784,40.35815615],[-3.68260785,40.35787614],[-3.68281786,40.35760613],[-3.68301786,40.35732612],[-3.68320787,40.35700612],[-3.68331787,40.35680611],[-3.68344787,40.3565361],[-3.68357788,40.35620609],[-3.68368788,40.35583608],[-3.68376788,40.35549607],[-3.68381788,40.35514606],[-3.68384788,40.35482605],[-3.68364788,40.35456604],[-3.68363788,40.35386602],[-3.68362788,40.35373602],[-3.68358788,40.35360601],[-3.68357788,40.35273599],[-3.68356788,40.35147595],[-3.68366788,40.35130594],[-3.68378788,40.35021591],[-3.68400789,40.35022591],[-3.68409789,40.3499859],[-3.68417789,40.3498059],[-3.6842679,40.34962589],[-3.6843379,40.34951589],[-3.6844279,40.34936588],[-3.6844579,40.34931588],[-3.6844979,40.34925588],[-3.68466791,40.34904587],[-3.68471791,40.34899587],[-3.68476791,40.34893587],[-3.68483791,40.34885587],[-3.68508792,40.34861586],[-3.68529792,40.34843586],[-3.68555793,40.34823585],[-3.68571794,40.34812585],[-3.68592794,40.34799584],[-3.68609795,40.34789584],[-3.68626795,40.34779584],[-3.68665796,40.34760583],[-3.68711797,40.34739583],[-3.68722798,40.34734582],[-3.688008,40.34706582],[-3.69032806,40.3464558],[-3.69246812,40.34591578],[-3.69296813,40.34584578],[-3.69307813,40.34958589],[-3.69306813,40.35094593],[-3.69304813,40.35169596],[-3.69303813,40.35222597],[-3.69304813,40.35278599],[-3.69307813,40.35389602],[-3.69311813,40.35507606],[-3.69315814,40.3565661],[-3.69322814,40.35782614],[-3.69330814,40.35899618],[-3.69340814,40.36004621],[-3.69350815,40.36088623],[-3.69361815,40.36173626],[-3.69399816,40.36453634],[-3.69388816,40.36451634],[-3.69325814,40.36446634],[-3.69223811,40.36438634],[-3.6916581,40.36431634],[-3.69125808,40.36426633],[-3.69062807,40.36416633],[-3.69005805,40.36405633],[-3.68945804,40.36390632],[-3.68903802,40.36378632],[-3.68724798,40.3631963],[-3.68540793,40.36253628],[-3.68314787,40.36172626],[-3.68192783,40.36129624],[-3.68152782,40.36021621],[-3.68151782,40.36018621],[-3.68147782,40.36008621],[-3.68132782,40.3599162],[-3.68095781,40.3597462],[-3.68094781,40.3597262]]]}},{"type":"Feature","properties":{"CODDIS":"17","NOMDIS":"Villaverde","COD_BAR":"175","NOMBRE":"Ángeles","COD_DIS_TX":"17","BARRIO_MAY":"ANGELES","COD_DISBAR":"175","NUM_BAR":"5","BARRIO_MT":"ÁNGELES","COD_DISB":"17-5","AREA":1935271.66661},"geometry":{"type":"Polygon","coordinates":[[[-3.69399816,40.36453634],[-3.69361815,40.36173626],[-3.69350815,40.36088623],[-3.69340814,40.36004621],[-3.69330814,40.35899618],[-3.69322814,40.35782614],[-3.69315814,40.3565661],[-3.69311813,40.35507606],[-3.69307813,40.35389602],[-3.69304813,40.35278599],[-3.69303813,40.35222597],[-3.69304813,40.35169596],[-3.69306813,40.35094593],[-3.69307813,40.34958589],[-3.69296813,40.34584578],[-3.69337814,40.34577578],[-3.69409816,40.34562577],[-3.69448817,40.34564577],[-3.69492818,40.34566577],[-3.69578821,40.34575578],[-3.69631822,40.34583578],[-3.69680823,40.34597578],[-3.69716824,40.34610579],[-3.69755825,40.34627579],[-3.69788826,40.3464458],[-3.69833828,40.3467258],[-3.69902829,40.34725582],[-3.70068834,40.34855586],[-3.70253839,40.3499859],[-3.70253839,40.3499859],[-3.7031284,40.35044592],[-3.70486845,40.35183596],[-3.70512846,40.35204597],[-3.70540847,40.35225597],[-3.70575848,40.35251598],[-3.70597848,40.35272599],[-3.70631849,40.353096],[-3.7067185,40.35376602],[-3.70688851,40.35420603],[-3.70705851,40.35489605],[-3.70705851,40.35551607],[-3.70698851,40.35601609],[-3.7068285,40.35687611],[-3.7065985,40.35768614],[-3.7064885,40.35815615],[-3.70605848,40.3598262],[-3.70514846,40.36367632],[-3.70489845,40.36365632],[-3.70448844,40.36362632],[-3.70426844,40.36360631],[-3.70406843,40.36358631],[-3.70399843,40.36358631],[-3.70399843,40.36358631],[-3.70363842,40.36356631],[-3.70321841,40.36355631],[-3.70259839,40.36357631],[-3.70208838,40.36361631],[-3.70163836,40.36366632],[-3.70110835,40.36374632],[-3.70105835,40.36375632],[-3.70077834,40.36380632],[-3.70068834,40.36382632],[-3.70003832,40.36396633],[-3.6993283,40.36412633],[-3.6991083,40.36416633],[-3.69873829,40.36423633],[-3.69814827,40.36432634],[-3.69743825,40.36441634],[-3.69712824,40.36443634],[-3.69689824,40.36445634],[-3.69675823,40.36446634],[-3.69659823,40.36447634],[-3.69622822,40.36449634],[-3.6955282,40.36451634],[-3.69400816,40.36452634],[-3.69399816,40.36453634]]]}},{"type":"Feature","properties":{"CODDIS":"18","NOMDIS":"Villa de Vallecas","COD_BAR":"181","NOMBRE":"Casco Histórico de Vallecas","COD_DIS_TX":"18","BARRIO_MAY":"CASCO HISTORICO DE VALLECAS","COD_DISBAR":"181","NUM_BAR":"1","BARRIO_MT":"CASCO HISTÓRICO DE VALLECAS","COD_DISB":"18-1","AREA":42989320.3156},"geometry":{"type":"Polygon","coordinates":[[[-3.62458629,40.38209687],[-3.6213962,40.38278689],[-3.62068618,40.3829769],[-3.61914614,40.38332691],[-3.61895613,40.38274689],[-3.61737609,40.38144685],[-3.6176761,40.38122685],[-3.61790611,40.38109684],[-3.61820611,40.38093684],[-3.61840612,40.38081683],[-3.61837612,40.38080683],[-3.61827612,40.38075683],[-3.6175761,40.38088684],[-3.61737609,40.38034682],[-3.61731609,40.38017681],[-3.61729609,40.3797268],[-3.61728609,40.37951679],[-3.61725609,40.37951679],[-3.61711609,40.37949679],[-3.61673608,40.37948679],[-3.61641607,40.37947679],[-3.61582605,40.37944679],[-3.61522603,40.37941679],[-3.614106,40.37931679],[-3.61367599,40.37926679],[-3.61376599,40.37895678],[-3.613886,40.37864677],[-3.61421601,40.37781674],[-3.61503603,40.37568668],[-3.61517603,40.37532667],[-3.61530604,40.37499666],[-3.61551604,40.37445664],[-3.61559604,40.37423664],[-3.61564605,40.37405663],[-3.61570605,40.37377662],[-3.61572605,40.37353661],[-3.61572605,40.37330661],[-3.61571605,40.3731466],[-3.61565605,40.37282659],[-3.61555604,40.37251658],[-3.61538604,40.37217657],[-3.61527604,40.37201657],[-3.61614606,40.37162656],[-3.61546604,40.37067653],[-3.61718609,40.3699065],[-3.6176661,40.3697465],[-3.61904614,40.36949649],[-3.62094619,40.36921648],[-3.62159621,40.36911648],[-3.62382627,40.36872647],[-3.62380627,40.36897648],[-3.62387627,40.36908648],[-3.62417628,40.3696865],[-3.62436628,40.37007651],[-3.62465629,40.37067653],[-3.6250263,40.37145655],[-3.6251363,40.37166656],[-3.6251763,40.37172656],[-3.6251963,40.37174656],[-3.6252363,40.37179656],[-3.62527631,40.37183656],[-3.62544631,40.37197657],[-3.62553631,40.37205657],[-3.62571632,40.37221657],[-3.62577632,40.37226658],[-3.62482629,40.3730566],[-3.62656634,40.37428664],[-3.62656634,40.37428664],[-3.62585632,40.37486665],[-3.6250563,40.37551667],[-3.62475629,40.37580668],[-3.62470629,40.37591669],[-3.62481629,40.37596669],[-3.6250663,40.37604669],[-3.62526631,40.37614669],[-3.62571632,40.37653671],[-3.62624633,40.37698672],[-3.62662634,40.37734673],[-3.62684635,40.37730673],[-3.62713636,40.37728673],[-3.62732636,40.37727673],[-3.62789638,40.37723673],[-3.62819638,40.37721673],[-3.62834639,40.37721673],[-3.62840639,40.37721673],[-3.6288364,40.37719672],[-3.62916641,40.37718672],[-3.62943642,40.37717672],[-3.62971643,40.37716672],[-3.62980643,40.37716672],[-3.63001643,40.37711672],[-3.63030644,40.37690672],[-3.63057645,40.37669671],[-3.63120647,40.3762567],[-3.63139647,40.37612669],[-3.63157648,40.37600669],[-3.63176648,40.37587669],[-3.63197649,40.37573668],[-3.63220649,40.37558668],[-3.6324465,40.37545667],[-3.6325865,40.37538667],[-3.6325865,40.37479665],[-3.6325765,40.37393663],[-3.6325665,40.3730566],[-3.6325665,40.37281659],[-3.6325565,40.37169656],[-3.6325465,40.37106654],[-3.6325365,40.37025652],[-3.63169648,40.3698465],[-3.62948642,40.36875647],[-3.62581632,40.36694642],[-3.62556631,40.36680641],[-3.62260623,40.36535637],[-3.61948615,40.36382632],[-3.61540604,40.36179626],[-3.61248596,40.36034622],[-3.60905587,40.36388632],[-3.60612579,40.36244628],[-3.60420574,40.36150625],[-3.60388573,40.36134625],[-3.60351572,40.36106624],[-3.60330571,40.36083623],[-3.60305571,40.36050622],[-3.6027957,40.36017621],[-3.60247569,40.3598362],[-3.60203568,40.35937619],[-3.60159567,40.35901618],[-3.60113565,40.35864616],[-3.60073564,40.35838616],[-3.60022563,40.35809615],[-3.59974562,40.35783614],[-3.5992156,40.35759613],[-3.59871559,40.35738613],[-3.59813557,40.35718612],[-3.59758556,40.35704612],[-3.59488549,40.35632609],[-3.59216541,40.35563607],[-3.59215541,40.35563607],[-3.59243542,40.35529606],[-3.59254542,40.35511606],[-3.59258542,40.35497605],[-3.59260542,40.35480605],[-3.59257542,40.35464604],[-3.59253542,40.35452604],[-3.59248542,40.35443604],[-3.59242542,40.35436604],[-3.59232542,40.35426603],[-3.59223541,40.35418603],[-3.59209541,40.35410603],[-3.59194541,40.35404603],[-3.5917454,40.35398602],[-3.59069537,40.35371602],[-3.58970535,40.35345601],[-3.58938534,40.35335601],[-3.58928533,40.353306],[-3.58920533,40.353266],[-3.58889532,40.353086],[-3.58853531,40.35285599],[-3.58839531,40.35277599],[-3.58830531,40.35273599],[-3.58823531,40.35269599],[-3.5881053,40.35265598],[-3.5878453,40.35259598],[-3.58698527,40.35245598],[-3.58571524,40.35223597],[-3.58375519,40.35203597],[-3.58354518,40.35265598],[-3.58342518,40.35297599],[-3.58316517,40.35358601],[-3.58290516,40.35427603],[-3.58269516,40.35484605],[-3.58252515,40.35533606],[-3.58233515,40.35593608],[-3.58216514,40.3564161],[-3.58194514,40.35702612],[-3.58189514,40.35718612],[-3.58178513,40.35750613],[-3.58170513,40.35774614],[-3.58158513,40.35805615],[-3.58147512,40.35833616],[-3.58143512,40.35848616],[-3.58133512,40.35868617],[-3.58123512,40.35888617],[-3.58113512,40.35920618],[-3.58106511,40.35930618],[-3.58093511,40.35948619],[-3.58081511,40.3596862],[-3.58076511,40.3597862],[-3.5807351,40.3598962],[-3.5806751,40.36011621],[-3.5806351,40.36020621],[-3.5805751,40.36033622],[-3.5804451,40.36046622],[-3.58034509,40.36060622],[-3.58026509,40.36076623],[-3.58023509,40.36082623],[-3.58019509,40.36086623],[-3.58004509,40.36100624],[-3.57990508,40.36116624],[-3.57986508,40.36123624],[-3.57984508,40.36128624],[-3.57983508,40.36134625],[-3.57982508,40.36140625],[-3.57981508,40.36147625],[-3.57981508,40.36151625],[-3.57981508,40.36155625],[-3.57981508,40.36160625],[-3.57981508,40.36166626],[-3.57981508,40.36173626],[-3.57980508,40.36179626],[-3.57979508,40.36182626],[-3.57978508,40.36186626],[-3.57971508,40.36195626],[-3.57967508,40.36199627],[-3.57974508,40.36205627],[-3.57995508,40.36221627],[-3.58022509,40.36242628],[-3.58038509,40.36255628],[-3.5804851,40.36266629],[-3.5805551,40.36275629],[-3.5805851,40.36284629],[-3.5805951,40.36292629],[-3.5805851,40.3629963],[-3.5805751,40.3630163],[-3.5805451,40.3630463],[-3.5805251,40.3630563],[-3.58025509,40.3631663],[-3.57951507,40.36343631],[-3.57891506,40.36366632],[-3.57868505,40.36375632],[-3.57854505,40.36384632],[-3.57829504,40.36403633],[-3.57803503,40.36423633],[-3.57768502,40.36450634],[-3.57738501,40.36473635],[-3.57710501,40.36492635],[-3.576815,40.36517636],[-3.57628498,40.36576638],[-3.57413493,40.36433634],[-3.57041483,40.36183626],[-3.57016482,40.36168626],[-3.56979481,40.36150625],[-3.5693348,40.36130625],[-3.56881478,40.36111624],[-3.56808476,40.36084623],[-3.56740474,40.36061622],[-3.56669473,40.36041622],[-3.56612471,40.36028621],[-3.56522469,40.36007621],[-3.56522469,40.36007621],[-3.56518468,40.36006621],[-3.56499468,40.36002621],[-3.56495468,40.36001621],[-3.56487468,40.35999621],[-3.56473467,40.3599662],[-3.56466467,40.3599562],[-3.56460467,40.3599462],[-3.56455467,40.3599362],[-3.56444466,40.3599162],[-3.56433466,40.3598962],[-3.56425466,40.3598762],[-3.56412466,40.3598462],[-3.56408466,40.3598362],[-3.56384465,40.3597862],[-3.56374465,40.3597662],[-3.56351464,40.3597162],[-3.56335464,40.3596762],[-3.56329463,40.3596662],[-3.56315463,40.35963619],[-3.56312463,40.35962619],[-3.56308463,40.35961619],[-3.56295462,40.35958619],[-3.56294462,40.35958619],[-3.56284462,40.35956619],[-3.56255461,40.35949619],[-3.56239461,40.35945619],[-3.56233461,40.35944619],[-3.56230461,40.35943619],[-3.56228461,40.35943619],[-3.5620246,40.35937619],[-3.5619746,40.35936619],[-3.56183459,40.35932619],[-3.56180459,40.35931619],[-3.56179459,40.35931619],[-3.56174459,40.35930618],[-3.56171459,40.35929618],[-3.56167459,40.35928618],[-3.56163459,40.35927618],[-3.56159459,40.35926618],[-3.56155459,40.35925618],[-3.56151459,40.35924618],[-3.56147458,40.35923618],[-3.56143458,40.35922618],[-3.56139458,40.35921618],[-3.56127458,40.35918618],[-3.56116458,40.35915618],[-3.56092457,40.35909618],[-3.56071456,40.35903618],[-3.56038456,40.35894617],[-3.56015455,40.35888617],[-3.56008455,40.35886617],[-3.55961453,40.35873617],[-3.55960453,40.35873617],[-3.55905452,40.35857616],[-3.55886451,40.35851616],[-3.5585045,40.35841616],[-3.5581645,40.35831615],[-3.55795449,40.35825615],[-3.55740448,40.35809615],[-3.55735447,40.35808615],[-3.55685446,40.35793614],[-3.55683446,40.35792614],[-3.55643445,40.35779614],[-3.55631445,40.35775614],[-3.55611444,40.35768614],[-3.55587443,40.35759613],[-3.55578443,40.35755613],[-3.55572443,40.35753613],[-3.55562443,40.35748613],[-3.55552442,40.35743613],[-3.55533442,40.35734613],[-3.55529442,40.35732612],[-3.55523442,40.35729612],[-3.55518442,40.35726612],[-3.55511441,40.35722612],[-3.55504441,40.35718612],[-3.55496441,40.35713612],[-3.55490441,40.35709612],[-3.55483441,40.35705612],[-3.55482441,40.35704612],[-3.5546944,40.35695611],[-3.5546444,40.35691611],[-3.5545944,40.35688611],[-3.5545144,40.35682611],[-3.55440439,40.35674611],[-3.55439439,40.35673611],[-3.55431439,40.35667611],[-3.55426439,40.3566361],[-3.55426439,40.3566361],[-3.55500441,40.35623609],[-3.55508441,40.35618609],[-3.55520442,40.35611609],[-3.55521442,40.35610609],[-3.55691446,40.35512606],[-3.55697446,40.35509606],[-3.55702446,40.35506606],[-3.55699446,40.35504606],[-3.55693446,40.35500605],[-3.55685446,40.35494605],[-3.55675446,40.35487605],[-3.55666446,40.35480605],[-3.55656445,40.35473605],[-3.55650445,40.35468605],[-3.55641445,40.35461604],[-3.55637445,40.35458604],[-3.55626444,40.35451604],[-3.55617444,40.35446604],[-3.55607444,40.35441604],[-3.55591443,40.35432603],[-3.55588443,40.35430603],[-3.55578443,40.35425603],[-3.55566443,40.35420603],[-3.55557443,40.35417603],[-3.55543442,40.35413603],[-3.55526442,40.35407603],[-3.55513441,40.35402603],[-3.55528442,40.35393602],[-3.55532442,40.35390602],[-3.55665445,40.353066],[-3.55770448,40.35263598],[-3.55892452,40.35023591],[-3.56075457,40.34914588],[-3.5621746,40.34706582],[-3.56537469,40.34434573],[-3.56623471,40.3432757],[-3.56826477,40.34087563],[-3.56996481,40.33760553],[-3.57190487,40.33458544],[-3.57276489,40.33363541],[-3.57530496,40.33183536],[-3.576785,40.33022531],[-3.57954507,40.32792524],[-3.58251515,40.32623519],[-3.58327517,40.32478514],[-3.5843952,40.32253507],[-3.58510522,40.32038501],[-3.58510522,40.31832495],[-3.58384519,40.31578487],[-3.58243515,40.31611488],[-3.58191514,40.31585487],[-3.5805151,40.31594488],[-3.57931507,40.31584487],[-3.57782503,40.31462484],[-3.57615498,40.31486484],[-3.57799503,40.31387481],[-3.57878505,40.31384481],[-3.57971508,40.31386481],[-3.5806751,40.31377481],[-3.58166513,40.3135748],[-3.58254515,40.3135148],[-3.58348518,40.3132948],[-3.58451521,40.31318479],[-3.58559524,40.31305479],[-3.58745529,40.31277478],[-3.58942534,40.31268478],[-3.59335544,40.31241477],[-3.59435547,40.31237477],[-3.5953655,40.31234477],[-3.59828558,40.31206476],[-3.5992656,40.31216476],[-3.60022563,40.31232477],[-3.60215568,40.31265478],[-3.6064058,40.3134548],[-3.60814584,40.31365481],[-3.61117593,40.31430483],[-3.613906,40.31558486],[-3.61599606,40.31775493],[-3.61747609,40.31818494],[-3.62003616,40.31911497],[-3.62356626,40.31984499],[-3.62472629,40.32042501],[-3.62601633,40.31923497],[-3.62602633,40.31922497],[-3.62618633,40.31927498],[-3.62628633,40.31930498],[-3.62638634,40.31933498],[-3.62649634,40.31936498],[-3.62666634,40.31940498],[-3.62677635,40.31943498],[-3.62710635,40.31950498],[-3.62742636,40.31958499],[-3.62809638,40.31981499],[-3.62819638,40.31984499],[-3.62827639,40.31987499],[-3.62842639,40.319935],[-3.62851639,40.319965],[-3.6286864,40.320035],[-3.6287264,40.320055],[-3.6287764,40.320075],[-3.6288264,40.320095],[-3.6288764,40.320115],[-3.62897641,40.320155],[-3.62901641,40.320175],[-3.62906641,40.320185],[-3.62914641,40.320215],[-3.62918641,40.320225],[-3.62925641,40.32024501],[-3.62930641,40.32026501],[-3.62971643,40.32043501],[-3.62983643,40.32048501],[-3.62996643,40.32053501],[-3.63011644,40.32058502],[-3.63024644,40.32063502],[-3.63032644,40.32066502],[-3.63040644,40.32069502],[-3.63046645,40.32072502],[-3.63054645,40.32077502],[-3.63061645,40.32081502],[-3.63069645,40.32087502],[-3.63078645,40.32093503],[-3.63088646,40.32100503],[-3.63099646,40.32106503],[-3.63109646,40.32112503],[-3.63126647,40.32122504],[-3.63149647,40.32135504],[-3.63164648,40.32144504],[-3.63173648,40.32149504],[-3.63198649,40.32163505],[-3.63205649,40.32167505],[-3.63215649,40.32173505],[-3.63224649,40.32179505],[-3.6323165,40.32185505],[-3.6323965,40.32191506],[-3.6324765,40.32195506],[-3.6325365,40.32199506],[-3.6325865,40.32204506],[-3.6326365,40.32208506],[-3.63270651,40.32212506],[-3.63278651,40.32215506],[-3.63287651,40.32219506],[-3.63294651,40.32223507],[-3.63300651,40.32227507],[-3.63309652,40.32234507],[-3.63317652,40.32240507],[-3.63325652,40.32246507],[-3.63334652,40.32253507],[-3.63344653,40.32261508],[-3.63353653,40.32268508],[-3.63365653,40.32278508],[-3.63378653,40.32290509],[-3.63387654,40.32299509],[-3.63418655,40.3232251],[-3.63454656,40.3234851],[-3.63521657,40.32395512],[-3.63505657,40.32407512],[-3.63502657,40.32409512],[-3.63550658,40.32448513],[-3.6360566,40.32499515],[-3.6362566,40.32512515],[-3.63667661,40.32537516],[-3.63698662,40.32559517],[-3.63730663,40.32580517],[-3.63751664,40.32591518],[-3.63782664,40.32615518],[-3.63815665,40.32636519],[-3.63846666,40.3265952],[-3.63871667,40.3267652],[-3.63921668,40.32703521],[-3.63940669,40.32715521],[-3.6397367,40.32735522],[-3.6400267,40.32756523],[-3.64026671,40.32772523],[-3.64042671,40.32782523],[-3.64057672,40.32788524],[-3.64073672,40.32794524],[-3.64085673,40.32798524],[-3.64104673,40.32806524],[-3.64127674,40.32815524],[-3.64141674,40.32819525],[-3.64148674,40.32823525],[-3.64162675,40.32834525],[-3.64174675,40.32842525],[-3.64190675,40.32854526],[-3.64197676,40.32861526],[-3.64209676,40.32869526],[-3.64223676,40.32877526],[-3.64236677,40.32883526],[-3.64245677,40.32885527],[-3.64261677,40.32890527],[-3.64278678,40.32898527],[-3.64294678,40.32908527],[-3.64308679,40.32918528],[-3.64323679,40.32934528],[-3.6434568,40.32958529],[-3.6435668,40.32973529],[-3.6436868,40.3299153],[-3.64381681,40.3300953],[-3.64400681,40.33029531],[-3.64421682,40.33049531],[-3.64440682,40.33063532],[-3.64459683,40.33077532],[-3.64477683,40.33087533],[-3.64502684,40.33098533],[-3.64535685,40.33116534],[-3.64579686,40.33138534],[-3.64615687,40.33156535],[-3.64656688,40.33175535],[-3.64695689,40.33195536],[-3.6472669,40.33212536],[-3.64752691,40.33227537],[-3.64774691,40.33242537],[-3.64797692,40.33259538],[-3.64814692,40.33270538],[-3.64838693,40.33286539],[-3.64859693,40.33300539],[-3.64878694,40.33310539],[-3.64909695,40.3332554],[-3.64920695,40.3333254],[-3.64927695,40.3332554],[-3.64926695,40.3332154],[-3.64926695,40.3331754],[-3.64927695,40.33314539],[-3.64928695,40.33310539],[-3.64930695,40.33304539],[-3.64934695,40.33293539],[-3.64938696,40.33285539],[-3.64943696,40.33278538],[-3.64947696,40.33271538],[-3.64951696,40.33265538],[-3.64954696,40.33261538],[-3.64957696,40.33257538],[-3.64960696,40.33253538],[-3.64963696,40.33250538],[-3.64966696,40.33248538],[-3.64969696,40.33246537],[-3.64972696,40.33245537],[-3.64977697,40.33243537],[-3.64983697,40.33240537],[-3.64988697,40.33237537],[-3.64994697,40.33232537],[-3.65000697,40.33225537],[-3.65003697,40.33222537],[-3.65007697,40.33219537],[-3.65013698,40.33221537],[-3.65016698,40.33222537],[-3.65019698,40.33223537],[-3.65022698,40.33225537],[-3.65026698,40.33228537],[-3.65033698,40.33233537],[-3.65037698,40.33230537],[-3.65510711,40.3299453],[-3.65757718,40.32884527],[-3.65758718,40.32920528],[-3.65763718,40.3298653],[-3.65778718,40.33058532],[-3.65799719,40.33106533],[-3.6583272,40.33162535],[-3.6584072,40.33188536],[-3.6584372,40.33216537],[-3.6585472,40.33252538],[-3.6586172,40.33283539],[-3.65866721,40.3334154],[-3.65887721,40.33385542],[-3.65921722,40.33423543],[-3.65995724,40.33491545],[-3.66055726,40.33544546],[-3.66097727,40.33599548],[-3.66133728,40.3365255],[-3.66147728,40.33708551],[-3.66145728,40.33763553],[-3.66155728,40.33789554],[-3.66171729,40.33812555],[-3.6620273,40.33840555],[-3.6622273,40.33858556],[-3.66240731,40.33870556],[-3.66268731,40.33888557],[-3.66286732,40.33901557],[-3.66298732,40.33921558],[-3.66304732,40.33951559],[-3.66305732,40.3399156],[-3.66305732,40.34060562],[-3.66311733,40.34085563],[-3.66330733,40.34137564],[-3.66357734,40.34191566],[-3.66368734,40.34214567],[-3.66385735,40.34237567],[-3.66403735,40.34262568],[-3.66404735,40.34264568],[-3.66413735,40.34285569],[-3.66424736,40.3432157],[-3.66436736,40.34349571],[-3.66460737,40.34377572],[-3.66496738,40.34399572],[-3.66526738,40.34412573],[-3.66552739,40.34417573],[-3.66660742,40.34434573],[-3.66739744,40.34454574],[-3.66799746,40.34469574],[-3.66854747,40.34482575],[-3.66895748,40.34495575],[-3.66915749,40.34507576],[-3.66926749,40.34516576],[-3.66938749,40.34526576],[-3.6694575,40.34539576],[-3.6694575,40.34553577],[-3.66938749,40.34568577],[-3.66925749,40.34583578],[-3.66913749,40.34621579],[-3.66902749,40.34681581],[-3.66901748,40.34717582],[-3.66903749,40.34744583],[-3.66911749,40.34773584],[-3.6694275,40.34865586],[-3.6695875,40.34900587],[-3.6697375,40.34921588],[-3.66995751,40.34935588],[-3.67015752,40.34946589],[-3.67054753,40.34960589],[-3.67130755,40.3497859],[-3.67206757,40.35004591],[-3.67251758,40.35022591],[-3.67271758,40.35032591],[-3.67291759,40.35045592],[-3.67304759,40.35057592],[-3.6731176,40.35063592],[-3.6731476,40.35068592],[-3.6732576,40.35092593],[-3.6734276,40.35138595],[-3.67361761,40.35189596],[-3.67367761,40.35215597],[-3.67372761,40.35249598],[-3.67376761,40.35279599],[-3.67385762,40.353036],[-3.67415762,40.353326],[-3.67424763,40.35335601],[-3.67461764,40.35349601],[-3.67504765,40.35362601],[-3.67504765,40.35362601],[-3.67511765,40.35363601],[-3.67549766,40.35368602],[-3.67570767,40.35374602],[-3.67593767,40.35381602],[-3.67617768,40.35399602],[-3.67633768,40.35421603],[-3.67651769,40.35459604],[-3.67666769,40.35495605],[-3.6768277,40.35548607],[-3.6770877,40.3563661],[-3.67720771,40.35682611],[-3.67739771,40.35711612],[-3.67741771,40.35714612],[-3.67766772,40.35741613],[-3.67778772,40.35748613],[-3.67805773,40.35763613],[-3.67841774,40.35777614],[-3.67877775,40.35791614],[-3.67918776,40.35811615],[-3.67934776,40.35822615],[-3.67958777,40.35841616],[-3.67998778,40.35880617],[-3.6806778,40.35953619],[-3.68094781,40.3597462],[-3.68132782,40.3599162],[-3.68147782,40.36008621],[-3.68151782,40.36018621],[-3.68152782,40.36021621],[-3.68192783,40.36129624],[-3.68121781,40.36105624],[-3.6807878,40.36093623],[-3.68033779,40.36083623],[-3.67980778,40.36076623],[-3.67935776,40.36071623],[-3.67875775,40.36069623],[-3.67807773,40.36070623],[-3.67757772,40.36072623],[-3.6770277,40.36074623],[-3.67667769,40.36076623],[-3.67593767,40.36081623],[-3.67516765,40.36088623],[-3.67446763,40.36095623],[-3.67370761,40.36103624],[-3.67302759,40.36113624],[-3.67215757,40.36127624],[-3.67151755,40.36138625],[-3.67117754,40.36145625],[-3.67081753,40.36152625],[-3.67012751,40.36167626],[-3.6695475,40.36183626],[-3.6694475,40.36186626],[-3.66887748,40.36203627],[-3.66824746,40.36225627],[-3.66788745,40.36239628],[-3.66755745,40.36252628],[-3.66723744,40.36266629],[-3.66716743,40.36269629],[-3.66668742,40.36292629],[-3.66649742,40.3630263],[-3.6660174,40.3632763],[-3.66443736,40.36413633],[-3.65705716,40.36876647],[-3.65598713,40.36936649],[-3.65559712,40.3695865],[-3.6547071,40.37035652],[-3.65439709,40.37088653],[-3.65357707,40.37362662],[-3.65329706,40.37432664],[-3.65275705,40.37564668],[-3.65235704,40.37604669],[-3.65150701,40.37609669],[-3.64990697,40.3763067],[-3.64857693,40.3765167],[-3.64506684,40.37722673],[-3.64150674,40.37794675],[-3.63437655,40.3797668],[-3.63302651,40.38009681],[-3.6325865,40.38020682],[-3.63019644,40.38077683],[-3.62716636,40.38150686],[-3.62590632,40.38179686],[-3.62458629,40.38209687]]]}},{"type":"Feature","properties":{"CODDIS":"18","NOMDIS":"Villa de Vallecas","COD_BAR":"182","NOMBRE":"Santa Eugenia","COD_DIS_TX":"18","BARRIO_MAY":"SANTA EUGENIA","COD_DISBAR":"182","NUM_BAR":"2","BARRIO_MT":"SANTA EUGENIA","COD_DISB":"18-2","AREA":2080232.59726},"geometry":{"type":"Polygon","coordinates":[[[-3.60858586,40.38754704],[-3.60810584,40.38730703],[-3.60760583,40.38702702],[-3.60704581,40.38666701],[-3.6064758,40.386257],[-3.6063558,40.386347],[-3.60615579,40.386447],[-3.60598579,40.38650701],[-3.60586578,40.38652701],[-3.60575578,40.38650701],[-3.60564578,40.386447],[-3.60554577,40.386267],[-3.60524577,40.38599699],[-3.60412573,40.38664701],[-3.60389573,40.38668701],[-3.60372572,40.38668701],[-3.60346572,40.38667701],[-3.60301571,40.38654701],[-3.6028557,40.386467],[-3.60232569,40.386207],[-3.60169567,40.38558698],[-3.60135566,40.38512696],[-3.60104565,40.38465695],[-3.60084565,40.38416694],[-3.60080565,40.38393693],[-3.60110565,40.38341691],[-3.60113565,40.3831369],[-3.60102565,40.3828869],[-3.60081565,40.38267689],[-3.60053564,40.38253689],[-3.60012563,40.38240688],[-3.59956561,40.38236688],[-3.59948561,40.38233688],[-3.59779556,40.3796668],[-3.59858559,40.37917678],[-3.59874559,40.37906678],[-3.59890559,40.37894678],[-3.5989956,40.37885678],[-3.5990756,40.37876677],[-3.5991556,40.37865677],[-3.5992356,40.37851676],[-3.5993056,40.37837676],[-3.59939561,40.37818675],[-3.59949561,40.37793675],[-3.59965561,40.37762674],[-3.59995562,40.37724673],[-3.60013563,40.37706672],[-3.60029563,40.37694672],[-3.60048564,40.37682671],[-3.60067564,40.37672671],[-3.60101565,40.37656671],[-3.60124566,40.3764667],[-3.60138566,40.3764067],[-3.60155567,40.3763567],[-3.60166567,40.3763267],[-3.60179567,40.3763067],[-3.60192568,40.3762967],[-3.60229569,40.3762767],[-3.60244569,40.3762567],[-3.60258569,40.3762367],[-3.6027957,40.37618669],[-3.60308571,40.37609669],[-3.60348572,40.37593669],[-3.60393573,40.37611669],[-3.60579578,40.37684671],[-3.60789584,40.37767674],[-3.60938588,40.37825676],[-3.61004589,40.37851676],[-3.61066591,40.37874677],[-3.61109592,40.37887678],[-3.61153593,40.37898678],[-3.61187594,40.37904678],[-3.61216595,40.37909678],[-3.61270597,40.37915678],[-3.61367599,40.37923679],[-3.61368599,40.37923679],[-3.614106,40.37931679],[-3.61522603,40.37941679],[-3.61582605,40.37944679],[-3.61641607,40.37947679],[-3.61673608,40.37948679],[-3.61711609,40.37949679],[-3.61725609,40.37951679],[-3.61728609,40.37951679],[-3.61729609,40.3797268],[-3.61731609,40.38017681],[-3.61737609,40.38034682],[-3.6175761,40.38088684],[-3.61827612,40.38075683],[-3.61837612,40.38080683],[-3.61840612,40.38081683],[-3.61820611,40.38093684],[-3.61790611,40.38109684],[-3.6176761,40.38122685],[-3.61737609,40.38144685],[-3.61895613,40.38274689],[-3.61914614,40.38332691],[-3.62068618,40.3829769],[-3.6213962,40.38278689],[-3.62458629,40.38209687],[-3.62532631,40.38322691],[-3.62476629,40.38415694],[-3.62432628,40.38500696],[-3.62369626,40.386427],[-3.62188621,40.39083714],[-3.61938615,40.39028712],[-3.61856612,40.39010711],[-3.61573605,40.3894871],[-3.61208595,40.38869707],[-3.61145593,40.38855707],[-3.61089592,40.38840706],[-3.6103059,40.38822706],[-3.60987589,40.38808705],[-3.60917587,40.38779704],[-3.60865586,40.38756704],[-3.60865586,40.38756704],[-3.60858586,40.38752704],[-3.60858586,40.38754704]]]}},{"type":"Feature","properties":{"CODDIS":"18","NOMDIS":"Villa de Vallecas","COD_BAR":"183","NOMBRE":"Ensanche de Vallecas","COD_DIS_TX":"18","BARRIO_MAY":"ENSANCHE DE VALLECAS","COD_DISBAR":"183","NUM_BAR":"3","BARRIO_MT":"ENSANCHE DE VALLECAS","COD_DISB":"18-3","AREA":6341118.45027},"geometry":{"type":"Polygon","coordinates":[[[-3.61368599,40.37923679],[-3.61367599,40.37923679],[-3.61270597,40.37915678],[-3.61216595,40.37909678],[-3.61187594,40.37904678],[-3.61153593,40.37898678],[-3.61109592,40.37887678],[-3.61066591,40.37874677],[-3.61004589,40.37851676],[-3.60938588,40.37825676],[-3.60789584,40.37767674],[-3.60579578,40.37684671],[-3.60393573,40.37611669],[-3.60348572,40.37593669],[-3.60308571,40.37609669],[-3.6027957,40.37618669],[-3.60258569,40.3762367],[-3.60244569,40.3762567],[-3.60229569,40.3762767],[-3.60192568,40.3762967],[-3.60179567,40.3763067],[-3.60166567,40.3763267],[-3.60155567,40.3763567],[-3.60138566,40.3764067],[-3.60124566,40.3764667],[-3.60101565,40.37656671],[-3.60070564,40.37671671],[-3.60021563,40.37582668],[-3.60001562,40.37552667],[-3.59978562,40.37523667],[-3.59952561,40.37495666],[-3.5992456,40.37471665],[-3.5990256,40.37455665],[-3.59883559,40.37442664],[-3.59867559,40.37432664],[-3.59841558,40.37416663],[-3.59743555,40.37367662],[-3.59567551,40.37282659],[-3.59226542,40.37118654],[-3.59076537,40.37046652],[-3.58940534,40.3698365],[-3.58773529,40.36899648],[-3.58595524,40.36805645],[-3.58560524,40.36788644],[-3.58526523,40.36774644],[-3.58490522,40.36760644],[-3.5843352,40.36745643],[-3.58381519,40.36735643],[-3.58333517,40.36730643],[-3.58252515,40.36726643],[-3.58160513,40.36723642],[-3.58011509,40.36717642],[-3.57965508,40.36714642],[-3.57929507,40.36709642],[-3.57892506,40.36702642],[-3.57855505,40.36693642],[-3.57827504,40.36684641],[-3.57795503,40.36672641],[-3.57768502,40.36661641],[-3.57741501,40.3664864],[-3.577015,40.36626639],[-3.576755,40.36610639],[-3.57623498,40.36575638],[-3.576815,40.36517636],[-3.57710501,40.36492635],[-3.57738501,40.36473635],[-3.57768502,40.36450634],[-3.57803503,40.36423633],[-3.57829504,40.36403633],[-3.57854505,40.36384632],[-3.57868505,40.36375632],[-3.57891506,40.36366632],[-3.57951507,40.36343631],[-3.58025509,40.3631663],[-3.5805251,40.3630563],[-3.5805451,40.3630463],[-3.5805751,40.3630163],[-3.5805851,40.3629963],[-3.5805951,40.36292629],[-3.5805851,40.36284629],[-3.5805551,40.36275629],[-3.5804851,40.36266629],[-3.58038509,40.36255628],[-3.58022509,40.36242628],[-3.57995508,40.36221627],[-3.57974508,40.36205627],[-3.57967508,40.36199627],[-3.57971508,40.36195626],[-3.57978508,40.36186626],[-3.57979508,40.36182626],[-3.57980508,40.36179626],[-3.57981508,40.36173626],[-3.57981508,40.36166626],[-3.57981508,40.36160625],[-3.57981508,40.36155625],[-3.57981508,40.36151625],[-3.57981508,40.36147625],[-3.57982508,40.36140625],[-3.57983508,40.36134625],[-3.57984508,40.36128624],[-3.57986508,40.36123624],[-3.57990508,40.36116624],[-3.58004509,40.36100624],[-3.58019509,40.36086623],[-3.58023509,40.36082623],[-3.58026509,40.36076623],[-3.58034509,40.36060622],[-3.5804451,40.36046622],[-3.5805751,40.36033622],[-3.5806351,40.36020621],[-3.5806751,40.36011621],[-3.5807351,40.3598962],[-3.58076511,40.3597862],[-3.58081511,40.3596862],[-3.58093511,40.35948619],[-3.58106511,40.35930618],[-3.58113512,40.35920618],[-3.58123512,40.35888617],[-3.58133512,40.35868617],[-3.58143512,40.35848616],[-3.58147512,40.35833616],[-3.58158513,40.35805615],[-3.58170513,40.35774614],[-3.58178513,40.35750613],[-3.58189514,40.35718612],[-3.58194514,40.35702612],[-3.58216514,40.3564161],[-3.58233515,40.35593608],[-3.58252515,40.35533606],[-3.58269516,40.35484605],[-3.58290516,40.35427603],[-3.58316517,40.35358601],[-3.58342518,40.35297599],[-3.58354518,40.35265598],[-3.58375519,40.35203597],[-3.58571524,40.35223597],[-3.58698527,40.35245598],[-3.5878453,40.35259598],[-3.5881053,40.35265598],[-3.58823531,40.35269599],[-3.58830531,40.35273599],[-3.58839531,40.35277599],[-3.58853531,40.35285599],[-3.58889532,40.353086],[-3.58920533,40.353266],[-3.58928533,40.353306],[-3.58938534,40.35335601],[-3.58970535,40.35345601],[-3.59069537,40.35371602],[-3.5917454,40.35398602],[-3.59194541,40.35404603],[-3.59209541,40.35410603],[-3.59223541,40.35418603],[-3.59232542,40.35426603],[-3.59242542,40.35436604],[-3.59248542,40.35443604],[-3.59253542,40.35452604],[-3.59257542,40.35464604],[-3.59260542,40.35480605],[-3.59258542,40.35497605],[-3.59254542,40.35511606],[-3.59243542,40.35529606],[-3.59215541,40.35563607],[-3.59216541,40.35563607],[-3.59488549,40.35632609],[-3.59758556,40.35704612],[-3.59813557,40.35718612],[-3.59871559,40.35738613],[-3.5992156,40.35759613],[-3.59974562,40.35783614],[-3.60022563,40.35809615],[-3.60073564,40.35838616],[-3.60113565,40.35864616],[-3.60159567,40.35901618],[-3.60203568,40.35937619],[-3.60247569,40.3598362],[-3.6027957,40.36017621],[-3.60305571,40.36050622],[-3.60330571,40.36083623],[-3.60351572,40.36106624],[-3.60388573,40.36134625],[-3.60420574,40.36150625],[-3.60612579,40.36244628],[-3.60905587,40.36388632],[-3.61248596,40.36034622],[-3.61540604,40.36179626],[-3.61948615,40.36382632],[-3.62260623,40.36535637],[-3.62556631,40.36680641],[-3.62581632,40.36694642],[-3.62948642,40.36875647],[-3.63169648,40.3698465],[-3.6325365,40.37025652],[-3.6325465,40.37106654],[-3.6325565,40.37169656],[-3.6325665,40.37281659],[-3.6325665,40.3730566],[-3.6325765,40.37393663],[-3.6325865,40.37479665],[-3.6325865,40.37538667],[-3.6324465,40.37545667],[-3.63220649,40.37558668],[-3.63197649,40.37573668],[-3.63176648,40.37587669],[-3.63157648,40.37600669],[-3.63139647,40.37612669],[-3.63120647,40.3762567],[-3.63057645,40.37669671],[-3.63030644,40.37690672],[-3.63001643,40.37711672],[-3.62980643,40.37716672],[-3.62971643,40.37716672],[-3.62943642,40.37717672],[-3.62916641,40.37718672],[-3.6288364,40.37719672],[-3.62840639,40.37721673],[-3.62834639,40.37721673],[-3.62819638,40.37721673],[-3.62789638,40.37723673],[-3.62732636,40.37727673],[-3.62713636,40.37728673],[-3.62684635,40.37730673],[-3.62662634,40.37734673],[-3.62624633,40.37698672],[-3.62571632,40.37653671],[-3.62526631,40.37614669],[-3.6250663,40.37604669],[-3.62481629,40.37596669],[-3.62470629,40.37591669],[-3.62475629,40.37580668],[-3.6250563,40.37551667],[-3.62585632,40.37486665],[-3.62656634,40.37428664],[-3.62656634,40.37428664],[-3.62482629,40.3730566],[-3.62577632,40.37226658],[-3.62571632,40.37221657],[-3.62553631,40.37205657],[-3.62544631,40.37197657],[-3.62527631,40.37183656],[-3.6252363,40.37179656],[-3.6251963,40.37174656],[-3.6251763,40.37172656],[-3.6251363,40.37166656],[-3.6250263,40.37145655],[-3.62465629,40.37067653],[-3.62436628,40.37007651],[-3.62417628,40.3696865],[-3.62387627,40.36908648],[-3.62380627,40.36897648],[-3.62382627,40.36872647],[-3.62159621,40.36911648],[-3.62094619,40.36921648],[-3.61904614,40.36949649],[-3.6176661,40.3697465],[-3.61718609,40.3699065],[-3.61546604,40.37067653],[-3.61614606,40.37162656],[-3.61527604,40.37201657],[-3.61538604,40.37217657],[-3.61555604,40.37251658],[-3.61565605,40.37282659],[-3.61571605,40.3731466],[-3.61572605,40.37330661],[-3.61572605,40.37353661],[-3.61570605,40.37377662],[-3.61564605,40.37405663],[-3.61559604,40.37423664],[-3.61551604,40.37445664],[-3.61530604,40.37499666],[-3.61517603,40.37532667],[-3.61503603,40.37568668],[-3.61421601,40.37781674],[-3.613886,40.37864677],[-3.61376599,40.37895678],[-3.61366599,40.37924679],[-3.61368599,40.37923679]]]}},{"type":"Feature","properties":{"CODDIS":"19","NOMDIS":"Vicálvaro","COD_BAR":"191","NOMBRE":"Casco Histórico de Vicálvaro","COD_DIS_TX":"19","BARRIO_MAY":"CASCO HISTORICO DE VICALVARO","COD_DISBAR":"191","NUM_BAR":"1","BARRIO_MT":"CASCO HISTÓRICO DE VICÁLVARO","COD_DISB":"10-1","AREA":21075980.8826},"geometry":{"type":"Polygon","coordinates":[[[-3.57628498,40.41311781],[-3.58560524,40.40728763],[-3.58308517,40.4062276],[-3.57989508,40.40471756],[-3.576955,40.40333751],[-3.57097484,40.40051743],[-3.57028482,40.40019742],[-3.56976481,40.39995741],[-3.56618471,40.39828736],[-3.56350464,40.39703732],[-3.56302463,40.39680732],[-3.55993454,40.39534727],[-3.55753448,40.39421724],[-3.55646445,40.39384723],[-3.55491441,40.39335721],[-3.55396438,40.39313721],[-3.55272435,40.3929772],[-3.55131431,40.3928372],[-3.54997427,40.3928072],[-3.54865424,40.3929072],[-3.54832423,40.3929372],[-3.54676419,40.39313721],[-3.54487414,40.39355722],[-3.54272408,40.39402723],[-3.54265408,40.39359722],[-3.54274408,40.3930972],[-3.54245407,40.39312721],[-3.54195406,40.3929572],[-3.539924,40.39226718],[-3.539884,40.39225718],[-3.53739394,40.39133715],[-3.53733393,40.39131715],[-3.53636391,40.39139715],[-3.5359039,40.39143715],[-3.53544388,40.39147716],[-3.53537388,40.39148716],[-3.53391384,40.39160716],[-3.53363383,40.39162716],[-3.53377384,40.39152716],[-3.53390384,40.39143715],[-3.53407385,40.39131715],[-3.53415385,40.39125715],[-3.53436385,40.39112715],[-3.53451386,40.39102714],[-3.53453386,40.39101714],[-3.53486387,40.39081714],[-3.53497387,40.39074713],[-3.53543388,40.39046713],[-3.53568389,40.39031712],[-3.5358939,40.39018712],[-3.53635391,40.38990711],[-3.53648391,40.38982711],[-3.53681392,40.3896171],[-3.53694392,40.3895371],[-3.53722393,40.38935709],[-3.53726393,40.38932709],[-3.53751394,40.38915709],[-3.53770394,40.38902708],[-3.53790395,40.38888708],[-3.53813396,40.38872707],[-3.53824396,40.38864707],[-3.53856397,40.38841706],[-3.53868397,40.38832706],[-3.53897398,40.38810705],[-3.53898398,40.38809705],[-3.53939399,40.38777704],[-3.53949399,40.38769704],[-3.539794,40.38744703],[-3.539844,40.38740703],[-3.54019401,40.38711702],[-3.54039402,40.38694702],[-3.54058402,40.38677701],[-3.54072403,40.38664701],[-3.54096403,40.386427],[-3.54126404,40.386157],[-3.54134404,40.38607699],[-3.54171405,40.38572698],[-3.54183406,40.38561698],[-3.54208406,40.38537697],[-3.54221407,40.38525697],[-3.54245407,40.38502696],[-3.54277408,40.38472695],[-3.54282408,40.38467695],[-3.54319409,40.38432694],[-3.54328409,40.38423694],[-3.5435641,40.38397693],[-3.54393411,40.38362692],[-3.54404411,40.38352692],[-3.54430412,40.38327691],[-3.54439412,40.38318691],[-3.54467413,40.3829269],[-3.54481414,40.38279689],[-3.54504414,40.38258689],[-3.54511414,40.38251689],[-3.54541415,40.38223688],[-3.54550415,40.38214687],[-3.54578416,40.38188687],[-3.54583416,40.38183687],[-3.54616417,40.38153686],[-3.54619417,40.38151686],[-3.54648418,40.38124685],[-3.54653418,40.38119685],[-3.54678419,40.38095684],[-3.54690419,40.38084684],[-3.5470642,40.38069683],[-3.5472742,40.38049682],[-3.5473842,40.38039682],[-3.54765421,40.38014681],[-3.54775421,40.38005681],[-3.54796422,40.37985681],[-3.54802422,40.3797968],[-3.54812422,40.3796968],[-3.54816423,40.3796568],[-3.54911425,40.37873677],[-3.54962427,40.37823676],[-3.54972427,40.37813675],[-3.54997427,40.37787675],[-3.55000428,40.37783674],[-3.55015428,40.37767674],[-3.55028428,40.37753674],[-3.55031428,40.37749673],[-3.55039429,40.37740673],[-3.55044429,40.37734673],[-3.55061429,40.37715672],[-3.55064429,40.37712672],[-3.5507843,40.37697672],[-3.5509243,40.37681671],[-3.5509743,40.37675671],[-3.5510743,40.37664671],[-3.55127431,40.3764067],[-3.55129431,40.3763767],[-3.55145431,40.37617669],[-3.55160432,40.37598669],[-3.55162432,40.37596669],[-3.55179432,40.37575668],[-3.55191433,40.37560668],[-3.55198433,40.37550667],[-3.55220433,40.37521667],[-3.55222434,40.37519666],[-3.55244434,40.37488666],[-3.55248434,40.37482665],[-3.55264435,40.37460665],[-3.55276435,40.37443664],[-3.55280435,40.37437664],[-3.55293435,40.37418663],[-3.55303436,40.37403663],[-3.55313436,40.37388662],[-3.55329436,40.37363662],[-3.55329436,40.37363662],[-3.55344437,40.37339661],[-3.55355437,40.37322661],[-3.55356437,40.3732166],[-3.55371438,40.3729766],[-3.55376438,40.3728966],[-3.55381438,40.37282659],[-3.55387438,40.37272659],[-3.55390438,40.37268659],[-3.55400438,40.37251658],[-3.55406439,40.37241658],[-3.55418439,40.37221657],[-3.55431439,40.37200657],[-3.55438439,40.37188656],[-3.5545644,40.37159656],[-3.5545744,40.37158656],[-3.5546044,40.37153655],[-3.5547844,40.37124655],[-3.55481441,40.37119654],[-3.55506441,40.37078653],[-3.55507441,40.37077653],[-3.55532442,40.37038652],[-3.55536442,40.37031652],[-3.55550442,40.37008651],[-3.55557443,40.36997651],[-3.55562443,40.3698965],[-3.55583443,40.36956649],[-3.55600444,40.36930649],[-3.55610444,40.36915648],[-3.55610444,40.36915648],[-3.55634445,40.36880647],[-3.55637445,40.36876647],[-3.55637445,40.36876647],[-3.55648445,40.36861647],[-3.55665445,40.36836646],[-3.55668446,40.36832646],[-3.55669446,40.36831646],[-3.55694446,40.36797645],[-3.55694446,40.36797645],[-3.55723447,40.36758643],[-3.55725447,40.36755643],[-3.55730447,40.36748643],[-3.55743448,40.36731643],[-3.55752448,40.36719642],[-3.55769448,40.36698642],[-3.55783449,40.36681641],[-3.55787449,40.36677641],[-3.55790449,40.36673641],[-3.55793449,40.36669641],[-3.5581545,40.3664364],[-3.5581845,40.3664064],[-3.5584645,40.36608639],[-3.5584845,40.36606639],[-3.55865451,40.36586638],[-3.55881451,40.36568638],[-3.55881451,40.36568638],[-3.55900452,40.36547637],[-3.55915452,40.36531637],[-3.55922452,40.36524636],[-3.55949453,40.36495636],[-3.55949453,40.36495636],[-3.55970454,40.36473635],[-3.55984454,40.36459634],[-3.55992454,40.36451634],[-3.56020455,40.36423633],[-3.56027455,40.36416633],[-3.56054456,40.36390632],[-3.56057456,40.36387632],[-3.56060456,40.36384632],[-3.56094457,40.36352631],[-3.56102457,40.36344631],[-3.56128458,40.3632063],[-3.56131458,40.3631763],[-3.56160459,40.36291629],[-3.56169459,40.36283629],[-3.5620046,40.36256628],[-3.5620846,40.36250628],[-3.56227461,40.36234628],[-3.56239461,40.36224627],[-3.56247461,40.36217627],[-3.56270462,40.36198627],[-3.56287462,40.36184626],[-3.56294462,40.36178626],[-3.56305463,40.36169626],[-3.56308463,40.36166626],[-3.56313463,40.36162625],[-3.56328463,40.36150625],[-3.56361464,40.36124624],[-3.56369464,40.36118624],[-3.56376465,40.36113624],[-3.56406465,40.36089623],[-3.56410466,40.36086623],[-3.56423466,40.36076623],[-3.56435466,40.36066623],[-3.56449467,40.36055622],[-3.56451467,40.36053622],[-3.56462467,40.36044622],[-3.56476467,40.36033622],[-3.56486468,40.36026621],[-3.56492468,40.36021621],[-3.56500468,40.36014621],[-3.56514468,40.36004621],[-3.56522469,40.36007621],[-3.56612471,40.36026621],[-3.56669473,40.36041622],[-3.56740474,40.36061622],[-3.56808476,40.36084623],[-3.56881478,40.36111624],[-3.5693348,40.36130625],[-3.56979481,40.36150625],[-3.57016482,40.36168626],[-3.57041483,40.36183626],[-3.57413493,40.36433634],[-3.57622498,40.36573638],[-3.576755,40.36610639],[-3.577015,40.36626639],[-3.57741501,40.3664864],[-3.57768502,40.36661641],[-3.57795503,40.36672641],[-3.57827504,40.36684641],[-3.57855505,40.36693642],[-3.57892506,40.36702642],[-3.57929507,40.36709642],[-3.57965508,40.36714642],[-3.58011509,40.36717642],[-3.58160513,40.36723642],[-3.58252515,40.36726643],[-3.58333517,40.36730643],[-3.58381519,40.36735643],[-3.5843352,40.36745643],[-3.58490522,40.36760644],[-3.58526523,40.36774644],[-3.58560524,40.36788644],[-3.58595524,40.36805645],[-3.58773529,40.36899648],[-3.58940534,40.3698365],[-3.59076537,40.37046652],[-3.59226542,40.37118654],[-3.59567551,40.37282659],[-3.59743555,40.37367662],[-3.59841558,40.37416663],[-3.59867559,40.37432664],[-3.59883559,40.37442664],[-3.5990256,40.37455665],[-3.5992456,40.37471665],[-3.59952561,40.37495666],[-3.59978562,40.37523667],[-3.60001562,40.37552667],[-3.60021563,40.37582668],[-3.60070564,40.37671671],[-3.60048564,40.37682671],[-3.60029563,40.37694672],[-3.60013563,40.37706672],[-3.59995562,40.37724673],[-3.59965561,40.37762674],[-3.59949561,40.37793675],[-3.59939561,40.37818675],[-3.5993056,40.37837676],[-3.5992356,40.37851676],[-3.5991556,40.37865677],[-3.5990756,40.37876677],[-3.5989956,40.37885678],[-3.59890559,40.37894678],[-3.59874559,40.37906678],[-3.59858559,40.37917678],[-3.59779556,40.3796668],[-3.59948561,40.38233688],[-3.59956561,40.38236688],[-3.60012563,40.38240688],[-3.60053564,40.38253689],[-3.60081565,40.38267689],[-3.60102565,40.3828869],[-3.60113565,40.3831369],[-3.60110565,40.38341691],[-3.60080565,40.38393693],[-3.60084565,40.38416694],[-3.60104565,40.38465695],[-3.60135566,40.38512696],[-3.60169567,40.38558698],[-3.60232569,40.386207],[-3.6028557,40.386467],[-3.60301571,40.38654701],[-3.60346572,40.38667701],[-3.60372572,40.38668701],[-3.60389573,40.38668701],[-3.60412573,40.38664701],[-3.60524577,40.38599699],[-3.60554577,40.386267],[-3.60564578,40.386447],[-3.60575578,40.38650701],[-3.60586578,40.38652701],[-3.60598579,40.38650701],[-3.60615579,40.386447],[-3.6063558,40.386347],[-3.6064758,40.386257],[-3.60704581,40.38666701],[-3.60760583,40.38702702],[-3.60810584,40.38730703],[-3.60858586,40.38754704],[-3.60839585,40.38778704],[-3.60776583,40.38853707],[-3.60733582,40.38913709],[-3.60693581,40.3897571],[-3.6064658,40.39065713],[-3.60573578,40.39207717],[-3.60555577,40.39250719],[-3.60552577,40.39255719],[-3.60540577,40.39270719],[-3.60509576,40.39330721],[-3.60454575,40.39428724],[-3.60431574,40.39462725],[-3.60413574,40.39489726],[-3.60393573,40.39519727],[-3.60357572,40.39566728],[-3.60352572,40.39572728],[-3.60327571,40.39601729],[-3.60305571,40.3962373],[-3.6027157,40.39656731],[-3.60229569,40.39690732],[-3.60190568,40.39720733],[-3.60132566,40.39760734],[-3.60043564,40.39816736],[-3.59988562,40.39848737],[-3.59938561,40.39877738],[-3.59889559,40.39909739],[-3.59847558,40.39935739],[-3.59806557,40.3996174],[-3.59758556,40.39989741],[-3.59700554,40.40020742],[-3.59644553,40.40055743],[-3.59593551,40.40087744],[-3.59506549,40.40140746],[-3.59483548,40.40154746],[-3.59454548,40.40172747],[-3.59405546,40.40202747],[-3.59383546,40.40217748],[-3.59358545,40.40232748],[-3.59420547,40.4028975],[-3.59443547,40.40310751],[-3.59459548,40.40325751],[-3.59491549,40.40350752],[-3.59512549,40.40360752],[-3.5953755,40.40372753],[-3.59616552,40.40405754],[-3.59762556,40.40463755],[-3.59800557,40.40410754],[-3.59834558,40.40364752],[-3.59844558,40.40353752],[-3.59858559,40.40338752],[-3.59892559,40.40307751],[-3.59936561,40.4027375],[-3.59976562,40.40243749],[-3.60028563,40.4027775],[-3.60068564,40.4027775],[-3.60133566,40.4027175],[-3.60145566,40.4027275],[-3.60168567,40.4027375],[-3.60205568,40.4028075],[-3.60234569,40.4028375],[-3.60240569,40.4028175],[-3.60245569,40.4027875],[-3.60249569,40.4027275],[-3.60250569,40.40268749],[-3.60242569,40.40257749],[-3.60225568,40.40247749],[-3.60179567,40.40223748],[-3.60148566,40.40207748],[-3.60114565,40.40189747],[-3.60067564,40.40165746],[-3.60077564,40.40152746],[-3.60170567,40.40021742],[-3.60182567,40.40014742],[-3.60209568,40.40019742],[-3.6027357,40.40027742],[-3.6029857,40.40031742],[-3.60307571,40.40031742],[-3.60318571,40.40031742],[-3.60339572,40.40031742],[-3.60365572,40.40031742],[-3.60386573,40.40031742],[-3.60416574,40.40030742],[-3.60437574,40.40031742],[-3.60462575,40.40031742],[-3.60497576,40.40032742],[-3.60505576,40.40033742],[-3.60590578,40.40053743],[-3.60630579,40.40064743],[-3.6064958,40.40018742],[-3.6066358,40.39980741],[-3.6066558,40.39976741],[-3.60719582,40.39994741],[-3.60787584,40.40021742],[-3.60886586,40.40063743],[-3.61175594,40.40182747],[-3.61183594,40.40185747],[-3.61186594,40.40186747],[-3.61230596,40.40202747],[-3.61366599,40.40240749],[-3.61449601,40.40267749],[-3.61493603,40.4028275],[-3.61537604,40.4029175],[-3.61588605,40.4029575],[-3.61654607,40.4029775],[-3.61676608,40.40340752],[-3.61682608,40.40352752],[-3.61687608,40.40365752],[-3.61699608,40.40394753],[-3.61707608,40.40418754],[-3.61715609,40.40453755],[-3.61718609,40.40496756],[-3.61715609,40.40527757],[-3.61705608,40.40560758],[-3.61792611,40.40564758],[-3.61867613,40.40567758],[-3.61958615,40.40577759],[-3.62058618,40.40587759],[-3.62394627,40.4061776],[-3.62395627,40.4061776],[-3.62393627,40.4062176],[-3.62036617,40.41308781],[-3.62020617,40.41334782],[-3.62013617,40.41345782],[-3.62010617,40.41350782],[-3.62006616,40.41356782],[-3.61999616,40.41367783],[-3.61991616,40.41378783],[-3.61983616,40.41389783],[-3.61977616,40.41396784],[-3.61970616,40.41404784],[-3.61951615,40.41425784],[-3.61902614,40.41468786],[-3.61877613,40.41488786],[-3.61860613,40.41500787],[-3.61842612,40.41510787],[-3.61825612,40.41520787],[-3.61818611,40.41524787],[-3.61806611,40.41530788],[-3.61798611,40.41534788],[-3.6177661,40.41543788],[-3.6174861,40.41554788],[-3.613946,40.41693792],[-3.61083592,40.41794796],[-3.6102959,40.41316781],[-3.60849585,40.4127278],[-3.60794584,40.41260779],[-3.60731582,40.41248779],[-3.6066958,40.41238779],[-3.60585578,40.41226778],[-3.60343572,40.41194777],[-3.60194568,40.41173777],[-3.59962561,40.41133776],[-3.59819558,40.41106775],[-3.59587551,40.41056773],[-3.59490549,40.41032773],[-3.59350545,40.40995771],[-3.59235542,40.4096277],[-3.59132539,40.4093277],[-3.58953534,40.40874768],[-3.58864532,40.40843767],[-3.58844531,40.40892768],[-3.58833531,40.40918769],[-3.58820531,40.4093977],[-3.5880253,40.4096477],[-3.58711528,40.41070774],[-3.58625525,40.41168777],[-3.58505522,40.41305781],[-3.58447521,40.41370783],[-3.5842152,40.41402784],[-3.58403519,40.41426784],[-3.58381519,40.41461785],[-3.58364518,40.41489786],[-3.58349518,40.41515787],[-3.58335517,40.41539788],[-3.58322517,40.41564789],[-3.58315517,40.41580789],[-3.58311517,40.41592789],[-3.58307517,40.4160479],[-3.58305517,40.4161579],[-3.58303517,40.41629791],[-3.58302517,40.41645791],[-3.58301517,40.41659791],[-3.58299517,40.41709793],[-3.58297516,40.41759794],[-3.58296516,40.41774795],[-3.58294516,40.41788795],[-3.58292516,40.41804796],[-3.58290516,40.41815796],[-3.58286516,40.41830797],[-3.58281516,40.41846797],[-3.58275516,40.41863798],[-3.58267516,40.41881798],[-3.58257515,40.41899799],[-3.58220514,40.41967801],[-3.58194514,40.42013802],[-3.58173513,40.42050803],[-3.58162513,40.42068804],[-3.58118512,40.42132806],[-3.5807551,40.42195808],[-3.58031509,40.4225881],[-3.57976508,40.42336812],[-3.57943507,40.42381813],[-3.57870505,40.42465816],[-3.57836504,40.42503817],[-3.57813503,40.42530818],[-3.57797503,40.42551818],[-3.57784503,40.42573819],[-3.57774502,40.4259382],[-3.57767502,40.4260982],[-3.57750502,40.4260682],[-3.57525496,40.42556819],[-3.57579497,40.42470816],[-3.57600498,40.42436815],[-3.57613498,40.42414814],[-3.57626498,40.42389813],[-3.57635499,40.42369813],[-3.57643499,40.42350812],[-3.57659499,40.42299811],[-3.576705,40.4226081],[-3.576775,40.42228809],[-3.576835,40.42198808],[-3.576965,40.42162807],[-3.57716501,40.42121805],[-3.57730501,40.42099805],[-3.57764502,40.42025803],[-3.57830504,40.41925799],[-3.57842504,40.41902799],[-3.57862505,40.41863798],[-3.57879505,40.41830797],[-3.57914506,40.41785795],[-3.57953507,40.41733794],[-3.57805503,40.41498787],[-3.57818504,40.41483786],[-3.57763502,40.41365783],[-3.57628498,40.41311781]]]}},{"type":"Feature","properties":{"CODDIS":"19","NOMDIS":"Vicálvaro","COD_BAR":"192","NOMBRE":"Valdebernardo","COD_DIS_TX":"19","BARRIO_MAY":"VALDEBERNARDO","COD_DISBAR":"192","NUM_BAR":"2","BARRIO_MT":"VALDEBERNARDO","COD_DISB":"19-2","AREA":2555116.49592},"geometry":{"type":"Polygon","coordinates":[[[-3.60555577,40.39250719],[-3.60573578,40.39207717],[-3.6064658,40.39065713],[-3.60693581,40.3897571],[-3.60733582,40.38913709],[-3.60776583,40.38853707],[-3.60839585,40.38778704],[-3.60858586,40.38754704],[-3.60865586,40.38756704],[-3.60865586,40.38756704],[-3.60917587,40.38779704],[-3.60987589,40.38808705],[-3.6103059,40.38822706],[-3.61089592,40.38840706],[-3.61145593,40.38855707],[-3.61208595,40.38869707],[-3.61573605,40.3894871],[-3.61856612,40.39010711],[-3.61938615,40.39028712],[-3.62188621,40.39083714],[-3.62301624,40.39108714],[-3.6251163,40.39154716],[-3.62746636,40.39205717],[-3.62979643,40.39256719],[-3.62797638,40.39580729],[-3.62771637,40.3963373],[-3.62749637,40.39682732],[-3.62729636,40.39730733],[-3.62707635,40.39794735],[-3.62688635,40.39859737],[-3.62679635,40.39902738],[-3.62660634,40.39987741],[-3.62640634,40.40074744],[-3.62624633,40.40131745],[-3.62610633,40.40176747],[-3.62591632,40.40227748],[-3.62566632,40.4028675],[-3.62544631,40.40331751],[-3.62527631,40.40365752],[-3.62394627,40.4061776],[-3.62394627,40.4061776],[-3.62058618,40.40587759],[-3.61958615,40.40577759],[-3.61867613,40.40567758],[-3.61792611,40.40564758],[-3.61705608,40.40560758],[-3.61715609,40.40527757],[-3.61718609,40.40496756],[-3.61715609,40.40453755],[-3.61707608,40.40418754],[-3.61699608,40.40394753],[-3.61687608,40.40365752],[-3.61682608,40.40352752],[-3.61676608,40.40340752],[-3.61654607,40.4029775],[-3.61588605,40.4029575],[-3.61537604,40.4029175],[-3.61493603,40.4028275],[-3.61449601,40.40267749],[-3.61366599,40.40240749],[-3.61230596,40.40202747],[-3.61186594,40.40186747],[-3.61183594,40.40185747],[-3.61175594,40.40182747],[-3.60886586,40.40063743],[-3.60787584,40.40021742],[-3.60719582,40.39994741],[-3.6066758,40.39977741],[-3.60681581,40.3995774],[-3.60791584,40.39859737],[-3.60882586,40.39777735],[-3.60893586,40.39767734],[-3.60988589,40.39681732],[-3.60879586,40.3960873],[-3.60966588,40.39524727],[-3.60838585,40.39440724],[-3.60863586,40.39418724],[-3.60872586,40.39407723],[-3.60874586,40.39403723],[-3.60849585,40.39392723],[-3.60737582,40.39333721],[-3.60679581,40.3930072],[-3.60632579,40.3927672],[-3.60556577,40.39251719],[-3.60555577,40.39250719]]]}},{"type":"Feature","properties":{"CODDIS":"19","NOMDIS":"Vicálvaro","COD_BAR":"193","NOMBRE":"Valderrivas","COD_DIS_TX":"19","BARRIO_MAY":"VALDERRIVAS","COD_DISBAR":"193","NUM_BAR":"3","BARRIO_MT":"VALDERRIVAS","COD_DISB":"19-3","AREA":643123.887829},"geometry":{"type":"Polygon","coordinates":[[[-3.6066558,40.39976741],[-3.6066358,40.39980741],[-3.6064958,40.40018742],[-3.60630579,40.40064743],[-3.60590578,40.40053743],[-3.60505576,40.40033742],[-3.60497576,40.40032742],[-3.60462575,40.40031742],[-3.60437574,40.40031742],[-3.60416574,40.40030742],[-3.60386573,40.40031742],[-3.60365572,40.40031742],[-3.60339572,40.40031742],[-3.60318571,40.40031742],[-3.60307571,40.40031742],[-3.6029857,40.40031742],[-3.6027357,40.40027742],[-3.60209568,40.40019742],[-3.60182567,40.40014742],[-3.60170567,40.40021742],[-3.60077564,40.40152746],[-3.60067564,40.40165746],[-3.60114565,40.40189747],[-3.60148566,40.40207748],[-3.60179567,40.40223748],[-3.60225568,40.40247749],[-3.60242569,40.40257749],[-3.60250569,40.40268749],[-3.60249569,40.4027275],[-3.60245569,40.4027875],[-3.60240569,40.4028175],[-3.60234569,40.4028375],[-3.60205568,40.4028075],[-3.60168567,40.4027375],[-3.60145566,40.4027275],[-3.60133566,40.4027175],[-3.60068564,40.4027775],[-3.60028563,40.4027775],[-3.59976562,40.40243749],[-3.59936561,40.4027375],[-3.59892559,40.40307751],[-3.59858559,40.40338752],[-3.59844558,40.40353752],[-3.59834558,40.40364752],[-3.59800557,40.40410754],[-3.59762556,40.40463755],[-3.59616552,40.40405754],[-3.5953755,40.40372753],[-3.59512549,40.40360752],[-3.59491549,40.40350752],[-3.59459548,40.40325751],[-3.59443547,40.40310751],[-3.59420547,40.4028975],[-3.59358545,40.40232748],[-3.59383546,40.40217748],[-3.59405546,40.40202747],[-3.59454548,40.40172747],[-3.59483548,40.40154746],[-3.59506549,40.40140746],[-3.59593551,40.40087744],[-3.59644553,40.40055743],[-3.59700554,40.40020742],[-3.59758556,40.39989741],[-3.59806557,40.3996174],[-3.59847558,40.39935739],[-3.59889559,40.39909739],[-3.59938561,40.39877738],[-3.59988562,40.39848737],[-3.60043564,40.39816736],[-3.60132566,40.39760734],[-3.60190568,40.39720733],[-3.60229569,40.39690732],[-3.6027157,40.39656731],[-3.60305571,40.3962373],[-3.60327571,40.39601729],[-3.60352572,40.39572728],[-3.60357572,40.39566728],[-3.60393573,40.39519727],[-3.60413574,40.39489726],[-3.60431574,40.39462725],[-3.60454575,40.39428724],[-3.60509576,40.39330721],[-3.60540577,40.39270719],[-3.60552577,40.39255719],[-3.60555577,40.39251719],[-3.60632579,40.3927672],[-3.60679581,40.3930072],[-3.60737582,40.39333721],[-3.60849585,40.39392723],[-3.60874586,40.39403723],[-3.60872586,40.39407723],[-3.60863586,40.39418724],[-3.60838585,40.39440724],[-3.60966588,40.39524727],[-3.60879586,40.3960873],[-3.60988589,40.39681732],[-3.60893586,40.39767734],[-3.60882586,40.39777735],[-3.60791584,40.39859737],[-3.60681581,40.3995774],[-3.6066758,40.39977741],[-3.6066558,40.39976741]]]}},{"type":"Feature","properties":{"CODDIS":"19","NOMDIS":"Vicálvaro","COD_BAR":"194","NOMBRE":"El Cañaveral","COD_DIS_TX":"19","BARRIO_MAY":"EL CAÑAVERAL","COD_DISBAR":"194","NUM_BAR":"4","BARRIO_MT":"EL CAÑAVERAL","COD_DISB":"19-4","AREA":10567689.9928},"geometry":{"type":"Polygon","coordinates":[[[-3.57628498,40.41311781],[-3.57289489,40.41176777],[-3.57289489,40.41176777],[-3.57261489,40.41187777],[-3.57230488,40.41191777],[-3.57199487,40.41193777],[-3.57166486,40.41194777],[-3.57131485,40.41198778],[-3.57107484,40.41197778],[-3.57090484,40.41196777],[-3.57055483,40.41206778],[-3.57024482,40.41217778],[-3.56981481,40.41234779],[-3.5695248,40.41248779],[-3.56913479,40.4126578],[-3.56884478,40.4127978],[-3.56863478,40.4128678],[-3.56839477,40.4129578],[-3.56795476,40.41303781],[-3.56478467,40.41353782],[-3.56454467,40.41354782],[-3.56412466,40.41354782],[-3.56369464,40.41352782],[-3.56359464,40.41346782],[-3.56304463,40.41346782],[-3.56249461,40.41339782],[-3.5620546,40.41334782],[-3.56168459,40.41331782],[-3.56126458,40.41327781],[-3.56086457,40.41326781],[-3.56047456,40.41324781],[-3.56018455,40.41324781],[-3.55959453,40.41318781],[-3.55915452,40.41315781],[-3.55871451,40.41308781],[-3.5583745,40.41299781],[-3.55784449,40.4128678],[-3.55752448,40.4127378],[-3.55719447,40.41256779],[-3.55691446,40.41244779],[-3.55647445,40.41230778],[-3.55590443,40.41213778],[-3.55550442,40.41202778],[-3.55508441,40.41196777],[-3.5546444,40.41196777],[-3.55417439,40.41189777],[-3.55340437,40.41169777],[-3.55311436,40.41172777],[-3.55275435,40.41176777],[-3.55245434,40.41180777],[-3.55217433,40.41184777],[-3.55179432,40.41187777],[-3.55140431,40.41192777],[-3.55124431,40.41191777],[-3.5510343,40.41191777],[-3.55048429,40.41194777],[-3.55009428,40.41201778],[-3.54959426,40.41215778],[-3.54928426,40.41233779],[-3.54512414,40.41148776],[-3.54497414,40.41143776],[-3.54495414,40.41144776],[-3.54495414,40.41144776],[-3.54486414,40.41146776],[-3.54483414,40.41146776],[-3.54455413,40.41139776],[-3.54449413,40.41138776],[-3.54440412,40.41136776],[-3.54436412,40.41136776],[-3.54421412,40.41136776],[-3.54413412,40.41136776],[-3.54401411,40.41136776],[-3.54399411,40.41136776],[-3.54383411,40.41135776],[-3.54376411,40.41135776],[-3.54368411,40.41135776],[-3.5436541,40.41135776],[-3.5435141,40.41133776],[-3.5434841,40.41133776],[-3.5434541,40.41132776],[-3.5433341,40.41128775],[-3.54329409,40.41128775],[-3.54318409,40.41127775],[-3.54270408,40.41113775],[-3.54247407,40.41107775],[-3.54228407,40.41105775],[-3.54220407,40.41103775],[-3.54206406,40.41099775],[-3.54195406,40.41096774],[-3.54165405,40.41087774],[-3.54154405,40.41082774],[-3.54148405,40.41080774],[-3.54142404,40.41078774],[-3.54137404,40.41077774],[-3.54131404,40.41075774],[-3.54126404,40.41074774],[-3.54108403,40.41072774],[-3.54098403,40.41071774],[-3.54094403,40.41070774],[-3.54091403,40.41070774],[-3.54077403,40.41069774],[-3.54059402,40.41068774],[-3.54054402,40.41068774],[-3.54047402,40.41068774],[-3.54042402,40.41068774],[-3.54027401,40.41066774],[-3.54026401,40.41066774],[-3.54026401,40.41066774],[-3.54019401,40.41065774],[-3.54015401,40.41064773],[-3.54001401,40.41061773],[-3.54000401,40.41061773],[-3.539924,40.41058773],[-3.539774,40.41052773],[-3.539734,40.41070774],[-3.539734,40.41092774],[-3.539734,40.41113775],[-3.539744,40.41119775],[-3.539774,40.41141776],[-3.539764,40.41144776],[-3.539734,40.41149776],[-3.539714,40.41154776],[-3.539684,40.41158776],[-3.539664,40.41161776],[-3.539624,40.41163776],[-3.53951399,40.41165777],[-3.53935399,40.41163776],[-3.53908398,40.41156776],[-3.53901398,40.41155776],[-3.53870397,40.41146776],[-3.53850397,40.41144776],[-3.53829396,40.41144776],[-3.53798395,40.41166777],[-3.53790395,40.41176777],[-3.53787395,40.41184777],[-3.53786395,40.41189777],[-3.53789395,40.41218778],[-3.53787395,40.41225778],[-3.53784395,40.41229778],[-3.53777395,40.41237779],[-3.53756394,40.41248779],[-3.53741394,40.41254779],[-3.53727393,40.41258779],[-3.53718393,40.41259779],[-3.53687392,40.41261779],[-3.53679392,40.41261779],[-3.53664392,40.41260779],[-3.53646391,40.41258779],[-3.53631391,40.41255779],[-3.5362039,40.41253779],[-3.5362139,40.4126678],[-3.5362039,40.4127578],[-3.5361539,40.4128778],[-3.5361239,40.4129278],[-3.5360139,40.41302781],[-3.5359339,40.41308781],[-3.53578389,40.41313781],[-3.53563389,40.41316781],[-3.53563389,40.41316781],[-3.53517388,40.41442785],[-3.53485387,40.41434785],[-3.53459386,40.41429785],[-3.53430385,40.41424784],[-3.53400384,40.41419784],[-3.53372384,40.41416784],[-3.53342383,40.41413784],[-3.53329382,40.41412784],[-3.53301382,40.41412784],[-3.53281381,40.41413784],[-3.53256381,40.41415784],[-3.5323638,40.41417784],[-3.53205379,40.41422784],[-3.53188379,40.41426784],[-3.53167378,40.41431785],[-3.53159378,40.41433785],[-3.53151378,40.41435785],[-3.53135377,40.41441785],[-3.53114377,40.41449785],[-3.53093376,40.41458785],[-3.53074376,40.41464786],[-3.53052375,40.41469786],[-3.53042375,40.41471786],[-3.53024374,40.41472786],[-3.53120377,40.42009802],[-3.53043375,40.419568],[-3.52991373,40.41920799],[-3.52930372,40.41879798],[-3.5287237,40.41839797],[-3.52805368,40.41794796],[-3.52762367,40.41766795],[-3.52703366,40.41732794],[-3.52656364,40.41707793],[-3.52636364,40.41695793],[-3.52606363,40.41680792],[-3.52584362,40.41669792],[-3.52565362,40.41658791],[-3.52552362,40.41652791],[-3.52545361,40.41649791],[-3.52540361,40.41646791],[-3.52536361,40.41644791],[-3.52530361,40.41641791],[-3.52526361,40.41639791],[-3.52519361,40.41635791],[-3.52514361,40.41631791],[-3.5250636,40.4162479],[-3.5250236,40.4161979],[-3.5249836,40.4161379],[-3.5249436,40.4160579],[-3.5249036,40.4159879],[-3.5248336,40.41584789],[-3.52469359,40.41559788],[-3.52463359,40.41550788],[-3.52458359,40.41544788],[-3.52455359,40.41540788],[-3.52450359,40.41535788],[-3.52445359,40.41530788],[-3.52438358,40.41525787],[-3.52422358,40.41514787],[-3.52403358,40.41502787],[-3.52387357,40.41492786],[-3.52361356,40.41477786],[-3.52318355,40.41450785],[-3.52283354,40.41428784],[-3.52263354,40.41415784],[-3.52256354,40.41410784],[-3.52249353,40.41405784],[-3.52244353,40.41401784],[-3.52238353,40.41395783],[-3.52224353,40.41383783],[-3.52210352,40.41366783],[-3.52196352,40.41347782],[-3.52186352,40.41334782],[-3.52169351,40.41312781],[-3.52149351,40.4128378],[-3.5211035,40.41230778],[-3.52089349,40.41200778],[-3.52082349,40.41190777],[-3.52078349,40.41184777],[-3.52075349,40.41179777],[-3.52070349,40.41169777],[-3.52064348,40.41156776],[-3.52058348,40.41142776],[-3.52037348,40.41084774],[-3.52030347,40.41070774],[-3.52021347,40.41055773],[-3.51978346,40.40999772],[-3.51991346,40.40994771],[-3.51983346,40.40983771],[-3.51971346,40.40966771],[-3.51952345,40.4094177],[-3.51944345,40.40931769],[-3.51939345,40.40924769],[-3.51932345,40.40915769],[-3.51927345,40.40908769],[-3.51922345,40.40899769],[-3.51920344,40.40895768],[-3.51918344,40.40890768],[-3.51917344,40.40885768],[-3.51916344,40.40879768],[-3.51915344,40.40873768],[-3.51916344,40.40862767],[-3.51918344,40.40850767],[-3.51920344,40.40836767],[-3.51922345,40.40821766],[-3.51925345,40.40802766],[-3.51927345,40.40780765],[-3.51930345,40.40749764],[-3.51930345,40.40726763],[-3.51930345,40.40714763],[-3.51931345,40.40701763],[-3.51931345,40.40689762],[-3.51931345,40.40677762],[-3.51930345,40.40665761],[-3.51930345,40.40653761],[-3.51929345,40.40638761],[-3.51927345,40.4061776],[-3.51924345,40.40599759],[-3.51922345,40.40579759],[-3.51918344,40.40556758],[-3.51916344,40.40540758],[-3.51913344,40.40523757],[-3.51907344,40.40497756],[-3.51904344,40.40483756],[-3.51900344,40.40470756],[-3.51895344,40.40457755],[-3.51891344,40.40448755],[-3.51885344,40.40436755],[-3.51878343,40.40423754],[-3.51870343,40.40410754],[-3.51860343,40.40396753],[-3.51849343,40.40378753],[-3.51842342,40.40368752],[-3.51835342,40.40355752],[-3.51829342,40.40343752],[-3.51824342,40.40330751],[-3.51819342,40.40315751],[-3.51817342,40.40305751],[-3.51816342,40.4029575],[-3.51814342,40.4028475],[-3.51813342,40.4027375],[-3.51812342,40.40261749],[-3.51812342,40.40251749],[-3.51812342,40.40240749],[-3.51811342,40.40225748],[-3.51811342,40.40214748],[-3.51811342,40.40205748],[-3.51812342,40.40196747],[-3.51814342,40.40185747],[-3.51815342,40.40175747],[-3.51817342,40.40162746],[-3.51819342,40.40148746],[-3.51822342,40.40133745],[-3.51827342,40.40113745],[-3.51833342,40.40092744],[-3.51837342,40.40075744],[-3.51841342,40.40059743],[-3.51845342,40.40043743],[-3.51849343,40.40029742],[-3.51854343,40.40011742],[-3.51859343,40.39997741],[-3.51863343,40.39988741],[-3.51865343,40.39982741],[-3.51869343,40.3997174],[-3.51874343,40.3995974],[-3.51880343,40.3994774],[-3.51890344,40.39926739],[-3.51900344,40.39905738],[-3.51903344,40.39897738],[-3.51910344,40.39882738],[-3.51916344,40.39869737],[-3.51920344,40.39861737],[-3.51924345,40.39853737],[-3.51928345,40.39844737],[-3.51931345,40.39836736],[-3.51935345,40.39827736],[-3.51937345,40.39821736],[-3.51939345,40.39815736],[-3.51941345,40.39809736],[-3.51943345,40.39804735],[-3.51944345,40.39798735],[-3.51945345,40.39794735],[-3.51946345,40.39790735],[-3.51946345,40.39787735],[-3.51946345,40.39785735],[-3.51956345,40.39786735],[-3.51958346,40.39774735],[-3.52028347,40.39378723],[-3.52037348,40.39210718],[-3.52255354,40.39186717],[-3.52430358,40.39084714],[-3.52685365,40.38979711],[-3.52911371,40.38938709],[-3.53204379,40.39142715],[-3.53282381,40.39169716],[-3.53359383,40.39163716],[-3.53391384,40.39160716],[-3.53537388,40.39148716],[-3.53544388,40.39147716],[-3.5359039,40.39143715],[-3.53636391,40.39139715],[-3.53733393,40.39131715],[-3.53739394,40.39133715],[-3.539884,40.39225718],[-3.539924,40.39226718],[-3.54195406,40.3929572],[-3.54245407,40.39312721],[-3.54269408,40.39310721],[-3.54265408,40.39359722],[-3.54272408,40.39402723],[-3.54487414,40.39355722],[-3.54676419,40.39313721],[-3.54832423,40.3929372],[-3.54865424,40.3929072],[-3.54997427,40.3928072],[-3.55131431,40.3928372],[-3.55272435,40.3929772],[-3.55396438,40.39313721],[-3.55491441,40.39335721],[-3.55646445,40.39384723],[-3.55753448,40.39421724],[-3.55993454,40.39534727],[-3.56302463,40.39680732],[-3.56350464,40.39703732],[-3.56618471,40.39828736],[-3.56976481,40.39995741],[-3.57028482,40.40019742],[-3.57097484,40.40051743],[-3.576955,40.40333751],[-3.57989508,40.40471756],[-3.58308517,40.4062276],[-3.58560524,40.40728763],[-3.57628498,40.41311781]]]}},{"type":"Feature","properties":{"CODDIS":"20","NOMDIS":"San Blas - Canillejas","COD_BAR":"201","NOMBRE":"Simancas","COD_DIS_TX":"20","BARRIO_MAY":"SIMANCAS","COD_DISBAR":"201","NUM_BAR":"1","BARRIO_MT":"SIMANCAS","COD_DISB":"20-1","AREA":2276342.53586},"geometry":{"type":"Polygon","coordinates":[[[-3.61218595,40.43460846],[-3.61364599,40.43427845],[-3.61482602,40.43400844],[-3.61540604,40.43387844],[-3.61610606,40.43377843],[-3.61688608,40.43377843],[-3.6177561,40.43378843],[-3.61885613,40.43379843],[-3.61957615,40.43376843],[-3.62038617,40.43358843],[-3.62097619,40.43334842],[-3.62164621,40.43308841],[-3.62258623,40.4292383],[-3.62310625,40.42847827],[-3.62312625,40.42843827],[-3.62339625,40.42821827],[-3.62387627,40.42782825],[-3.6252163,40.42680822],[-3.62573632,40.42642821],[-3.62840639,40.42447815],[-3.62941642,40.4259782],[-3.62953642,40.4261582],[-3.63007643,40.42686822],[-3.63071645,40.42775825],[-3.63128647,40.42855828],[-3.63165648,40.42907829],[-3.63203649,40.42959831],[-3.63211649,40.42970831],[-3.6323765,40.43005832],[-3.63308652,40.43102835],[-3.63371653,40.43191838],[-3.63384654,40.43210838],[-3.63392654,40.43221839],[-3.63444655,40.43293841],[-3.63485656,40.43351843],[-3.63516657,40.43395844],[-3.63568659,40.43464846],[-3.63656661,40.4358685],[-3.63802665,40.43788856],[-3.63546658,40.43857858],[-3.63403654,40.43896859],[-3.63283651,40.4392986],[-3.63209649,40.43949861],[-3.63063645,40.43988862],[-3.62809638,40.44058864],[-3.62562631,40.44126866],[-3.62348626,40.44185868],[-3.62012617,40.4427687],[-3.6176661,40.44344873],[-3.61688608,40.44371873],[-3.61558604,40.44135866],[-3.61509603,40.44048864],[-3.61455602,40.43947861],[-3.61427601,40.43899859],[-3.613836,40.43820857],[-3.61325598,40.43716854],[-3.61246596,40.43568849],[-3.61238596,40.43552849],[-3.61235596,40.43538848],[-3.61217595,40.43460846],[-3.61218595,40.43460846]]]}},{"type":"Feature","properties":{"CODDIS":"20","NOMDIS":"San Blas - Canillejas","COD_BAR":"202","NOMBRE":"Hellín","COD_DIS_TX":"20","BARRIO_MAY":"HELLIN","COD_DISBAR":"202","NUM_BAR":"2","BARRIO_MT":"HELLÍN","COD_DISB":"20-2","AREA":550555.375294},"geometry":{"type":"Polygon","coordinates":[[[-3.61218595,40.43460846],[-3.61203595,40.43396844],[-3.61173594,40.4326584],[-3.61105592,40.42964831],[-3.61104592,40.42953831],[-3.61099592,40.42901829],[-3.61121593,40.42862828],[-3.61248596,40.42746824],[-3.61322598,40.42792826],[-3.61341599,40.42796826],[-3.61345599,40.42797826],[-3.61506603,40.42798826],[-3.61561604,40.4295283],[-3.61785611,40.4293183],[-3.61951615,40.42916829],[-3.62002616,40.42910829],[-3.62023617,40.42907829],[-3.62035617,40.42903829],[-3.62038617,40.42901829],[-3.62051618,40.42897829],[-3.6212662,40.42861828],[-3.62265623,40.42797826],[-3.62266623,40.42796826],[-3.62288624,40.42781825],[-3.62367626,40.42695823],[-3.62436628,40.4262182],[-3.62444628,40.4261582],[-3.62458629,40.4260682],[-3.62477629,40.4259682],[-3.6252463,40.42575819],[-3.62573632,40.42640821],[-3.6252163,40.42680822],[-3.62387627,40.42782825],[-3.62339625,40.42821827],[-3.62312625,40.42843827],[-3.62310625,40.42847827],[-3.62258623,40.4292383],[-3.62164621,40.43308841],[-3.62097619,40.43334842],[-3.62038617,40.43358843],[-3.61957615,40.43376843],[-3.61885613,40.43379843],[-3.6177561,40.43378843],[-3.61688608,40.43377843],[-3.61610606,40.43377843],[-3.61540604,40.43387844],[-3.61482602,40.43400844],[-3.61364599,40.43427845],[-3.61218595,40.43460846]]]}},{"type":"Feature","properties":{"CODDIS":"20","NOMDIS":"San Blas - Canillejas","COD_BAR":"203","NOMBRE":"Amposta","COD_DIS_TX":"20","BARRIO_MAY":"AMPOSTA","COD_DISBAR":"203","NUM_BAR":"3","BARRIO_MT":"AMPOSTA","COD_DISB":"20-3","AREA":370250.298003},"geometry":{"type":"Polygon","coordinates":[[[-3.61506603,40.42799826],[-3.61798611,40.42690823],[-3.61821611,40.42677822],[-3.62080618,40.42532818],[-3.62036617,40.42472816],[-3.62198622,40.42405814],[-3.62351626,40.42341812],[-3.62526631,40.4226681],[-3.62555631,40.42254809],[-3.62659634,40.42210808],[-3.62741636,40.42324812],[-3.62840639,40.42447815],[-3.62572632,40.42641821],[-3.6252463,40.42575819],[-3.62477629,40.4259682],[-3.62458629,40.4260682],[-3.62444628,40.4261582],[-3.62436628,40.4262182],[-3.62367626,40.42695823],[-3.62288624,40.42781825],[-3.62266623,40.42796826],[-3.62265623,40.42797826],[-3.6212662,40.42861828],[-3.62051618,40.42897829],[-3.62038617,40.42901829],[-3.62035617,40.42903829],[-3.62023617,40.42907829],[-3.62002616,40.42910829],[-3.61951615,40.42916829],[-3.61785611,40.4293183],[-3.61561604,40.4295283],[-3.61506603,40.42799826]]]}},{"type":"Feature","properties":{"CODDIS":"20","NOMDIS":"San Blas - Canillejas","COD_BAR":"204","NOMBRE":"Arcos","COD_DIS_TX":"20","BARRIO_MAY":"ARCOS","COD_DISBAR":"204","NUM_BAR":"4","BARRIO_MT":"ARCOS","COD_DISB":"20-4","AREA":1305194.3102},"geometry":{"type":"Polygon","coordinates":[[[-3.61098592,40.42900829],[-3.61102592,40.42856828],[-3.61108592,40.42819826],[-3.61120593,40.42758825],[-3.61153593,40.4259982],[-3.61157594,40.42567819],[-3.61163594,40.42520817],[-3.61139593,40.4228081],[-3.61138593,40.4227681],[-3.61119593,40.42122805],[-3.61080592,40.41793795],[-3.613946,40.41693792],[-3.6174861,40.41554788],[-3.6177661,40.41543788],[-3.61798611,40.41534788],[-3.61806611,40.41530788],[-3.61818611,40.41524787],[-3.61825612,40.41520787],[-3.61842612,40.41510787],[-3.61860613,40.41500787],[-3.61877613,40.41488786],[-3.61902614,40.41468786],[-3.61951615,40.41425784],[-3.61970616,40.41404784],[-3.61977616,40.41396784],[-3.61983616,40.41389783],[-3.61991616,40.41378783],[-3.61999616,40.41367783],[-3.62006616,40.41356782],[-3.62010617,40.41350782],[-3.62013617,40.41345782],[-3.62020617,40.41334782],[-3.62036617,40.41308781],[-3.6213762,40.41479786],[-3.62163621,40.41516787],[-3.62190621,40.41553788],[-3.62211622,40.41585789],[-3.62233623,40.4161579],[-3.62283624,40.41687792],[-3.62385627,40.41823796],[-3.62411627,40.41867798],[-3.62417628,40.41876798],[-3.62430628,40.41895799],[-3.62446628,40.41916799],[-3.62457629,40.419328],[-3.62540631,40.42045803],[-3.62616633,40.42151806],[-3.62659634,40.42211808],[-3.62555631,40.42254809],[-3.62526631,40.4226681],[-3.62351626,40.42341812],[-3.62198622,40.42405814],[-3.62036617,40.42472816],[-3.62080618,40.42532818],[-3.61821611,40.42677822],[-3.61798611,40.42690823],[-3.61506603,40.42799826],[-3.61345599,40.42797826],[-3.61341599,40.42796826],[-3.61322598,40.42792826],[-3.61248596,40.42746824],[-3.61121593,40.42862828],[-3.61098592,40.42900829]]]}},{"type":"Feature","properties":{"CODDIS":"20","NOMDIS":"San Blas - Canillejas","COD_BAR":"205","NOMBRE":"Rosas","COD_DIS_TX":"20","BARRIO_MAY":"ROSAS","COD_DISBAR":"205","NUM_BAR":"5","BARRIO_MT":"ROSAS","COD_DISB":"20-5","AREA":9293703.75089},"geometry":{"type":"Polygon","coordinates":[[[-3.56412466,40.43805856],[-3.56477467,40.43789856],[-3.56523469,40.43774855],[-3.56550469,40.43767855],[-3.5658047,40.43759855],[-3.56620471,40.43746854],[-3.56633472,40.43742854],[-3.56679473,40.43721854],[-3.56718474,40.43701853],[-3.56763475,40.43671852],[-3.56855478,40.43620851],[-3.57380492,40.43766855],[-3.57594498,40.43673852],[-3.57569497,40.43618851],[-3.57553496,40.4358485],[-3.57543496,40.43556849],[-3.57535496,40.43530848],[-3.57525496,40.43500847],[-3.57517495,40.43463846],[-3.57510495,40.43408844],[-3.57911506,40.43360843],[-3.57912506,40.43313841],[-3.57784503,40.43129836],[-3.57725501,40.43049833],[-3.57709501,40.43021833],[-3.576965,40.42981831],[-3.57631499,40.42966831],[-3.57648499,40.42880828],[-3.57651499,40.42869828],[-3.576755,40.42803826],[-3.576915,40.42757825],[-3.57718501,40.42681822],[-3.57727501,40.42654821],[-3.57746502,40.4260082],[-3.57767502,40.4260982],[-3.57774502,40.4259382],[-3.57784503,40.42573819],[-3.57797503,40.42551818],[-3.57813503,40.42530818],[-3.57836504,40.42503817],[-3.57870505,40.42465816],[-3.57943507,40.42381813],[-3.57976508,40.42336812],[-3.58031509,40.4225881],[-3.5807551,40.42195808],[-3.58118512,40.42132806],[-3.58162513,40.42068804],[-3.58173513,40.42050803],[-3.58194514,40.42013802],[-3.58220514,40.41967801],[-3.58257515,40.41899799],[-3.58267516,40.41881798],[-3.58275516,40.41863798],[-3.58281516,40.41846797],[-3.58286516,40.41830797],[-3.58290516,40.41815796],[-3.58292516,40.41804796],[-3.58294516,40.41788795],[-3.58296516,40.41774795],[-3.58297516,40.41759794],[-3.58299517,40.41709793],[-3.58301517,40.41659791],[-3.58302517,40.41645791],[-3.58303517,40.41629791],[-3.58305517,40.4161579],[-3.58307517,40.4160479],[-3.58311517,40.41592789],[-3.58315517,40.41580789],[-3.58322517,40.41564789],[-3.58335517,40.41539788],[-3.58349518,40.41515787],[-3.58364518,40.41489786],[-3.58381519,40.41461785],[-3.58403519,40.41426784],[-3.5842152,40.41402784],[-3.58447521,40.41370783],[-3.58505522,40.41305781],[-3.58625525,40.41168777],[-3.58711528,40.41070774],[-3.5880253,40.4096477],[-3.58820531,40.4093977],[-3.58833531,40.40918769],[-3.58844531,40.40892768],[-3.58864532,40.40843767],[-3.58953534,40.40874768],[-3.59132539,40.4093277],[-3.59235542,40.4096277],[-3.59350545,40.40995771],[-3.59490549,40.41032773],[-3.59587551,40.41056773],[-3.59819558,40.41106775],[-3.59962561,40.41133776],[-3.60194568,40.41173777],[-3.60343572,40.41194777],[-3.60585578,40.41226778],[-3.6066958,40.41238779],[-3.60731582,40.41248779],[-3.60794584,40.41260779],[-3.60849585,40.4127278],[-3.6102959,40.41316781],[-3.61080592,40.41794796],[-3.61119593,40.42122805],[-3.61138593,40.4227681],[-3.61139593,40.4228081],[-3.61163594,40.42520817],[-3.61157594,40.42567819],[-3.61153593,40.4259982],[-3.61120593,40.42758825],[-3.61108592,40.42819826],[-3.61102592,40.42856828],[-3.61098592,40.42900829],[-3.61104592,40.42953831],[-3.61105592,40.42964831],[-3.61173594,40.4326584],[-3.61203595,40.43396844],[-3.61218595,40.43460846],[-3.61003589,40.43514847],[-3.60962588,40.43523848],[-3.60939588,40.43531848],[-3.60866586,40.43571849],[-3.60582578,40.43701853],[-3.60538577,40.43634851],[-3.60515576,40.43650852],[-3.60467575,40.43705853],[-3.6027457,40.4394086],[-3.60251569,40.43981862],[-3.60240569,40.44047864],[-3.60250569,40.44105865],[-3.6028857,40.44183868],[-3.60585578,40.44713884],[-3.60512576,40.44797886],[-3.60514576,40.44808887],[-3.60584578,40.44967891],[-3.60545577,40.44967891],[-3.60474575,40.44973892],[-3.60339572,40.44988892],[-3.60330571,40.44941891],[-3.60322571,40.44906889],[-3.60313571,40.44876889],[-3.6029657,40.44837887],[-3.6029457,40.44833887],[-3.6028057,40.44806886],[-3.60258569,40.44774886],[-3.60237569,40.44748885],[-3.60204568,40.44716884],[-3.60191568,40.44704883],[-3.60167567,40.44685883],[-3.60107565,40.44643882],[-3.60086565,40.44629881],[-3.60036563,40.4459788],[-3.59947561,40.44540878],[-3.59853558,40.44480877],[-3.59773556,40.44429875],[-3.59684554,40.44372873],[-3.59643553,40.44347873],[-3.59622552,40.44334872],[-3.59601552,40.44323872],[-3.59574551,40.44310871],[-3.5954155,40.44297871],[-3.59501549,40.44285871],[-3.59464548,40.4427787],[-3.59412547,40.4426987],[-3.59355545,40.4426387],[-3.59314544,40.4425987],[-3.59212541,40.4425087],[-3.5918754,40.4424887],[-3.59135539,40.4424587],[-3.58541523,40.44190868],[-3.58510522,40.44187868],[-3.58339518,40.44172867],[-3.58243515,40.44163867],[-3.58156513,40.44155867],[-3.58137512,40.44153867],[-3.58091511,40.44149867],[-3.5804751,40.44143866],[-3.58009509,40.44135866],[-3.57984508,40.44129866],[-3.57947507,40.44118866],[-3.57910506,40.44103865],[-3.57840504,40.44070864],[-3.57735501,40.44009862],[-3.577005,40.43987862],[-3.57648499,40.43955861],[-3.57614498,40.4393586],[-3.57583497,40.4391886],[-3.57541496,40.43899859],[-3.57506495,40.43886859],[-3.57461494,40.43873858],[-3.57398492,40.43862858],[-3.57361491,40.43858858],[-3.5729949,40.43854858],[-3.57024482,40.43840857],[-3.56906479,40.43834857],[-3.56689473,40.43821857],[-3.56420466,40.43805856],[-3.56414466,40.43805856],[-3.56412466,40.43805856]]]}},{"type":"Feature","properties":{"CODDIS":"20","NOMDIS":"San Blas - Canillejas","COD_BAR":"206","NOMBRE":"Rejas","COD_DIS_TX":"20","BARRIO_MAY":"REJAS","COD_DISBAR":"206","NUM_BAR":"6","BARRIO_MT":"REJAS","COD_DISB":"20-6","AREA":5016032.79371},"geometry":{"type":"Polygon","coordinates":[[[-3.60339572,40.44988892],[-3.60102565,40.45012893],[-3.59959561,40.45016893],[-3.59709555,40.45015893],[-3.5955955,40.45011893],[-3.59329544,40.45004892],[-3.59325544,40.45004892],[-3.59325544,40.45004892],[-3.58744529,40.44994892],[-3.58341518,40.44989892],[-3.58227515,40.44989892],[-3.58137512,40.44990892],[-3.57988508,40.44992892],[-3.57714501,40.44986892],[-3.57513495,40.44981892],[-3.57373492,40.44978892],[-3.57056483,40.44974892],[-3.5656947,40.44965891],[-3.56500468,40.44963891],[-3.56176459,40.44955891],[-3.5583045,40.44947891],[-3.55702446,40.44940891],[-3.55561443,40.4493189],[-3.55345437,40.4490989],[-3.5509243,40.44880889],[-3.5473042,40.44840887],[-3.54270408,40.44787886],[-3.539664,40.44753885],[-3.53760394,40.44728884],[-3.53702393,40.44717884],[-3.53643391,40.44703883],[-3.53530388,40.44672882],[-3.53500387,40.44665882],[-3.53468386,40.44659882],[-3.53439385,40.44656882],[-3.53416385,40.44655882],[-3.53392384,40.44655882],[-3.53362383,40.44657882],[-3.53305382,40.44664882],[-3.53165378,40.44699883],[-3.53164378,40.44699883],[-3.53130377,40.44708884],[-3.53115377,40.44686883],[-3.53129377,40.44680883],[-3.53285381,40.44641881],[-3.53316382,40.44633881],[-3.53336383,40.44630881],[-3.53363383,40.44626881],[-3.53384384,40.44623881],[-3.53406385,40.44622881],[-3.53446386,40.44626881],[-3.53485387,40.44631881],[-3.53516388,40.44634881],[-3.53551388,40.44645882],[-3.53501387,40.44493877],[-3.53560389,40.44468876],[-3.53842396,40.44498877],[-3.53799395,40.44428875],[-3.54084403,40.44460876],[-3.54137404,40.44359873],[-3.54522415,40.4425887],[-3.54974427,40.44202868],[-3.55007428,40.44199868],[-3.55044429,40.44195868],[-3.5510443,40.44183868],[-3.55179432,40.44166867],[-3.55232434,40.44151867],[-3.55318436,40.44123866],[-3.55414439,40.44078864],[-3.55495441,40.44041863],[-3.55532442,40.44025863],[-3.55638445,40.43975861],[-3.55751448,40.4392486],[-3.5583945,40.43882859],[-3.55877451,40.43866858],[-3.55913452,40.43842857],[-3.55953453,40.43833857],[-3.56002455,40.43815857],[-3.56031455,40.43807856],[-3.56065456,40.43801856],[-3.56110457,40.43794856],[-3.56170459,40.43792856],[-3.56232461,40.43792856],[-3.56290462,40.43792856],[-3.56346464,40.43798856],[-3.56402465,40.43802856],[-3.56416466,40.43804856],[-3.56420466,40.43805856],[-3.56689473,40.43821857],[-3.56906479,40.43834857],[-3.57024482,40.43840857],[-3.5729949,40.43854858],[-3.57361491,40.43858858],[-3.57398492,40.43862858],[-3.57461494,40.43873858],[-3.57506495,40.43886859],[-3.57541496,40.43899859],[-3.57583497,40.4391886],[-3.57614498,40.4393586],[-3.57648499,40.43955861],[-3.577005,40.43987862],[-3.57735501,40.44009862],[-3.57840504,40.44070864],[-3.57910506,40.44103865],[-3.57947507,40.44118866],[-3.57984508,40.44129866],[-3.58009509,40.44135866],[-3.5804751,40.44143866],[-3.58091511,40.44149867],[-3.58137512,40.44153867],[-3.58156513,40.44155867],[-3.58243515,40.44163867],[-3.58339518,40.44172867],[-3.58510522,40.44187868],[-3.58541523,40.44190868],[-3.59135539,40.4424587],[-3.5918754,40.4424887],[-3.59212541,40.4425087],[-3.59314544,40.4425987],[-3.59355545,40.4426387],[-3.59412547,40.4426987],[-3.59464548,40.4427787],[-3.59501549,40.44285871],[-3.5954155,40.44297871],[-3.59574551,40.44310871],[-3.59601552,40.44323872],[-3.59622552,40.44334872],[-3.59643553,40.44347873],[-3.59684554,40.44372873],[-3.59773556,40.44429875],[-3.59853558,40.44480877],[-3.59947561,40.44540878],[-3.60036563,40.4459788],[-3.60086565,40.44629881],[-3.60107565,40.44643882],[-3.60167567,40.44685883],[-3.60191568,40.44704883],[-3.60204568,40.44716884],[-3.60237569,40.44748885],[-3.60258569,40.44774886],[-3.6028057,40.44806886],[-3.6029457,40.44833887],[-3.6029657,40.44837887],[-3.60313571,40.44876889],[-3.60322571,40.44906889],[-3.60330571,40.44941891],[-3.60339572,40.44988892]]]}},{"type":"Feature","properties":{"CODDIS":"20","NOMDIS":"San Blas - Canillejas","COD_BAR":"207","NOMBRE":"Canillejas","COD_DIS_TX":"20","BARRIO_MAY":"CANILLEJAS","COD_DISBAR":"207","NUM_BAR":"7","BARRIO_MT":"CANILLEJAS","COD_DISB":"20-7","AREA":1597706.19598},"geometry":{"type":"Polygon","coordinates":[[[-3.61992616,40.44968891],[-3.61666607,40.44969891],[-3.61478602,40.44970891],[-3.60907587,40.44968891],[-3.60775583,40.44966891],[-3.6063658,40.44964891],[-3.60584578,40.44965891],[-3.60514576,40.44808887],[-3.60512576,40.44797886],[-3.60585578,40.44713884],[-3.6028857,40.44183868],[-3.60250569,40.44105865],[-3.60240569,40.44047864],[-3.60251569,40.43981862],[-3.6027457,40.4394086],[-3.60467575,40.43705853],[-3.60515576,40.43650852],[-3.60538577,40.43634851],[-3.60582578,40.43701853],[-3.60866586,40.43571849],[-3.60939588,40.43531848],[-3.60962588,40.43523848],[-3.61003589,40.43514847],[-3.61218595,40.43460846],[-3.61235596,40.43538848],[-3.61238596,40.43552849],[-3.61246596,40.43568849],[-3.61325598,40.43716854],[-3.613836,40.43820857],[-3.61427601,40.43899859],[-3.61455602,40.43947861],[-3.61509603,40.44048864],[-3.61558604,40.44135866],[-3.61689608,40.44369873],[-3.61678608,40.44375873],[-3.61611606,40.44412875],[-3.61663607,40.44456876],[-3.61698608,40.44470876],[-3.61736609,40.44490877],[-3.61801611,40.44501877],[-3.61850612,40.44625881],[-3.61919614,40.44693883],[-3.61930614,40.44717884],[-3.61955615,40.44774886],[-3.61953615,40.44783886],[-3.61992616,40.44967891],[-3.61992616,40.44968891]]]}},{"type":"Feature","properties":{"CODDIS":"20","NOMDIS":"San Blas - Canillejas","COD_BAR":"208","NOMBRE":"El Salvador","COD_DIS_TX":"20","BARRIO_MAY":"EL SALVADOR","COD_DISBAR":"208","NUM_BAR":"8","BARRIO_MT":"EL SALVADOR","COD_DISB":"20-8","AREA":1880109.7378},"geometry":{"type":"Polygon","coordinates":[[[-3.64811692,40.44946891],[-3.64782691,40.44954891],[-3.64782691,40.44954891],[-3.6472769,40.44969891],[-3.64669688,40.44980892],[-3.64605687,40.44982892],[-3.64507684,40.44971891],[-3.64383681,40.44951891],[-3.64275678,40.4493389],[-3.6398367,40.44886889],[-3.63799665,40.44860888],[-3.63730663,40.44857888],[-3.63665661,40.44857888],[-3.6360966,40.44861888],[-3.63573659,40.44865888],[-3.63510657,40.44874889],[-3.63439655,40.44886889],[-3.63349653,40.44900889],[-3.63196649,40.4492489],[-3.63068645,40.4493889],[-3.62944642,40.44942891],[-3.62841639,40.44946891],[-3.62766637,40.44948891],[-3.62628633,40.44952891],[-3.62230623,40.44966891],[-3.61993616,40.44967891],[-3.61953615,40.44783886],[-3.61955615,40.44774886],[-3.61930614,40.44717884],[-3.61919614,40.44693883],[-3.61850612,40.44625881],[-3.61801611,40.44501877],[-3.61736609,40.44490877],[-3.61698608,40.44470876],[-3.61663607,40.44456876],[-3.61611606,40.44412875],[-3.61678608,40.44375873],[-3.61689608,40.44369873],[-3.6176661,40.44344873],[-3.62012617,40.4427687],[-3.62348626,40.44185868],[-3.62562631,40.44126866],[-3.62809638,40.44058864],[-3.63063645,40.43988862],[-3.63209649,40.43949861],[-3.63283651,40.4392986],[-3.63403654,40.43896859],[-3.63546658,40.43857858],[-3.63657661,40.44012862],[-3.63730663,40.44112866],[-3.63751664,40.44141866],[-3.63835666,40.4425887],[-3.63899668,40.44341872],[-3.63917668,40.44365873],[-3.63945669,40.44392874],[-3.63972669,40.44419875],[-3.6400167,40.44444876],[-3.64022671,40.44461876],[-3.64047672,40.44477877],[-3.64312679,40.4460688],[-3.64490683,40.44690883],[-3.64647688,40.44768885],[-3.6474469,40.44856888],[-3.64811692,40.44944891],[-3.64811692,40.44946891]]]}},{"type":"Feature","properties":{"CODDIS":"21","NOMDIS":"Barajas","COD_BAR":"211","NOMBRE":"Alameda de Osuna","COD_DIS_TX":"21","BARRIO_MAY":"ALAMEDA DE OSUNA","COD_DISBAR":"211","NUM_BAR":"1","BARRIO_MT":"ALAMEDA DE OSUNA","COD_DISB":"21-1","AREA":2031266.99757},"geometry":{"type":"Polygon","coordinates":[[[-3.58454521,40.46532939],[-3.58342518,40.46475937],[-3.58251515,40.46378934],[-3.58087511,40.46226929],[-3.5805651,40.4624793],[-3.57953507,40.46179928],[-3.57880505,40.46126926],[-3.57791503,40.46064924],[-3.58018509,40.45874919],[-3.5843952,40.45529908],[-3.5879853,40.45224899],[-3.58872532,40.45163897],[-3.58905533,40.45139897],[-3.58946534,40.45112896],[-3.59000535,40.45081895],[-3.59050537,40.45061894],[-3.59116539,40.45040894],[-3.5918554,40.45026893],[-3.59237542,40.45017893],[-3.59325544,40.45003892],[-3.59325544,40.45004892],[-3.59329544,40.45004892],[-3.5955955,40.45011893],[-3.59709555,40.45015893],[-3.59959561,40.45016893],[-3.60102565,40.45012893],[-3.60339572,40.44988892],[-3.60474575,40.44973892],[-3.60545577,40.44967891],[-3.60584578,40.44965891],[-3.6063658,40.44964891],[-3.60775583,40.44966891],[-3.60703581,40.45010893],[-3.60698581,40.45013893],[-3.60686581,40.45020893],[-3.60623579,40.45061894],[-3.60530577,40.45122896],[-3.60449574,40.45175898],[-3.60453575,40.45182898],[-3.60459575,40.45191898],[-3.60467575,40.45203898],[-3.60477575,40.45216899],[-3.60488576,40.45228899],[-3.60497576,40.45237899],[-3.60508576,40.452489],[-3.60518576,40.452589],[-3.60526577,40.452659],[-3.60540577,40.45276901],[-3.60541577,40.45277901],[-3.60466575,40.45337903],[-3.60354572,40.45445906],[-3.60081565,40.45687913],[-3.59980562,40.45762915],[-3.59747556,40.45869919],[-3.59427547,40.46011923],[-3.59325544,40.46047924],[-3.59257542,40.46078925],[-3.59020536,40.46183928],[-3.58964534,40.46207929],[-3.58840531,40.46269931],[-3.58453521,40.46534939],[-3.58454521,40.46532939]]]}},{"type":"Feature","properties":{"CODDIS":"21","NOMDIS":"Barajas","COD_BAR":"212","NOMBRE":"Aeropuerto","COD_DIS_TX":"21","BARRIO_MAY":"AEROPUERTO","COD_DISBAR":"212","NUM_BAR":"2","BARRIO_MT":"AEROPUERTO","COD_DISB":"21-2","AREA":29664730.8605},"geometry":{"type":"Polygon","coordinates":[[[-3.60190568,40.50146048],[-3.60188567,40.50146048],[-3.60181567,40.50145048],[-3.60177567,40.50145048],[-3.60173567,40.50145048],[-3.60170567,40.50145048],[-3.60167567,40.50146048],[-3.60165567,40.50147048],[-3.60163567,40.50148048],[-3.60160567,40.50150048],[-3.60157567,40.50152048],[-3.60146566,40.50163048],[-3.60141566,40.50167048],[-3.60137566,40.50170048],[-3.60134566,40.50172048],[-3.60132566,40.50173048],[-3.60130566,40.50174049],[-3.60128566,40.50174049],[-3.60126566,40.50174049],[-3.60124566,40.50174049],[-3.60122566,40.50174049],[-3.60120566,40.50174049],[-3.60118566,40.50174049],[-3.60115565,40.50174049],[-3.60112565,40.50174049],[-3.60109565,40.50173048],[-3.60106565,40.50172048],[-3.60103565,40.50171048],[-3.60099565,40.50170048],[-3.60095565,40.50169048],[-3.60092565,40.50168048],[-3.60089565,40.50167048],[-3.60087565,40.50167048],[-3.60084565,40.50167048],[-3.60080565,40.50167048],[-3.60077564,40.50167048],[-3.60073564,40.50167048],[-3.60070564,40.50167048],[-3.60066564,40.50168048],[-3.60061564,40.50169048],[-3.60059564,40.50170048],[-3.60036563,40.50177049],[-3.60027563,40.50180049],[-3.60025563,40.50181049],[-3.60022563,40.50182049],[-3.60020563,40.50182049],[-3.60018563,40.50182049],[-3.60016563,40.50182049],[-3.60013563,40.50182049],[-3.60011563,40.50182049],[-3.60009563,40.50182049],[-3.60007563,40.50182049],[-3.60004562,40.50181049],[-3.60002562,40.50180049],[-3.60000562,40.50179049],[-3.59980562,40.50168048],[-3.59972562,40.50167048],[-3.59964561,40.50171048],[-3.59962561,40.50172048],[-3.59960561,40.50173048],[-3.59957561,40.50174049],[-3.59954561,40.50175049],[-3.59952561,40.50175049],[-3.59950561,40.50175049],[-3.59948561,40.50175049],[-3.59947561,40.50175049],[-3.59945561,40.50175049],[-3.59943561,40.50175049],[-3.59942561,40.50175049],[-3.59941561,40.50175049],[-3.59940561,40.50175049],[-3.59939561,40.50174049],[-3.59938561,40.50173048],[-3.59935561,40.50171048],[-3.59933561,40.50170048],[-3.59932561,40.50169048],[-3.5993056,40.50168048],[-3.5992256,40.50165048],[-3.5991056,40.50160048],[-3.5990256,40.50155048],[-3.59892559,40.50149048],[-3.59887559,40.50147048],[-3.59880559,40.50147048],[-3.59873559,40.50147048],[-3.59869559,40.50147048],[-3.59867559,40.50147048],[-3.59865559,40.50147048],[-3.59864559,40.50147048],[-3.59863559,40.50146048],[-3.59851558,40.50140047],[-3.59849558,40.50139047],[-3.59847558,40.50138047],[-3.59841558,40.50136047],[-3.59838558,40.50135047],[-3.59834558,40.50134047],[-3.59829558,40.50133047],[-3.59818557,40.50131047],[-3.59809557,40.50130047],[-3.59800557,40.50129047],[-3.59790557,40.50128047],[-3.59786557,40.50128047],[-3.59780556,40.50128047],[-3.59775556,40.50128047],[-3.59772556,40.50128047],[-3.59760556,40.50129047],[-3.59756556,40.50129047],[-3.59747556,40.50128047],[-3.59731555,40.50126047],[-3.59726555,40.50126047],[-3.59703554,40.50126047],[-3.59697554,40.50126047],[-3.59692554,40.50126047],[-3.59674554,40.50124047],[-3.59670553,40.50124047],[-3.59653553,40.50124047],[-3.59631552,40.50124047],[-3.59627552,40.50124047],[-3.59623552,40.50124047],[-3.59620552,40.50124047],[-3.59618552,40.50125047],[-3.59600552,40.50130047],[-3.59589551,40.50133047],[-3.59584551,40.50134047],[-3.59579551,40.50135047],[-3.59576551,40.50136047],[-3.59573551,40.50136047],[-3.59571551,40.50136047],[-3.59566551,40.50136047],[-3.5955855,40.50136047],[-3.5954855,40.50136047],[-3.5954155,40.50135047],[-3.5953255,40.50134047],[-3.5952455,40.50133047],[-3.59519549,40.50132047],[-3.59510549,40.50130047],[-3.59501549,40.50127047],[-3.59494549,40.50125047],[-3.59489549,40.50123047],[-3.59487549,40.50123047],[-3.59486549,40.50123047],[-3.59484548,40.50123047],[-3.59483548,40.50123047],[-3.59481548,40.50123047],[-3.59478548,40.50123047],[-3.59476548,40.50123047],[-3.59469548,40.50125047],[-3.59464548,40.50126047],[-3.59459548,40.50127047],[-3.59454548,40.50128047],[-3.59450548,40.50128047],[-3.59432547,40.50128047],[-3.59430547,40.50128047],[-3.59428547,40.50128047],[-3.59426547,40.50128047],[-3.59425547,40.50128047],[-3.59424547,40.50128047],[-3.59423547,40.50129047],[-3.59422547,40.50130047],[-3.59420547,40.50132047],[-3.59418547,40.50134047],[-3.59415547,40.50138047],[-3.59414547,40.50139047],[-3.59413547,40.50140047],[-3.59411547,40.50141048],[-3.59409546,40.50142048],[-3.59405546,40.50143048],[-3.59395546,40.50146048],[-3.59388546,40.50148048],[-3.59384546,40.50149048],[-3.59381546,40.50149048],[-3.59378546,40.50149048],[-3.59373545,40.50149048],[-3.59370545,40.50149048],[-3.59356545,40.50147048],[-3.59327544,40.50143048],[-3.59323544,40.50156048],[-3.58912533,40.50454057],[-3.58683527,40.5054006],[-3.58472521,40.50674064],[-3.58291516,40.50848069],[-3.57796503,40.51039075],[-3.57589497,40.51043075],[-3.57206487,40.51242081],[-3.56730474,40.5121808],[-3.56501468,40.5120708],[-3.56177459,40.51117077],[-3.56168459,40.51070076],[-3.5584045,40.51127077],[-3.55428439,40.51135078],[-3.55515441,40.50858069],[-3.55497441,40.5054706],[-3.55524442,40.50317053],[-3.55343437,40.50248051],[-3.55358437,40.5021805],[-3.55360437,40.5021205],[-3.55362437,40.50205049],[-3.55363437,40.50197049],[-3.55361437,40.50180049],[-3.55358437,40.50163048],[-3.55354437,40.50148048],[-3.55350437,40.50128047],[-3.55346437,40.50114047],[-3.55343437,40.50097046],[-3.55340437,40.50057045],[-3.55336437,40.50019044],[-3.55334437,40.50008044],[-3.55332437,40.50001043],[-3.55329436,40.49995043],[-3.55324436,40.49985043],[-3.55318436,40.49975043],[-3.55304436,40.49957042],[-3.55295436,40.49947042],[-3.55285435,40.49936041],[-3.55277435,40.49929041],[-3.55242434,40.4990204],[-3.55201433,40.4987704],[-3.55180432,40.49863039],[-3.55110431,40.49819038],[-3.55063429,40.49796037],[-3.55024428,40.49779037],[-3.54972427,40.49760036],[-3.54793422,40.49705034],[-3.54752421,40.49694034],[-3.5472342,40.49686034],[-3.54686419,40.49674033],[-3.54650418,40.49658033],[-3.54591417,40.49629032],[-3.54555416,40.49613032],[-3.54524415,40.49602031],[-3.54465413,40.49586031],[-3.54450413,40.49581031],[-3.54433412,40.4957603],[-3.54417412,40.4956903],[-3.54406412,40.4956403],[-3.54398411,40.4956003],[-3.5436641,40.49538029],[-3.5433341,40.49515029],[-3.54300409,40.49493028],[-3.54273408,40.49477027],[-3.54249407,40.49462027],[-3.54226407,40.49449027],[-3.54212406,40.49439026],[-3.54198406,40.49430026],[-3.54187406,40.49421026],[-3.54179405,40.49411025],[-3.54173405,40.49400025],[-3.54171405,40.49392025],[-3.54171405,40.49382025],[-3.54173405,40.49371024],[-3.54179405,40.49333023],[-3.54181405,40.49312022],[-3.54181405,40.49293022],[-3.54180405,40.49279021],[-3.54176405,40.49260021],[-3.54172405,40.49247021],[-3.54167405,40.4923202],[-3.54161405,40.4921902],[-3.54147405,40.49198019],[-3.54137404,40.49184019],[-3.54131404,40.49173018],[-3.54126404,40.49162018],[-3.54124404,40.49153018],[-3.54122404,40.49136017],[-3.54122404,40.49107016],[-3.54123404,40.49057015],[-3.54121404,40.49017014],[-3.54116404,40.48968012],[-3.54111404,40.48933011],[-3.54108403,40.4890801],[-3.54105403,40.48881009],[-3.54104403,40.48874009],[-3.54101403,40.48867009],[-3.54098403,40.48861009],[-3.54094403,40.48855009],[-3.54091403,40.48851009],[-3.54087403,40.48847008],[-3.54082403,40.48844008],[-3.54077403,40.48842008],[-3.54048402,40.48834008],[-3.54015401,40.48824008],[-3.54001401,40.48819008],[-3.539874,40.48812007],[-3.53946399,40.48791007],[-3.53939399,40.48787007],[-3.53866397,40.48750006],[-3.53818396,40.48727005],[-3.53755394,40.48694004],[-3.53740394,40.48685004],[-3.53726393,40.48676003],[-3.53714393,40.48666003],[-3.53704393,40.48657003],[-3.53699392,40.48651003],[-3.53695392,40.48646002],[-3.53694392,40.48641002],[-3.53693392,40.48636002],[-3.53692392,40.48629002],[-3.53693392,40.48621002],[-3.53694392,40.48615001],[-3.53702393,40.48595001],[-3.53711393,40.48571],[-3.53716393,40.48554],[-3.53724393,40.48518999],[-3.53730393,40.48483997],[-3.53731393,40.48468997],[-3.53731393,40.48454997],[-3.53729393,40.48441996],[-3.53726393,40.48432996],[-3.53721393,40.48421996],[-3.53708393,40.48394995],[-3.53683392,40.48356994],[-3.5360239,40.4825199],[-3.53587389,40.4823399],[-3.53582389,40.4822599],[-3.53559389,40.48178988],[-3.53538388,40.48130987],[-3.53512387,40.48068985],[-3.53504387,40.48041984],[-3.53489387,40.47994983],[-3.53485387,40.47975982],[-3.53485387,40.47969982],[-3.53486387,40.47960982],[-3.53490387,40.47945981],[-3.53493387,40.47935981],[-3.53494387,40.47930981],[-3.53493387,40.47924981],[-3.53490387,40.4791798],[-3.53480387,40.4789798],[-3.53478387,40.4789098],[-3.53477386,40.47884979],[-3.53475386,40.47874979],[-3.53475386,40.47865979],[-3.53476386,40.47859979],[-3.53478387,40.47850978],[-3.53480387,40.47841978],[-3.53481387,40.47830978],[-3.53480387,40.47812977],[-3.53477386,40.47790977],[-3.53474386,40.47776976],[-3.53467386,40.47748975],[-3.53465386,40.47735975],[-3.53464386,40.47731975],[-3.53459386,40.47694974],[-3.53456386,40.47649972],[-3.53450386,40.4756297],[-3.53448386,40.47501968],[-3.53443386,40.47431966],[-3.53442386,40.47377964],[-3.53437385,40.47318962],[-3.53436385,40.47296962],[-3.53432385,40.47280961],[-3.53427385,40.47261961],[-3.53419385,40.4724096],[-3.53413385,40.4722796],[-3.53402384,40.47209959],[-3.53396384,40.47200959],[-3.53388384,40.47191958],[-3.53372384,40.47178958],[-3.53356383,40.47168958],[-3.53345383,40.47162958],[-3.53326382,40.47154957],[-3.53309382,40.47148957],[-3.53288381,40.47143957],[-3.53266381,40.47139957],[-3.5324438,40.47137957],[-3.53172378,40.47132957],[-3.53118377,40.47130957],[-3.53085376,40.47129957],[-3.53045375,40.47116956],[-3.53003374,40.47105956],[-3.52960373,40.47094956],[-3.52920371,40.47085955],[-3.52886371,40.47077955],[-3.5285537,40.47070955],[-3.52816369,40.47063955],[-3.52766367,40.47055954],[-3.52737367,40.47051954],[-3.52714366,40.47047954],[-3.52697365,40.47043954],[-3.52684365,40.47039954],[-3.52666365,40.47031954],[-3.52632364,40.47015953],[-3.52604363,40.46999953],[-3.52581362,40.46985952],[-3.52560362,40.46971952],[-3.52538361,40.46955951],[-3.52522361,40.46942951],[-3.5251236,40.46932951],[-3.5250736,40.4692695],[-3.5250236,40.4691995],[-3.5249936,40.4691295],[-3.5249736,40.4690595],[-3.5249536,40.4689795],[-3.5249436,40.46889949],[-3.5249436,40.46877949],[-3.5249636,40.46851948],[-3.5250036,40.46820947],[-3.5250736,40.46786946],[-3.5251136,40.46772946],[-3.52516361,40.46760945],[-3.52523361,40.46748945],[-3.52534361,40.46735945],[-3.52549361,40.46719944],[-3.52567362,40.46700944],[-3.52595363,40.46663943],[-3.52616363,40.46638942],[-3.52638364,40.46615941],[-3.52650364,40.46603941],[-3.52666365,40.4659094],[-3.52694365,40.4656994],[-3.52720366,40.46546939],[-3.52752367,40.46517938],[-3.52772367,40.46498938],[-3.52785368,40.46484937],[-3.52810368,40.46453936],[-3.52832369,40.46424935],[-3.5285837,40.46386934],[-3.5287537,40.46360933],[-3.52889371,40.46331933],[-3.52902371,40.46297931],[-3.52913371,40.4625593],[-3.52929372,40.46205929],[-3.52940372,40.46173928],[-3.52951372,40.46136927],[-3.52958372,40.46104926],[-3.52962373,40.46075925],[-3.52963373,40.46043924],[-3.52957372,40.46006923],[-3.52947372,40.45962921],[-3.52936372,40.4592292],[-3.52924372,40.45885919],[-3.52912371,40.45846918],[-3.52909371,40.45838918],[-3.5287237,40.45806917],[-3.52822369,40.45765915],[-3.52782368,40.45733914],[-3.52763367,40.45717914],[-3.52748367,40.45705914],[-3.52724366,40.45684913],[-3.52710366,40.45669913],[-3.52700366,40.45656912],[-3.52681365,40.45629911],[-3.52672365,40.45613911],[-3.52665365,40.4559891],[-3.52658364,40.4558091],[-3.52656364,40.4557391],[-3.52655364,40.45566909],[-3.52654364,40.45556909],[-3.52654364,40.45549909],[-3.52655364,40.45544909],[-3.52657364,40.45538909],[-3.52663365,40.45528908],[-3.52670365,40.45518908],[-3.52677365,40.45510908],[-3.52682365,40.45505908],[-3.52687365,40.45501907],[-3.52696365,40.45495907],[-3.52718366,40.45482907],[-3.52728366,40.45477907],[-3.52742367,40.45471907],[-3.52756367,40.45465906],[-3.52771367,40.45460906],[-3.52787368,40.45455906],[-3.52800368,40.45451906],[-3.52815369,40.45447906],[-3.52832369,40.45444906],[-3.5285337,40.45441906],[-3.52886371,40.45438906],[-3.52918371,40.45435905],[-3.52953372,40.45434905],[-3.52990373,40.45434905],[-3.52999374,40.45434905],[-3.53011374,40.45435905],[-3.53021374,40.45436905],[-3.53033375,40.45438906],[-3.53049375,40.45442906],[-3.53057375,40.45444906],[-3.53063375,40.45446906],[-3.53093376,40.45461906],[-3.53101376,40.45465906],[-3.53110377,40.45469906],[-3.53116377,40.45471907],[-3.53124377,40.45473907],[-3.53132377,40.45474907],[-3.53143377,40.45474907],[-3.53163378,40.45474907],[-3.53187379,40.45474907],[-3.53196379,40.45474907],[-3.53205379,40.45472907],[-3.53216379,40.45469906],[-3.5322538,40.45466906],[-3.5323738,40.45461906],[-3.5324938,40.45456906],[-3.53265381,40.45448906],[-3.53275381,40.45442906],[-3.53291381,40.45431905],[-3.53304382,40.45421905],[-3.53325382,40.45402904],[-3.53364383,40.45361903],[-3.53408385,40.45314902],[-3.53431385,40.45285901],[-3.53447386,40.452659],[-3.53461386,40.452479],[-3.53464386,40.452389],[-3.53466386,40.45225899],[-3.53465386,40.45213899],[-3.53463386,40.45202898],[-3.53458386,40.45189898],[-3.53453386,40.45178898],[-3.53445386,40.45167897],[-3.53426385,40.45143897],[-3.53398384,40.45108896],[-3.53363383,40.45068894],[-3.53353383,40.45055894],[-3.53341383,40.45035893],[-3.53329382,40.45010893],[-3.53316382,40.44979892],[-3.53305382,40.44953891],[-3.53287381,40.4491889],[-3.53264381,40.44881889],[-3.5324038,40.44837887],[-3.5322438,40.44810887],[-3.53205379,40.44780886],[-3.53189379,40.44759885],[-3.53163378,40.44730884],[-3.53142377,40.44708884],[-3.53164378,40.44699883],[-3.53165378,40.44699883],[-3.53305382,40.44664882],[-3.53362383,40.44657882],[-3.53392384,40.44655882],[-3.53416385,40.44655882],[-3.53439385,40.44656882],[-3.53468386,40.44659882],[-3.53500387,40.44665882],[-3.53530388,40.44672882],[-3.53643391,40.44703883],[-3.53702393,40.44717884],[-3.53760394,40.44728884],[-3.539664,40.44753885],[-3.54270408,40.44787886],[-3.5473042,40.44840887],[-3.5509243,40.44880889],[-3.55345437,40.4490989],[-3.55561443,40.4493189],[-3.55702446,40.44940891],[-3.5583045,40.44947891],[-3.56176459,40.44955891],[-3.56500468,40.44963891],[-3.5656947,40.44965891],[-3.57056483,40.44974892],[-3.57373492,40.44978892],[-3.57513495,40.44981892],[-3.57714501,40.44986892],[-3.57988508,40.44992892],[-3.58137512,40.44990892],[-3.58227515,40.44989892],[-3.58341518,40.44989892],[-3.58744529,40.44994892],[-3.59324544,40.45004892],[-3.59237542,40.45017893],[-3.5918554,40.45026893],[-3.59116539,40.45040894],[-3.59050537,40.45061894],[-3.59000535,40.45081895],[-3.58946534,40.45112896],[-3.58905533,40.45139897],[-3.58872532,40.45163897],[-3.5879853,40.45224899],[-3.5843952,40.45529908],[-3.58018509,40.45874919],[-3.57791503,40.46064924],[-3.57880505,40.46126926],[-3.57953507,40.46179928],[-3.5805651,40.4624793],[-3.58087511,40.46226929],[-3.58251515,40.46378934],[-3.58342518,40.46475937],[-3.58454521,40.46532939],[-3.58354518,40.46598941],[-3.58314517,40.46626941],[-3.58286516,40.46655942],[-3.58249515,40.46705944],[-3.58224514,40.46768946],[-3.58224514,40.46768946],[-3.58155513,40.46744945],[-3.58118512,40.46755945],[-3.58093511,40.46764946],[-3.5806651,40.46776946],[-3.5804551,40.46791946],[-3.58031509,40.46807947],[-3.57927506,40.46987952],[-3.57804503,40.47061955],[-3.576835,40.47160958],[-3.57637499,40.47141957],[-3.57613498,40.47133957],[-3.57601498,40.47132957],[-3.57582497,40.47134957],[-3.57554496,40.47138957],[-3.57527496,40.47146957],[-3.57462494,40.47164958],[-3.57436493,40.47281961],[-3.57425493,40.47335963],[-3.57422493,40.47356963],[-3.57421493,40.47377964],[-3.57421493,40.47396965],[-3.57423493,40.47416965],[-3.57429493,40.47446966],[-3.57436493,40.47466967],[-3.57446494,40.47486967],[-3.57458494,40.47506968],[-3.57469494,40.47522968],[-3.57503495,40.4756297],[-3.57617498,40.47670973],[-3.57783503,40.47819977],[-3.57831504,40.47856979],[-3.57850504,40.47869979],[-3.57875505,40.47885979],[-3.57913506,40.4790798],[-3.57946507,40.47922981],[-3.57979508,40.47935981],[-3.58012509,40.47946981],[-3.5805451,40.47957982],[-3.58096511,40.47967982],[-3.58144512,40.47975982],[-3.58189514,40.47979982],[-3.58288516,40.47984982],[-3.58406519,40.47986982],[-3.58620525,40.47986982],[-3.5916154,40.47984982],[-3.59722555,40.47982982],[-3.60176567,40.47982982],[-3.60178567,40.48104986],[-3.60175567,40.48257991],[-3.60170567,40.48435996],[-3.60171567,40.48501998],[-3.60174567,40.48543999],[-3.60175567,40.48616001],[-3.60175567,40.48665003],[-3.60178567,40.48736005],[-3.60182567,40.48791007],[-3.60186567,40.4889301],[-3.60187567,40.48930011],[-3.60187567,40.48955012],[-3.60187567,40.48972012],[-3.60187567,40.48981012],[-3.60187567,40.48991013],[-3.60187567,40.49014013],[-3.60187567,40.49037014],[-3.60186567,40.49058015],[-3.60185567,40.49088016],[-3.60184567,40.49127017],[-3.60184567,40.49132017],[-3.60183567,40.49174018],[-3.60179567,40.49287022],[-3.60178567,40.49336023],[-3.60178567,40.49352024],[-3.60178567,40.49367024],[-3.60178567,40.49399025],[-3.60177567,40.49460027],[-3.60178567,40.49495028],[-3.60179567,40.49521029],[-3.60180567,40.49592031],[-3.60182567,40.49638032],[-3.60184567,40.49687034],[-3.60187567,40.49737035],[-3.60189567,40.49781037],[-3.60190568,40.49820038],[-3.60191568,40.49870039],[-3.60192568,40.49936041],[-3.60192568,40.50039044],[-3.60190568,40.50146048]]]}},{"type":"Feature","properties":{"CODDIS":"21","NOMDIS":"Barajas","COD_BAR":"213","NOMBRE":"Casco Histórico de Barajas","COD_DIS_TX":"21","BARRIO_MAY":"CASCO HISTORICO DE BARAJAS","COD_DISBAR":"213","NUM_BAR":"3","BARRIO_MT":"CASCO HISTÓRICO DE BARAJAS","COD_DISB":"21-3","AREA":549393.997267},"geometry":{"type":"Polygon","coordinates":[[[-3.5805451,40.47957982],[-3.58012509,40.47946981],[-3.57979508,40.47935981],[-3.57946507,40.47922981],[-3.57913506,40.4790798],[-3.57875505,40.47885979],[-3.57850504,40.47869979],[-3.57831504,40.47856979],[-3.57783503,40.47819977],[-3.57617498,40.47670973],[-3.57503495,40.4756297],[-3.57469494,40.47522968],[-3.57458494,40.47506968],[-3.57446494,40.47486967],[-3.57436493,40.47466967],[-3.57429493,40.47446966],[-3.57423493,40.47416965],[-3.57421493,40.47396965],[-3.57421493,40.47377964],[-3.57422493,40.47356963],[-3.57425493,40.47335963],[-3.57436493,40.47281961],[-3.57462494,40.47164958],[-3.57527496,40.47146957],[-3.57554496,40.47138957],[-3.57582497,40.47134957],[-3.57601498,40.47132957],[-3.57613498,40.47133957],[-3.57637499,40.47141957],[-3.576835,40.47160958],[-3.57804503,40.47061955],[-3.57927506,40.46987952],[-3.58031509,40.46807947],[-3.5804551,40.46791946],[-3.5806651,40.46776946],[-3.58093511,40.46764946],[-3.58118512,40.46755945],[-3.58155513,40.46744945],[-3.58225515,40.46768946],[-3.58157513,40.46878949],[-3.58140512,40.4692595],[-3.58142512,40.46948951],[-3.58146512,40.46965952],[-3.58150512,40.47064955],[-3.58185513,40.4724996],[-3.58206514,40.47335963],[-3.58213514,40.47364964],[-3.58214514,40.47369964],[-3.58230515,40.47436966],[-3.58235515,40.47477967],[-3.58237515,40.47493968],[-3.58237515,40.47494968],[-3.58237515,40.47494968],[-3.58237515,40.47495968],[-3.58237515,40.47509968],[-3.58237515,40.47523969],[-3.58236515,40.47550969],[-3.58231515,40.4757397],[-3.58227515,40.47590971],[-3.58224514,40.47603971],[-3.58222514,40.47611971],[-3.58211514,40.47649972],[-3.58209514,40.47657973],[-3.58203514,40.47671973],[-3.58190514,40.47706974],[-3.58139512,40.47852978],[-3.58087511,40.47882979],[-3.5805651,40.4791898],[-3.5805551,40.47958982],[-3.5805451,40.47957982]]]}},{"type":"Feature","properties":{"CODDIS":"21","NOMDIS":"Barajas","COD_BAR":"214","NOMBRE":"Timón","COD_DIS_TX":"21","BARRIO_MAY":"TIMON","COD_DISBAR":"214","NUM_BAR":"4","BARRIO_MT":"TIMÓN","COD_DISB":"21-4","AREA":4798438.80038},"geometry":{"type":"Polygon","coordinates":[[[-3.5805551,40.47958982],[-3.5805651,40.4791898],[-3.58087511,40.47882979],[-3.58139512,40.47852978],[-3.58190514,40.47706974],[-3.58203514,40.47671973],[-3.58209514,40.47657973],[-3.58211514,40.47649972],[-3.58222514,40.47611971],[-3.58224514,40.47603971],[-3.58227515,40.47590971],[-3.58231515,40.4757397],[-3.58236515,40.47550969],[-3.58237515,40.47523969],[-3.58237515,40.47509968],[-3.58237515,40.47495968],[-3.58237515,40.47494968],[-3.58237515,40.47494968],[-3.58237515,40.47493968],[-3.58235515,40.47477967],[-3.58230515,40.47436966],[-3.58214514,40.47369964],[-3.58213514,40.47364964],[-3.58206514,40.47335963],[-3.58185513,40.4724996],[-3.58150512,40.47064955],[-3.58146512,40.46965952],[-3.58142512,40.46948951],[-3.58140512,40.4692595],[-3.58157513,40.46878949],[-3.58225515,40.46768946],[-3.58332517,40.46812947],[-3.58389519,40.46833948],[-3.5841652,40.46843948],[-3.5844052,40.46848948],[-3.58474521,40.46852948],[-3.58519522,40.46854948],[-3.58530523,40.46855948],[-3.58875532,40.46867949],[-3.59000535,40.46872949],[-3.59136539,40.46877949],[-3.59233542,40.46879949],[-3.59332544,40.46881949],[-3.59445547,40.46885949],[-3.59656553,40.4690095],[-3.59808557,40.4692095],[-3.5990556,40.46936951],[-3.59963561,40.46947951],[-3.60031563,40.46962952],[-3.60142566,40.46987952],[-3.60262569,40.47023953],[-3.60599579,40.47135957],[-3.60680581,40.47157957],[-3.60734582,40.47170958],[-3.60791584,40.47177958],[-3.60850585,40.47184958],[-3.60915587,40.47188958],[-3.61538604,40.47206959],[-3.61610606,40.47208959],[-3.61745609,40.47212959],[-3.61973616,40.47219959],[-3.62036617,40.47222959],[-3.62071618,40.47224959],[-3.62093619,40.4722596],[-3.62179621,40.4722996],[-3.62291624,40.4723496],[-3.62304625,40.4723696],[-3.62356626,40.4724496],[-3.62364626,40.4724596],[-3.62369626,40.4724696],[-3.62411627,40.4725396],[-3.62427628,40.47288961],[-3.62436628,40.47292962],[-3.62444628,40.47294962],[-3.62451628,40.47299962],[-3.62456629,40.47306962],[-3.62458629,40.47314962],[-3.62457629,40.47322962],[-3.62460629,40.47327963],[-3.62469629,40.47334963],[-3.62473629,40.47339963],[-3.62482629,40.47360964],[-3.62488629,40.47377964],[-3.6251063,40.47451966],[-3.6251463,40.47454966],[-3.6252163,40.47456966],[-3.6252563,40.47458967],[-3.62530631,40.47463967],[-3.62533631,40.47468967],[-3.62533631,40.47472967],[-3.62536631,40.47482967],[-3.62548631,40.47490968],[-3.62562631,40.47499968],[-3.62571632,40.47507968],[-3.62577632,40.47516968],[-3.62579632,40.47524969],[-3.62579632,40.47533969],[-3.62579632,40.47544969],[-3.62579632,40.47553969],[-3.62589632,40.47608971],[-3.62577632,40.47616971],[-3.62570632,40.47623972],[-3.62567632,40.47632972],[-3.62570632,40.47641972],[-3.62577632,40.47648972],[-3.62587632,40.47656973],[-3.62575632,40.47695974],[-3.62574632,40.47705974],[-3.62574632,40.47721974],[-3.62565632,40.48156988],[-3.62583632,40.4822299],[-3.61820611,40.4822699],[-3.6176461,40.48283991],[-3.61689608,40.48362994],[-3.61675608,40.48375994],[-3.61661607,40.48386995],[-3.61647607,40.48398995],[-3.61554604,40.48494998],[-3.61554604,40.48494998],[-3.61489603,40.48494998],[-3.61154594,40.48496998],[-3.60446574,40.48500998],[-3.60171567,40.48501998],[-3.60170567,40.48435996],[-3.60175567,40.48257991],[-3.60178567,40.48104986],[-3.60176567,40.47982982],[-3.59722555,40.47982982],[-3.5916154,40.47984982],[-3.58620525,40.47986982],[-3.58406519,40.47986982],[-3.58288516,40.47984982],[-3.58189514,40.47979982],[-3.58144512,40.47975982],[-3.58096511,40.47967982],[-3.5805451,40.47958982],[-3.5805551,40.47958982]]]}},{"type":"Feature","properties":{"CODDIS":"21","NOMDIS":"Barajas","COD_BAR":"215","NOMBRE":"Corralejos","COD_DIS_TX":"21","BARRIO_MAY":"CORRALEJOS","COD_DISBAR":"215","NUM_BAR":"5","BARRIO_MT":"CORRALEJOS","COD_DISB":"21-5","AREA":4672512.18469},"geometry":{"type":"Polygon","coordinates":[[[-3.60541577,40.45277901],[-3.60543577,40.45275901],[-3.60570578,40.45297901],[-3.60618579,40.45327902],[-3.6066258,40.45349903],[-3.60771583,40.45387904],[-3.60897587,40.45421905],[-3.61233596,40.45528908],[-3.613896,40.45615911],[-3.61738609,40.45814917],[-3.62024617,40.45974922],[-3.62092619,40.46014923],[-3.6215162,40.46058924],[-3.62217622,40.46121926],[-3.62275624,40.46184928],[-3.62342626,40.46266931],[-3.62767637,40.46812947],[-3.62796638,40.46847948],[-3.62444628,40.46869949],[-3.62452629,40.4690195],[-3.62457629,40.4691495],[-3.62461629,40.4692695],[-3.62465629,40.46941951],[-3.62467629,40.46953951],[-3.62469629,40.46968952],[-3.62470629,40.46980952],[-3.62470629,40.46991952],[-3.62470629,40.47003953],[-3.62469629,40.47014953],[-3.62468629,40.47022953],[-3.62466629,40.47033954],[-3.62463629,40.47047954],[-3.62459629,40.47059954],[-3.62455629,40.47071955],[-3.62450628,40.47084955],[-3.62443628,40.47099956],[-3.62437628,40.47112956],[-3.62428628,40.47126957],[-3.62421628,40.47137957],[-3.62413627,40.47147957],[-3.62407627,40.47155957],[-3.62385627,40.47181958],[-3.62399627,40.47219959],[-3.62412627,40.4725296],[-3.62369626,40.4724696],[-3.62364626,40.4724596],[-3.62356626,40.4724496],[-3.62304625,40.4723696],[-3.62291624,40.4723496],[-3.62179621,40.4722996],[-3.62093619,40.4722596],[-3.62071618,40.47224959],[-3.62036617,40.47222959],[-3.61973616,40.47219959],[-3.61745609,40.47212959],[-3.61610606,40.47208959],[-3.61538604,40.47206959],[-3.60915587,40.47188958],[-3.60850585,40.47184958],[-3.60791584,40.47177958],[-3.60734582,40.47170958],[-3.60680581,40.47157957],[-3.60599579,40.47135957],[-3.60262569,40.47023953],[-3.60142566,40.46987952],[-3.60031563,40.46962952],[-3.59963561,40.46947951],[-3.5990556,40.46936951],[-3.59808557,40.4692095],[-3.59656553,40.4690095],[-3.59445547,40.46885949],[-3.59332544,40.46881949],[-3.59233542,40.46879949],[-3.59136539,40.46877949],[-3.59000535,40.46872949],[-3.58875532,40.46867949],[-3.58530523,40.46855948],[-3.58519522,40.46854948],[-3.58474521,40.46852948],[-3.5844052,40.46848948],[-3.5841652,40.46843948],[-3.58389519,40.46833948],[-3.58332517,40.46812947],[-3.58225515,40.46768946],[-3.58224514,40.46768946],[-3.58249515,40.46705944],[-3.58286516,40.46655942],[-3.58314517,40.46626941],[-3.58354518,40.46598941],[-3.58454521,40.46532939],[-3.58840531,40.46269931],[-3.58964534,40.46207929],[-3.59020536,40.46183928],[-3.59257542,40.46078925],[-3.59325544,40.46047924],[-3.59427547,40.46011923],[-3.59747556,40.45869919],[-3.59980562,40.45762915],[-3.60081565,40.45687913],[-3.60354572,40.45445906],[-3.60466575,40.45337903],[-3.60541577,40.45277901]]]}}]}